[2026-10-05 03:48:07] This is codeql database create .codeql-local-evidence/core-db --language=python --source-root=/home/runner/work/Unitary-Manifold-/Unitary-Manifold- --codescanning-config=.codeql-local-evidence/core-config.yml --threads=1 --ram=2048
[2026-10-05 03:48:07] Log file was started late.
[2026-10-05 03:48:07] [PROGRESS] database create> Initializing database at /home/runner/work/Unitary-Manifold-/Unitary-Manifold-/.codeql-local-evidence/core-db.
[2026-10-05 03:48:07] Running plumbing command: codeql database init --codescanning-config=/home/runner/work/Unitary-Manifold-/Unitary-Manifold-/.codeql-local-evidence/core-config.yml --language=python --extractor-options-verbosity=1 --qlconfig-file=/home/runner/work/Unitary-Manifold-/Unitary-Manifold-/qlconfig.yml --source-root=/home/runner/work/Unitary-Manifold-/Unitary-Manifold- --allow-missing-source-root=false --allow-already-existing -- /home/runner/work/Unitary-Manifold-/Unitary-Manifold-/.codeql-local-evidence/core-db
[2026-10-05 03:48:07] Calling plumbing command: codeql resolve languages --extractor-options-verbosity=1 --format=betterjson
[2026-10-05 03:48:08] [DETAILS] resolve languages> Scanning for [codeql-extractor.yml] from /opt/hostedtoolcache/CodeQL/2.27.1/x64/codeql/.codeqlmanifest.json
[2026-10-05 03:48:08] [DETAILS] resolve languages> Parsing /opt/hostedtoolcache/CodeQL/2.27.1/x64/codeql/javascript/codeql-extractor.yml.
[2026-10-05 03:48:08] [DETAILS] resolve languages> Parsing /opt/hostedtoolcache/CodeQL/2.27.1/x64/codeql/go/codeql-extractor.yml.
[2026-10-05 03:48:08] [DETAILS] resolve languages> Parsing /opt/hostedtoolcache/CodeQL/2.27.1/x64/codeql/html/codeql-extractor.yml.
[2026-10-05 03:48:08] [DETAILS] resolve languages> Parsing /opt/hostedtoolcache/CodeQL/2.27.1/x64/codeql/csharp/codeql-extractor.yml.
[2026-10-05 03:48:08] [DETAILS] resolve languages> Parsing /opt/hostedtoolcache/CodeQL/2.27.1/x64/codeql/csv/codeql-extractor.yml.
[2026-10-05 03:48:08] [DETAILS] resolve languages> Parsing /opt/hostedtoolcache/CodeQL/2.27.1/x64/codeql/actions/codeql-extractor.yml.
[2026-10-05 03:48:08] [DETAILS] resolve languages> Parsing /opt/hostedtoolcache/CodeQL/2.27.1/x64/codeql/ruby/codeql-extractor.yml.
[2026-10-05 03:48:08] [DETAILS] resolve languages> Parsing /opt/hostedtoolcache/CodeQL/2.27.1/x64/codeql/yaml/codeql-extractor.yml.
[2026-10-05 03:48:08] [DETAILS] resolve languages> Parsing /opt/hostedtoolcache/CodeQL/2.27.1/x64/codeql/xml/codeql-extractor.yml.
[2026-10-05 03:48:08] [DETAILS] resolve languages> Parsing /opt/hostedtoolcache/CodeQL/2.27.1/x64/codeql/python/codeql-extractor.yml.
[2026-10-05 03:48:08] [DETAILS] resolve languages> Parsing /opt/hostedtoolcache/CodeQL/2.27.1/x64/codeql/cpp/codeql-extractor.yml.
[2026-10-05 03:48:08] [DETAILS] resolve languages> Parsing /opt/hostedtoolcache/CodeQL/2.27.1/x64/codeql/properties/codeql-extractor.yml.
[2026-10-05 03:48:08] [DETAILS] resolve languages> Parsing /opt/hostedtoolcache/CodeQL/2.27.1/x64/codeql/rust/codeql-extractor.yml.
[2026-10-05 03:48:08] [DETAILS] resolve languages> Parsing /opt/hostedtoolcache/CodeQL/2.27.1/x64/codeql/swift/codeql-extractor.yml.
[2026-10-05 03:48:08] [DETAILS] resolve languages> Parsing /opt/hostedtoolcache/CodeQL/2.27.1/x64/codeql/java/codeql-extractor.yml.
[2026-10-05 03:48:09] Plumbing command codeql resolve languages completed:
                      {
                        "aliases" : {
                          "c" : "cpp",
                          "c++" : "cpp",
                          "c-c++" : "cpp",
                          "c-cpp" : "cpp",
                          "c#" : "csharp",
                          "java-kotlin" : "java",
                          "kotlin" : "java",
                          "javascript-typescript" : "javascript",
                          "typescript" : "javascript"
                        },
                        "extractors" : {
                          "javascript" : [
                            {
                              "extractor_root" : "/opt/hostedtoolcache/CodeQL/2.27.1/x64/codeql/javascript",
                              "extractor_options" : {
                                "skip_types" : {
                                  "title" : "Skip type extraction for TypeScript",
                                  "description" : "Whether to skip the extraction of types in a TypeScript application",
                                  "type" : "string",
                                  "pattern" : "^(false|true)$"
                                }
                              }
                            }
                          ],
                          "go" : [
                            {
                              "extractor_root" : "/opt/hostedtoolcache/CodeQL/2.27.1/x64/codeql/go",
                              "extractor_options" : {
                                "extract_tests" : {
                                  "title" : "Whether to include Go test files in the CodeQL database.",
                                  "description" : "A value indicating whether Go test files should be included in the CodeQL database. The default is 'false'.\n",
                                  "type" : "string",
                                  "pattern" : "^(false|true)$"
                                },
                                "extract_vendor_dirs" : {
                                  "title" : "Whether to include Go vendor directories in the CodeQL database.",
                                  "description" : "A value indicating whether Go vendor directories should be included in the CodeQL database. The default is 'false'.\n",
                                  "type" : "string",
                                  "pattern" : "^(false|true)$"
                                }
                              }
                            }
                          ],
                          "html" : [
                            {
                              "extractor_root" : "/opt/hostedtoolcache/CodeQL/2.27.1/x64/codeql/html"
                            }
                          ],
                          "csharp" : [
                            {
                              "extractor_root" : "/opt/hostedtoolcache/CodeQL/2.27.1/x64/codeql/csharp",
                              "extractor_options" : {
                                "trap" : {
                                  "title" : "Options pertaining to TRAP.",
                                  "description" : "Options pertaining to TRAP.",
                                  "type" : "object",
                                  "properties" : {
                                    "compression" : {
                                      "title" : "Controls compression for the TRAP files written by the extractor.",
                                      "description" : "This option is only intended for use in debugging the extractor. Accepted values are 'brotli' (the default, to write brotli-compressed TRAP), 'gzip', and 'none' (to write uncompressed TRAP).\n",
                                      "type" : "string",
                                      "pattern" : "^(none|gzip|brotli)$"
                                    }
                                  }
                                },
                                "buildless" : {
                                  "title" : "DEPRECATED - Whether to use buildless (standalone) extraction.",
                                  "description" : "DEPRECATED: Use `--build-mode none` instead.\nA value indicating, which type of extraction the autobuilder should perform. If 'true', then the standalone extractor will be used, otherwise tracing extraction will be performed. The default is 'false'. Note that buildless extraction will generally yield less accurate analysis results, and should only be used in cases where it is not possible to build the code (for example if it uses inaccessible dependencies).\n",
                                  "type" : "string",
                                  "pattern" : "^(false|true)$"
                                },
                                "logging" : {
                                  "title" : "Options pertaining to logging.",
                                  "description" : "Options pertaining to logging.",
                                  "type" : "object",
                                  "properties" : {
                                    "verbosity" : {
                                      "title" : "Extractor logging verbosity level.",
                                      "description" : "Controls the level of verbosity of the extractor. The supported levels are (in order of increasing verbosity):\n  - off\n  - errors\n  - warnings\n  - info or progress\n  - debug or progress+\n  - trace or progress++\n  - progress+++\n",
                                      "type" : "string",
                                      "pattern" : "^(off|errors|warnings|(info|progress)|(debug|progress\\+)|(trace|progress\\+\\+)|progress\\+\\+\\+)$"
                                    }
                                  }
                                },
                                "binlog" : {
                                  "title" : "Binlog",
                                  "description" : "[EXPERIMENTAL] The value is a path to the MsBuild binary log file that should be extracted. This option only works when `--build-mode none` is also specified.\n",
                                  "type" : "array"
                                },
                                "buildless_dependency_dir" : {
                                  "title" : "The path where buildless (standalone) extraction should keep dependencies.",
                                  "description" : "If set, the buildless (standalone) extractor will store dependencies in this directory.\n",
                                  "type" : "string"
                                }
                              }
                            }
                          ],
                          "csv" : [
                            {
                              "extractor_root" : "/opt/hostedtoolcache/CodeQL/2.27.1/x64/codeql/csv"
                            }
                          ],
                          "actions" : [
                            {
                              "extractor_root" : "/opt/hostedtoolcache/CodeQL/2.27.1/x64/codeql/actions",
                              "extractor_options" : { }
                            }
                          ],
                          "ruby" : [
                            {
                              "extractor_root" : "/opt/hostedtoolcache/CodeQL/2.27.1/x64/codeql/ruby",
                              "extractor_options" : {
                                "trap" : {
                                  "title" : "Options pertaining to TRAP.",
                                  "description" : "Options pertaining to TRAP.",
                                  "type" : "object",
                                  "properties" : {
                                    "compression" : {
                                      "title" : "Controls compression for the TRAP files written by the extractor.",
                                      "description" : "This option is only intended for use in debugging the extractor. Accepted values are 'gzip' (the default, to write gzip-compressed TRAP) 'zstd' (to write Zstandard-compressed TRAP) and 'none' (to write uncompressed TRAP).\n",
                                      "type" : "string",
                                      "pattern" : "^(none|gzip|zstd)$"
                                    }
                                  }
                                }
                              }
                            }
                          ],
                          "yaml" : [
                            {
                              "extractor_root" : "/opt/hostedtoolcache/CodeQL/2.27.1/x64/codeql/yaml"
                            }
                          ],
                          "xml" : [
                            {
                              "extractor_root" : "/opt/hostedtoolcache/CodeQL/2.27.1/x64/codeql/xml"
                            }
                          ],
                          "python" : [
                            {
                              "extractor_root" : "/opt/hostedtoolcache/CodeQL/2.27.1/x64/codeql/python",
                              "extractor_options" : {
                                "logging" : {
                                  "title" : "Options pertaining to logging.",
                                  "description" : "Options pertaining to logging.",
                                  "type" : "object",
                                  "properties" : {
                                    "verbosity" : {
                                      "title" : "Python extractor logging verbosity level.",
                                      "description" : "Controls the level of verbosity of the CodeQL Python extractor.\nThe supported levels are (in order of increasing verbosity):\n\n  - off\n  - errors\n  - warnings\n  - info or progress\n  - debug or progress+\n  - trace or progress++\n  - progress+++\n",
                                      "type" : "string",
                                      "pattern" : "^(off|errors|warnings|(info|progress)|(debug|progress\\+)|(trace|progress\\+\\+)|progress\\+\\+\\+)$"
                                    }
                                  }
                                },
                                "python_executable_name" : {
                                  "title" : "Controls the name of the Python executable used by the Python extractor.",
                                  "description" : "The Python extractor uses platform-dependent heuristics to determine the name of the Python executable to use. Specifying a value for this option overrides the name of the Python executable used by the extractor. Accepted values are py, python and python3. Use this setting with caution, the Python extractor requires Python 3 to run.\n",
                                  "type" : "string",
                                  "pattern" : "^(py|python|python3)$"
                                }
                              }
                            }
                          ],
                          "cpp" : [
                            {
                              "extractor_root" : "/opt/hostedtoolcache/CodeQL/2.27.1/x64/codeql/cpp",
                              "extractor_options" : {
                                "scale_timeouts" : {
                                  "title" : "Value to scale compiler introspection timeouts with",
                                  "description" : "The extractor attempts to determine what compiler the source code being extracted is compiled with. To this end the extractor makes additional calls to the compiler, some of which are expected to return within a certain fixed time (either 10s or 15s). On some systems that are under high load this time might be too short, and can be scaled up using this option.\n",
                                  "type" : "string",
                                  "pattern" : "[0-9]+"
                                },
                                "log_verbosity" : {
                                  "title" : "Verbosity of the extractor logging",
                                  "description" : "Set the verbosity of the extractor logging to 'quiet' (0), 'normal' (1), 'chatty' (2), or 'noisy' (3). The default is 'normal'.\n",
                                  "type" : "string",
                                  "pattern" : "[0-3]"
                                }
                              }
                            }
                          ],
                          "properties" : [
                            {
                              "extractor_root" : "/opt/hostedtoolcache/CodeQL/2.27.1/x64/codeql/properties"
                            }
                          ],
                          "rust" : [
                            {
                              "extractor_root" : "/opt/hostedtoolcache/CodeQL/2.27.1/x64/codeql/rust",
                              "extractor_options" : {
                                "trap" : {
                                  "title" : "Options pertaining to TRAP.",
                                  "description" : "Options pertaining to TRAP.",
                                  "type" : "object",
                                  "properties" : {
                                    "compression" : {
                                      "title" : "Controls compression for the TRAP files written by the extractor.",
                                      "description" : "This option is only intended for use in debugging the extractor. Accepted values are 'gzip' (to write gzip-compressed TRAP) 'zstd' (the default, to write Zstandard-compressed TRAP) and 'none' (to write uncompressed TRAP).\n",
                                      "type" : "string",
                                      "pattern" : "^(none|gzip|zstd)$"
                                    }
                                  }
                                },
                                "cargo_target_dir" : {
                                  "title" : "Directory to use for cargo output files.",
                                  "description" : "This value is an optional path to use as `CARGO_TARGET_DIR` for the internal cargo commands the extractor uses. Pointing it to a persistent directory may reduce execution time of consecutive extractor runs. By default, a new scratch directory is used for each extraction, while qltests use the test's `target` directory so artifacts can be reused across runs.\n",
                                  "type" : "string"
                                },
                                "cargo_target" : {
                                  "title" : "Target architecture",
                                  "description" : "Target architecture to use for analysis, analogous to `cargo --target`. By default the host architecture is used.\n",
                                  "type" : "string"
                                },
                                "cargo_features" : {
                                  "title" : "Cargo features to turn on",
                                  "description" : "Comma-separated list of features to turn on. By default all features are enabled. If any features are specified, then only those features are enabled. The `default` feature must be explicitly specified if only default features are desired. Can be repeated.\n",
                                  "type" : "array"
                                },
                                "cargo_cfg_overrides" : {
                                  "title" : "Cargo cfg overrides",
                                  "description" : "Comma-separated list of cfg settings to enable, or disable if prefixed with `-`. Can be repeated.\n",
                                  "type" : "array"
                                },
                                "logging" : {
                                  "title" : "Options pertaining to logging.",
                                  "description" : "Options pertaining to logging.",
                                  "type" : "object",
                                  "properties" : {
                                    "verbosity" : {
                                      "title" : "Extractor logging verbosity level.",
                                      "description" : "Controls the level of verbosity of the extractor. The supported levels are (in order of increasing verbosity):\n  - off\n  - errors\n  - warnings\n  - info or progress\n  - debug or progress+\n  - trace or progress++\n  - progress+++\n",
                                      "type" : "string",
                                      "pattern" : "^(off|errors|warnings|(info|progress)|(debug|progress\\+)|(trace|progress\\+\\+)|progress\\+\\+\\+)$"
                                    },
                                    "flamegraph" : {
                                      "title" : "[Experimental] File path for write flame graph log",
                                      "description" : "Collect flame graph data using the `tracing-flame` crate. To render a flame graph or chart, run the `inferno-flamegraph` command. See also: https://crates.io/crates/tracing-flame\n",
                                      "type" : "string"
                                    }
                                  }
                                },
                                "extract_dependencies_as_source" : {
                                  "title" : "Extract dependencies as source code",
                                  "description" : "Extract the full source code of dependencies instead of only extracting signatures.\n",
                                  "type" : "string",
                                  "pattern" : "^(false|true)$"
                                }
                              }
                            }
                          ],
                          "swift" : [
                            {
                              "extractor_root" : "/opt/hostedtoolcache/CodeQL/2.27.1/x64/codeql/swift"
                            }
                          ],
                          "java" : [
                            {
                              "extractor_root" : "/opt/hostedtoolcache/CodeQL/2.27.1/x64/codeql/java",
                              "extractor_options" : {
                                "exclude" : {
                                  "title" : "A glob excluding files from analysis.",
                                  "description" : "A glob indicating what files to exclude from the analysis. This accepts glob patterns that are supported by Java's 'getPathMatcher' implementation.\n",
                                  "type" : "string"
                                },
                                "add_prefer_source" : {
                                  "title" : "Whether to always prefer source files over class files.",
                                  "description" : "A value indicating whether source files should be preferred over class files. If set to 'true', the extraction adds '-Xprefer:source' to the javac command line. If set to 'false', the extraction uses the default javac behavior ('-Xprefer:newer'). The default is 'true'.\n",
                                  "type" : "string",
                                  "pattern" : "^(false|true)$"
                                },
                                "buildless" : {
                                  "title" : "Whether to use buildless (standalone) extraction (experimental).",
                                  "description" : "A value indicating, which type of extraction the autobuilder should perform. If 'true', then the standalone extractor will be used, otherwise tracing extraction will be performed. The default is 'false'. Note that buildless extraction will generally yield less accurate analysis results, and should only be used in cases where it is not possible to build the code (for example if it uses inaccessible dependencies).\n",
                                  "type" : "string",
                                  "pattern" : "^(false|true)$"
                                },
                                "buildless_dependency_dir" : {
                                  "title" : "The path where buildless (standalone) extraction should keep dependencies.",
                                  "description" : "If set, the buildless (standalone) extractor will store dependencies in this directory.\n",
                                  "type" : "string"
                                },
                                "minimize_dependency_jars" : {
                                  "title" : "Whether to rewrite and minimize downloaded JAR dependencies (experimental).",
                                  "description" : "If 'true', JAR dependencies downloaded during extraction will be rewritten to remove unneeded data, such as method bodies. The default is 'false'.\n",
                                  "type" : "string",
                                  "pattern" : "^(false|true)$"
                                }
                              }
                            }
                          ]
                        }
                      }
[2026-10-05 03:48:09] Calling plumbing command: codeql database process-config --source-root /home/runner/work/Unitary-Manifold-/Unitary-Manifold- --codescanning-config=/home/runner/work/Unitary-Manifold-/Unitary-Manifold-/.codeql-local-evidence/core-config.yml --language=python --extractor-options-verbosity=1 --qlconfig-file=/home/runner/work/Unitary-Manifold-/Unitary-Manifold-/qlconfig.yml /home/runner/work/Unitary-Manifold-/Unitary-Manifold-/.codeql-local-evidence/core-db
[2026-10-05 03:48:09] Calling plumbing command: codeql resolve languages --format=betterjson
[2026-10-05 03:48:09] [DETAILS] resolve languages> Scanning for [codeql-extractor.yml] from /opt/hostedtoolcache/CodeQL/2.27.1/x64/codeql/.codeqlmanifest.json
[2026-10-05 03:48:09] [DETAILS] resolve languages> Parsing /opt/hostedtoolcache/CodeQL/2.27.1/x64/codeql/javascript/codeql-extractor.yml.
[2026-10-05 03:48:09] [DETAILS] resolve languages> Parsing /opt/hostedtoolcache/CodeQL/2.27.1/x64/codeql/go/codeql-extractor.yml.
[2026-10-05 03:48:09] [DETAILS] resolve languages> Parsing /opt/hostedtoolcache/CodeQL/2.27.1/x64/codeql/html/codeql-extractor.yml.
[2026-10-05 03:48:09] [DETAILS] resolve languages> Parsing /opt/hostedtoolcache/CodeQL/2.27.1/x64/codeql/csharp/codeql-extractor.yml.
[2026-10-05 03:48:09] [DETAILS] resolve languages> Parsing /opt/hostedtoolcache/CodeQL/2.27.1/x64/codeql/csv/codeql-extractor.yml.
[2026-10-05 03:48:09] [DETAILS] resolve languages> Parsing /opt/hostedtoolcache/CodeQL/2.27.1/x64/codeql/actions/codeql-extractor.yml.
[2026-10-05 03:48:09] [DETAILS] resolve languages> Parsing /opt/hostedtoolcache/CodeQL/2.27.1/x64/codeql/ruby/codeql-extractor.yml.
[2026-10-05 03:48:09] [DETAILS] resolve languages> Parsing /opt/hostedtoolcache/CodeQL/2.27.1/x64/codeql/yaml/codeql-extractor.yml.
[2026-10-05 03:48:09] [DETAILS] resolve languages> Parsing /opt/hostedtoolcache/CodeQL/2.27.1/x64/codeql/xml/codeql-extractor.yml.
[2026-10-05 03:48:09] [DETAILS] resolve languages> Parsing /opt/hostedtoolcache/CodeQL/2.27.1/x64/codeql/python/codeql-extractor.yml.
[2026-10-05 03:48:09] [DETAILS] resolve languages> Parsing /opt/hostedtoolcache/CodeQL/2.27.1/x64/codeql/cpp/codeql-extractor.yml.
[2026-10-05 03:48:09] [DETAILS] resolve languages> Parsing /opt/hostedtoolcache/CodeQL/2.27.1/x64/codeql/properties/codeql-extractor.yml.
[2026-10-05 03:48:09] [DETAILS] resolve languages> Parsing /opt/hostedtoolcache/CodeQL/2.27.1/x64/codeql/rust/codeql-extractor.yml.
[2026-10-05 03:48:09] [DETAILS] resolve languages> Parsing /opt/hostedtoolcache/CodeQL/2.27.1/x64/codeql/swift/codeql-extractor.yml.
[2026-10-05 03:48:09] [DETAILS] resolve languages> Parsing /opt/hostedtoolcache/CodeQL/2.27.1/x64/codeql/java/codeql-extractor.yml.
[2026-10-05 03:48:09] Plumbing command codeql resolve languages completed:
                      {
                        "aliases" : {
                          "c" : "cpp",
                          "c++" : "cpp",
                          "c-c++" : "cpp",
                          "c-cpp" : "cpp",
                          "c#" : "csharp",
                          "java-kotlin" : "java",
                          "kotlin" : "java",
                          "javascript-typescript" : "javascript",
                          "typescript" : "javascript"
                        },
                        "extractors" : {
                          "javascript" : [
                            {
                              "extractor_root" : "/opt/hostedtoolcache/CodeQL/2.27.1/x64/codeql/javascript",
                              "extractor_options" : {
                                "skip_types" : {
                                  "title" : "Skip type extraction for TypeScript",
                                  "description" : "Whether to skip the extraction of types in a TypeScript application",
                                  "type" : "string",
                                  "pattern" : "^(false|true)$"
                                }
                              }
                            }
                          ],
                          "go" : [
                            {
                              "extractor_root" : "/opt/hostedtoolcache/CodeQL/2.27.1/x64/codeql/go",
                              "extractor_options" : {
                                "extract_tests" : {
                                  "title" : "Whether to include Go test files in the CodeQL database.",
                                  "description" : "A value indicating whether Go test files should be included in the CodeQL database. The default is 'false'.\n",
                                  "type" : "string",
                                  "pattern" : "^(false|true)$"
                                },
                                "extract_vendor_dirs" : {
                                  "title" : "Whether to include Go vendor directories in the CodeQL database.",
                                  "description" : "A value indicating whether Go vendor directories should be included in the CodeQL database. The default is 'false'.\n",
                                  "type" : "string",
                                  "pattern" : "^(false|true)$"
                                }
                              }
                            }
                          ],
                          "html" : [
                            {
                              "extractor_root" : "/opt/hostedtoolcache/CodeQL/2.27.1/x64/codeql/html"
                            }
                          ],
                          "csharp" : [
                            {
                              "extractor_root" : "/opt/hostedtoolcache/CodeQL/2.27.1/x64/codeql/csharp",
                              "extractor_options" : {
                                "trap" : {
                                  "title" : "Options pertaining to TRAP.",
                                  "description" : "Options pertaining to TRAP.",
                                  "type" : "object",
                                  "properties" : {
                                    "compression" : {
                                      "title" : "Controls compression for the TRAP files written by the extractor.",
                                      "description" : "This option is only intended for use in debugging the extractor. Accepted values are 'brotli' (the default, to write brotli-compressed TRAP), 'gzip', and 'none' (to write uncompressed TRAP).\n",
                                      "type" : "string",
                                      "pattern" : "^(none|gzip|brotli)$"
                                    }
                                  }
                                },
                                "buildless" : {
                                  "title" : "DEPRECATED - Whether to use buildless (standalone) extraction.",
                                  "description" : "DEPRECATED: Use `--build-mode none` instead.\nA value indicating, which type of extraction the autobuilder should perform. If 'true', then the standalone extractor will be used, otherwise tracing extraction will be performed. The default is 'false'. Note that buildless extraction will generally yield less accurate analysis results, and should only be used in cases where it is not possible to build the code (for example if it uses inaccessible dependencies).\n",
                                  "type" : "string",
                                  "pattern" : "^(false|true)$"
                                },
                                "logging" : {
                                  "title" : "Options pertaining to logging.",
                                  "description" : "Options pertaining to logging.",
                                  "type" : "object",
                                  "properties" : {
                                    "verbosity" : {
                                      "title" : "Extractor logging verbosity level.",
                                      "description" : "Controls the level of verbosity of the extractor. The supported levels are (in order of increasing verbosity):\n  - off\n  - errors\n  - warnings\n  - info or progress\n  - debug or progress+\n  - trace or progress++\n  - progress+++\n",
                                      "type" : "string",
                                      "pattern" : "^(off|errors|warnings|(info|progress)|(debug|progress\\+)|(trace|progress\\+\\+)|progress\\+\\+\\+)$"
                                    }
                                  }
                                },
                                "binlog" : {
                                  "title" : "Binlog",
                                  "description" : "[EXPERIMENTAL] The value is a path to the MsBuild binary log file that should be extracted. This option only works when `--build-mode none` is also specified.\n",
                                  "type" : "array"
                                },
                                "buildless_dependency_dir" : {
                                  "title" : "The path where buildless (standalone) extraction should keep dependencies.",
                                  "description" : "If set, the buildless (standalone) extractor will store dependencies in this directory.\n",
                                  "type" : "string"
                                }
                              }
                            }
                          ],
                          "csv" : [
                            {
                              "extractor_root" : "/opt/hostedtoolcache/CodeQL/2.27.1/x64/codeql/csv"
                            }
                          ],
                          "actions" : [
                            {
                              "extractor_root" : "/opt/hostedtoolcache/CodeQL/2.27.1/x64/codeql/actions",
                              "extractor_options" : { }
                            }
                          ],
                          "ruby" : [
                            {
                              "extractor_root" : "/opt/hostedtoolcache/CodeQL/2.27.1/x64/codeql/ruby",
                              "extractor_options" : {
                                "trap" : {
                                  "title" : "Options pertaining to TRAP.",
                                  "description" : "Options pertaining to TRAP.",
                                  "type" : "object",
                                  "properties" : {
                                    "compression" : {
                                      "title" : "Controls compression for the TRAP files written by the extractor.",
                                      "description" : "This option is only intended for use in debugging the extractor. Accepted values are 'gzip' (the default, to write gzip-compressed TRAP) 'zstd' (to write Zstandard-compressed TRAP) and 'none' (to write uncompressed TRAP).\n",
                                      "type" : "string",
                                      "pattern" : "^(none|gzip|zstd)$"
                                    }
                                  }
                                }
                              }
                            }
                          ],
                          "yaml" : [
                            {
                              "extractor_root" : "/opt/hostedtoolcache/CodeQL/2.27.1/x64/codeql/yaml"
                            }
                          ],
                          "xml" : [
                            {
                              "extractor_root" : "/opt/hostedtoolcache/CodeQL/2.27.1/x64/codeql/xml"
                            }
                          ],
                          "python" : [
                            {
                              "extractor_root" : "/opt/hostedtoolcache/CodeQL/2.27.1/x64/codeql/python",
                              "extractor_options" : {
                                "logging" : {
                                  "title" : "Options pertaining to logging.",
                                  "description" : "Options pertaining to logging.",
                                  "type" : "object",
                                  "properties" : {
                                    "verbosity" : {
                                      "title" : "Python extractor logging verbosity level.",
                                      "description" : "Controls the level of verbosity of the CodeQL Python extractor.\nThe supported levels are (in order of increasing verbosity):\n\n  - off\n  - errors\n  - warnings\n  - info or progress\n  - debug or progress+\n  - trace or progress++\n  - progress+++\n",
                                      "type" : "string",
                                      "pattern" : "^(off|errors|warnings|(info|progress)|(debug|progress\\+)|(trace|progress\\+\\+)|progress\\+\\+\\+)$"
                                    }
                                  }
                                },
                                "python_executable_name" : {
                                  "title" : "Controls the name of the Python executable used by the Python extractor.",
                                  "description" : "The Python extractor uses platform-dependent heuristics to determine the name of the Python executable to use. Specifying a value for this option overrides the name of the Python executable used by the extractor. Accepted values are py, python and python3. Use this setting with caution, the Python extractor requires Python 3 to run.\n",
                                  "type" : "string",
                                  "pattern" : "^(py|python|python3)$"
                                }
                              }
                            }
                          ],
                          "cpp" : [
                            {
                              "extractor_root" : "/opt/hostedtoolcache/CodeQL/2.27.1/x64/codeql/cpp",
                              "extractor_options" : {
                                "scale_timeouts" : {
                                  "title" : "Value to scale compiler introspection timeouts with",
                                  "description" : "The extractor attempts to determine what compiler the source code being extracted is compiled with. To this end the extractor makes additional calls to the compiler, some of which are expected to return within a certain fixed time (either 10s or 15s). On some systems that are under high load this time might be too short, and can be scaled up using this option.\n",
                                  "type" : "string",
                                  "pattern" : "[0-9]+"
                                },
                                "log_verbosity" : {
                                  "title" : "Verbosity of the extractor logging",
                                  "description" : "Set the verbosity of the extractor logging to 'quiet' (0), 'normal' (1), 'chatty' (2), or 'noisy' (3). The default is 'normal'.\n",
                                  "type" : "string",
                                  "pattern" : "[0-3]"
                                }
                              }
                            }
                          ],
                          "properties" : [
                            {
                              "extractor_root" : "/opt/hostedtoolcache/CodeQL/2.27.1/x64/codeql/properties"
                            }
                          ],
                          "rust" : [
                            {
                              "extractor_root" : "/opt/hostedtoolcache/CodeQL/2.27.1/x64/codeql/rust",
                              "extractor_options" : {
                                "trap" : {
                                  "title" : "Options pertaining to TRAP.",
                                  "description" : "Options pertaining to TRAP.",
                                  "type" : "object",
                                  "properties" : {
                                    "compression" : {
                                      "title" : "Controls compression for the TRAP files written by the extractor.",
                                      "description" : "This option is only intended for use in debugging the extractor. Accepted values are 'gzip' (to write gzip-compressed TRAP) 'zstd' (the default, to write Zstandard-compressed TRAP) and 'none' (to write uncompressed TRAP).\n",
                                      "type" : "string",
                                      "pattern" : "^(none|gzip|zstd)$"
                                    }
                                  }
                                },
                                "cargo_target_dir" : {
                                  "title" : "Directory to use for cargo output files.",
                                  "description" : "This value is an optional path to use as `CARGO_TARGET_DIR` for the internal cargo commands the extractor uses. Pointing it to a persistent directory may reduce execution time of consecutive extractor runs. By default, a new scratch directory is used for each extraction, while qltests use the test's `target` directory so artifacts can be reused across runs.\n",
                                  "type" : "string"
                                },
                                "cargo_target" : {
                                  "title" : "Target architecture",
                                  "description" : "Target architecture to use for analysis, analogous to `cargo --target`. By default the host architecture is used.\n",
                                  "type" : "string"
                                },
                                "cargo_features" : {
                                  "title" : "Cargo features to turn on",
                                  "description" : "Comma-separated list of features to turn on. By default all features are enabled. If any features are specified, then only those features are enabled. The `default` feature must be explicitly specified if only default features are desired. Can be repeated.\n",
                                  "type" : "array"
                                },
                                "cargo_cfg_overrides" : {
                                  "title" : "Cargo cfg overrides",
                                  "description" : "Comma-separated list of cfg settings to enable, or disable if prefixed with `-`. Can be repeated.\n",
                                  "type" : "array"
                                },
                                "logging" : {
                                  "title" : "Options pertaining to logging.",
                                  "description" : "Options pertaining to logging.",
                                  "type" : "object",
                                  "properties" : {
                                    "verbosity" : {
                                      "title" : "Extractor logging verbosity level.",
                                      "description" : "Controls the level of verbosity of the extractor. The supported levels are (in order of increasing verbosity):\n  - off\n  - errors\n  - warnings\n  - info or progress\n  - debug or progress+\n  - trace or progress++\n  - progress+++\n",
                                      "type" : "string",
                                      "pattern" : "^(off|errors|warnings|(info|progress)|(debug|progress\\+)|(trace|progress\\+\\+)|progress\\+\\+\\+)$"
                                    },
                                    "flamegraph" : {
                                      "title" : "[Experimental] File path for write flame graph log",
                                      "description" : "Collect flame graph data using the `tracing-flame` crate. To render a flame graph or chart, run the `inferno-flamegraph` command. See also: https://crates.io/crates/tracing-flame\n",
                                      "type" : "string"
                                    }
                                  }
                                },
                                "extract_dependencies_as_source" : {
                                  "title" : "Extract dependencies as source code",
                                  "description" : "Extract the full source code of dependencies instead of only extracting signatures.\n",
                                  "type" : "string",
                                  "pattern" : "^(false|true)$"
                                }
                              }
                            }
                          ],
                          "swift" : [
                            {
                              "extractor_root" : "/opt/hostedtoolcache/CodeQL/2.27.1/x64/codeql/swift"
                            }
                          ],
                          "java" : [
                            {
                              "extractor_root" : "/opt/hostedtoolcache/CodeQL/2.27.1/x64/codeql/java",
                              "extractor_options" : {
                                "exclude" : {
                                  "title" : "A glob excluding files from analysis.",
                                  "description" : "A glob indicating what files to exclude from the analysis. This accepts glob patterns that are supported by Java's 'getPathMatcher' implementation.\n",
                                  "type" : "string"
                                },
                                "add_prefer_source" : {
                                  "title" : "Whether to always prefer source files over class files.",
                                  "description" : "A value indicating whether source files should be preferred over class files. If set to 'true', the extraction adds '-Xprefer:source' to the javac command line. If set to 'false', the extraction uses the default javac behavior ('-Xprefer:newer'). The default is 'true'.\n",
                                  "type" : "string",
                                  "pattern" : "^(false|true)$"
                                },
                                "buildless" : {
                                  "title" : "Whether to use buildless (standalone) extraction (experimental).",
                                  "description" : "A value indicating, which type of extraction the autobuilder should perform. If 'true', then the standalone extractor will be used, otherwise tracing extraction will be performed. The default is 'false'. Note that buildless extraction will generally yield less accurate analysis results, and should only be used in cases where it is not possible to build the code (for example if it uses inaccessible dependencies).\n",
                                  "type" : "string",
                                  "pattern" : "^(false|true)$"
                                },
                                "buildless_dependency_dir" : {
                                  "title" : "The path where buildless (standalone) extraction should keep dependencies.",
                                  "description" : "If set, the buildless (standalone) extractor will store dependencies in this directory.\n",
                                  "type" : "string"
                                },
                                "minimize_dependency_jars" : {
                                  "title" : "Whether to rewrite and minimize downloaded JAR dependencies (experimental).",
                                  "description" : "If 'true', JAR dependencies downloaded during extraction will be rewritten to remove unneeded data, such as method bodies. The default is 'false'.\n",
                                  "type" : "string",
                                  "pattern" : "^(false|true)$"
                                }
                              }
                            }
                          ]
                        }
                      }
[2026-10-05 03:48:09] [SPAMMY] database process-config> Downloading packs: codeql/python-queries
[2026-10-05 03:48:09] Running plumbing command: codeql pack download --qlconfig-file=/home/runner/work/Unitary-Manifold-/Unitary-Manifold-/qlconfig.yml codeql/python-queries
[2026-10-05 03:48:09] [PROGRESS] pack download> Package specifications to check for download: codeql/python-queries
[2026-10-05 03:48:09] Calling plumbing command: codeql resolve queries --qlconfig-file=/home/runner/work/Unitary-Manifold-/Unitary-Manifold-/qlconfig.yml --format installedpacks codeql/python-queries
[2026-10-05 03:48:10] [PROGRESS] resolve queries> Recording pack reference codeql/python-queries at /opt/hostedtoolcache/CodeQL/2.27.1/x64/codeql/qlpacks/codeql/python-queries/1.8.11.
[2026-10-05 03:48:10] Plumbing command codeql resolve queries completed:
                      {
                        "installedPacks" : [ ]
                      }
[2026-10-05 03:48:10] [PROGRESS] pack download> Did not need to download any packs.
[2026-10-05 03:48:10] Plumbing command codeql pack download completed.
[2026-10-05 03:48:10] Calling plumbing command: codeql resolve queries --format bylanguage --qlconfig-file=/home/runner/work/Unitary-Manifold-/Unitary-Manifold-/qlconfig.yml codeql/python-queries
[2026-10-05 03:48:10] [PROGRESS] resolve queries> Recording pack reference codeql/python-queries at /opt/hostedtoolcache/CodeQL/2.27.1/x64/codeql/qlpacks/codeql/python-queries/1.8.11.
[2026-10-05 03:48:10] [SPAMMIER] resolve queries> Resolution instruction: qlpack codeql/python-queries
[2026-10-05 03:48:10] [SPAMMY] resolve queries> Resolving default query suite of codeql/python-queries.
[2026-10-05 03:48:10] [SPAMMY] resolve queries> Suite description = Standard Code Scanning queries for Python
[2026-10-05 03:48:10] [SPAMMIER] resolve queries> Resolution instruction: queries '.'.
[2026-10-05 03:48:10] [SPAMMY] resolve queries> Scanning for QL files at /opt/hostedtoolcache/CodeQL/2.27.1/x64/codeql/qlpacks/codeql/python-queries/1.8.11.
[2026-10-05 03:48:10] [SPAMMY] resolve queries> Not recursing into codeql binaries directory /opt/hostedtoolcache/CodeQL/2.27.1/x64/codeql/qlpacks/codeql/python-queries/1.8.11/.codeql.
[2026-10-05 03:48:10] [SPAMMY] resolve queries> Found 352 QL files in /opt/hostedtoolcache/CodeQL/2.27.1/x64/codeql/qlpacks/codeql/python-queries/1.8.11.
[2026-10-05 03:48:10] [SPAMMIER] resolve queries> Resolution instruction: apply 'code-scanning-selectors.yml'.
[2026-10-05 03:48:10] [INCOMPATIBILITY] codeql/python-queries: not 1.8.11 {root: codeql/python-queries@1.8.11}
[2026-10-05 03:48:10] [DERIVATION] codeql/python-queries: 1.8.11 {codeql/python-queries: not 1.8.11 {root: codeql/python-queries@1.8.11}}
[2026-10-05 03:48:10] [INCOMPATIBILITY] codeql/python-queries: * [*], codeql/python-all: not * [*] {dependency: codeql/python-queries@* [*] requires codeql/python-all@7.2.6}
[2026-10-05 03:48:10] [INCOMPATIBILITY] codeql/python-queries: * [*], codeql/suite-helpers: not * [*] {dependency: codeql/python-queries@* [*] requires codeql/suite-helpers@1.0.58}
[2026-10-05 03:48:10] [DECISION 1] codeql/python-queries: 1.8.11
[2026-10-05 03:48:10] [DERIVATION] codeql/suite-helpers: * [*] {codeql/python-queries: * [*], codeql/suite-helpers: not * [*] {dependency: codeql/python-queries@* [*] requires codeql/suite-helpers@1.0.58}}
[2026-10-05 03:48:10] [DERIVATION] codeql/python-all: * [*] {codeql/python-queries: * [*], codeql/python-all: not * [*] {dependency: codeql/python-queries@* [*] requires codeql/python-all@7.2.6}}
[2026-10-05 03:48:10] [INCOMPATIBILITY] codeql/python-all: * [*], codeql/concepts: not * [*] {dependency: codeql/python-all@* [*] requires codeql/concepts@0.0.32}
[2026-10-05 03:48:10] [INCOMPATIBILITY] codeql/python-all: * [*], codeql/dataflow: not * [*] {dependency: codeql/python-all@* [*] requires codeql/dataflow@2.1.14}
[2026-10-05 03:48:10] [INCOMPATIBILITY] codeql/python-all: * [*], codeql/mad: not * [*] {dependency: codeql/python-all@* [*] requires codeql/mad@1.0.58}
[2026-10-05 03:48:10] [INCOMPATIBILITY] codeql/python-all: * [*], codeql/regex: not * [*] {dependency: codeql/python-all@* [*] requires codeql/regex@1.0.58}
[2026-10-05 03:48:10] [INCOMPATIBILITY] codeql/python-all: * [*], codeql/threat-models: not * [*] {dependency: codeql/python-all@* [*] requires codeql/threat-models@1.0.58}
[2026-10-05 03:48:10] [INCOMPATIBILITY] codeql/python-all: * [*], codeql/tutorial: not * [*] {dependency: codeql/python-all@* [*] requires codeql/tutorial@1.0.58}
[2026-10-05 03:48:10] [INCOMPATIBILITY] codeql/python-all: * [*], codeql/util: not * [*] {dependency: codeql/python-all@* [*] requires codeql/util@2.0.45}
[2026-10-05 03:48:10] [INCOMPATIBILITY] codeql/python-all: * [*], codeql/xml: not * [*] {dependency: codeql/python-all@* [*] requires codeql/xml@1.0.58}
[2026-10-05 03:48:10] [INCOMPATIBILITY] codeql/python-all: * [*], codeql/yaml: not * [*] {dependency: codeql/python-all@* [*] requires codeql/yaml@1.0.58}
[2026-10-05 03:48:10] [DECISION 2] codeql/python-all: 7.2.6
[2026-10-05 03:48:10] [DERIVATION] codeql/yaml: * [*] {codeql/python-all: * [*], codeql/yaml: not * [*] {dependency: codeql/python-all@* [*] requires codeql/yaml@1.0.58}}
[2026-10-05 03:48:10] [DERIVATION] codeql/xml: * [*] {codeql/python-all: * [*], codeql/xml: not * [*] {dependency: codeql/python-all@* [*] requires codeql/xml@1.0.58}}
[2026-10-05 03:48:10] [DERIVATION] codeql/util: * [*] {codeql/python-all: * [*], codeql/util: not * [*] {dependency: codeql/python-all@* [*] requires codeql/util@2.0.45}}
[2026-10-05 03:48:10] [DERIVATION] codeql/tutorial: * [*] {codeql/python-all: * [*], codeql/tutorial: not * [*] {dependency: codeql/python-all@* [*] requires codeql/tutorial@1.0.58}}
[2026-10-05 03:48:10] [DERIVATION] codeql/threat-models: * [*] {codeql/python-all: * [*], codeql/threat-models: not * [*] {dependency: codeql/python-all@* [*] requires codeql/threat-models@1.0.58}}
[2026-10-05 03:48:10] [DERIVATION] codeql/regex: * [*] {codeql/python-all: * [*], codeql/regex: not * [*] {dependency: codeql/python-all@* [*] requires codeql/regex@1.0.58}}
[2026-10-05 03:48:10] [DERIVATION] codeql/mad: * [*] {codeql/python-all: * [*], codeql/mad: not * [*] {dependency: codeql/python-all@* [*] requires codeql/mad@1.0.58}}
[2026-10-05 03:48:10] [DERIVATION] codeql/dataflow: * [*] {codeql/python-all: * [*], codeql/dataflow: not * [*] {dependency: codeql/python-all@* [*] requires codeql/dataflow@2.1.14}}
[2026-10-05 03:48:10] [DERIVATION] codeql/concepts: * [*] {codeql/python-all: * [*], codeql/concepts: not * [*] {dependency: codeql/python-all@* [*] requires codeql/concepts@0.0.32}}
[2026-10-05 03:48:10] [INCOMPATIBILITY] codeql/concepts: * [*], codeql/dataflow: not * [*] {dependency: codeql/concepts@* [*] requires codeql/dataflow@2.1.14}
[2026-10-05 03:48:10] [INCOMPATIBILITY] codeql/concepts: * [*], codeql/util: not * [*] {dependency: codeql/concepts@* [*] requires codeql/util@2.0.45}
[2026-10-05 03:48:10] [DECISION 3] codeql/concepts: 0.0.32
[2026-10-05 03:48:10] [INCOMPATIBILITY] codeql/dataflow: * [*], codeql/controlflow: not * [*] {dependency: codeql/dataflow@* [*] requires codeql/controlflow@2.0.42}
[2026-10-05 03:48:10] [INCOMPATIBILITY] codeql/dataflow: * [*], codeql/ssa: not * [*] {dependency: codeql/dataflow@* [*] requires codeql/ssa@2.0.34}
[2026-10-05 03:48:10] [INCOMPATIBILITY] codeql/dataflow: * [*], codeql/typetracking: not * [*] {dependency: codeql/dataflow@* [*] requires codeql/typetracking@2.0.42}
[2026-10-05 03:48:10] [INCOMPATIBILITY] codeql/dataflow: * [*], codeql/util: not * [*] {dependency: codeql/dataflow@* [*] requires codeql/util@2.0.45}
[2026-10-05 03:48:10] [DECISION 4] codeql/dataflow: 2.1.14
[2026-10-05 03:48:10] [DERIVATION] codeql/typetracking: * [*] {codeql/dataflow: * [*], codeql/typetracking: not * [*] {dependency: codeql/dataflow@* [*] requires codeql/typetracking@2.0.42}}
[2026-10-05 03:48:10] [DERIVATION] codeql/ssa: * [*] {codeql/dataflow: * [*], codeql/ssa: not * [*] {dependency: codeql/dataflow@* [*] requires codeql/ssa@2.0.34}}
[2026-10-05 03:48:10] [DERIVATION] codeql/controlflow: * [*] {codeql/dataflow: * [*], codeql/controlflow: not * [*] {dependency: codeql/dataflow@* [*] requires codeql/controlflow@2.0.42}}
[2026-10-05 03:48:10] [INCOMPATIBILITY] codeql/controlflow: * [*], codeql/util: not * [*] {dependency: codeql/controlflow@* [*] requires codeql/util@2.0.45}
[2026-10-05 03:48:10] [DECISION 5] codeql/controlflow: 2.0.42
[2026-10-05 03:48:10] [INCOMPATIBILITY] codeql/mad: * [*], codeql/dataflow: not * [*] {dependency: codeql/mad@* [*] requires codeql/dataflow@2.1.14}
[2026-10-05 03:48:10] [INCOMPATIBILITY] codeql/mad: * [*], codeql/util: not * [*] {dependency: codeql/mad@* [*] requires codeql/util@2.0.45}
[2026-10-05 03:48:10] [DECISION 6] codeql/mad: 1.0.58
[2026-10-05 03:48:10] [INCOMPATIBILITY] codeql/regex: * [*], codeql/util: not * [*] {dependency: codeql/regex@* [*] requires codeql/util@2.0.45}
[2026-10-05 03:48:10] [DECISION 7] codeql/regex: 1.0.58
[2026-10-05 03:48:10] [INCOMPATIBILITY] codeql/ssa: * [*], codeql/controlflow: not * [*] {dependency: codeql/ssa@* [*] requires codeql/controlflow@2.0.42}
[2026-10-05 03:48:10] [INCOMPATIBILITY] codeql/ssa: * [*], codeql/util: not * [*] {dependency: codeql/ssa@* [*] requires codeql/util@2.0.45}
[2026-10-05 03:48:10] [DECISION 8] codeql/ssa: 2.0.34
[2026-10-05 03:48:10] [DECISION 9] codeql/suite-helpers: 1.0.58
[2026-10-05 03:48:10] [DECISION 10] codeql/threat-models: 1.0.58
[2026-10-05 03:48:10] [DECISION 11] codeql/tutorial: 1.0.58
[2026-10-05 03:48:10] [INCOMPATIBILITY] codeql/typetracking: * [*], codeql/util: not * [*] {dependency: codeql/typetracking@* [*] requires codeql/util@2.0.45}
[2026-10-05 03:48:10] [DECISION 12] codeql/typetracking: 2.0.42
[2026-10-05 03:48:10] [DECISION 13] codeql/util: 2.0.45
[2026-10-05 03:48:10] [INCOMPATIBILITY] codeql/xml: * [*], codeql/util: not * [*] {dependency: codeql/xml@* [*] requires codeql/util@2.0.45}
[2026-10-05 03:48:10] [DECISION 14] codeql/xml: 1.0.58
[2026-10-05 03:48:10] [DECISION 15] codeql/yaml: 1.0.58
[2026-10-05 03:48:10] [PROGRESS] resolve queries> Recording pack reference codeql/suite-helpers at /opt/hostedtoolcache/CodeQL/2.27.1/x64/codeql/qlpacks/codeql/python-queries/1.8.11/.codeql/libraries/codeql/suite-helpers/1.0.58.
[2026-10-05 03:48:10] [SPAMMY] resolve queries> Applying nested suite file /opt/hostedtoolcache/CodeQL/2.27.1/x64/codeql/qlpacks/codeql/python-queries/1.8.11/.codeql/libraries/codeql/suite-helpers/1.0.58/code-scanning-selectors.yml from codeql/suite-helpers.
[2026-10-05 03:48:10] [SPAMMY] resolve queries> Suite description = Selectors for selecting the Code-Scanning-relevant queries for a language
[2026-10-05 03:48:10] [SPAMMIER] resolve queries> Resolution instruction: include.
[2026-10-05 03:48:10] [SPAMMY] resolve queries> Query Filter: Implicitly candidating /opt/hostedtoolcache/CodeQL/2.27.1/x64/codeql/qlpacks/codeql/python-queries/1.8.11/Diagnostics/ExtractionWarnings.ql.
[2026-10-05 03:48:10] [SPAMMY] resolve queries> Query Filter: Implicitly candidating /opt/hostedtoolcache/CodeQL/2.27.1/x64/codeql/qlpacks/codeql/python-queries/1.8.11/Diagnostics/ExtractedFiles.ql.
[2026-10-05 03:48:10] [SPAMMY] resolve queries> Query Filter: Implicitly candidating /opt/hostedtoolcache/CodeQL/2.27.1/x64/codeql/qlpacks/codeql/python-queries/1.8.11/Lexical/FCommentedOutCode.ql.
[2026-10-05 03:48:10] [SPAMMY] resolve queries> Query Filter: Implicitly candidating /opt/hostedtoolcache/CodeQL/2.27.1/x64/codeql/qlpacks/codeql/python-queries/1.8.11/Lexical/CommentedOutCode.ql.
[2026-10-05 03:48:10] [SPAMMY] resolve queries> Query Filter: Implicitly candidating /opt/hostedtoolcache/CodeQL/2.27.1/x64/codeql/qlpacks/codeql/python-queries/1.8.11/Lexical/ToDoComment.ql.
[2026-10-05 03:48:10] [SPAMMY] resolve queries> Query Filter: Implicitly candidating /opt/hostedtoolcache/CodeQL/2.27.1/x64/codeql/qlpacks/codeql/python-queries/1.8.11/Lexical/OldOctalLiteral.ql.
[2026-10-05 03:48:10] [SPAMMY] resolve queries> Query Filter: Implicitly candidating /opt/hostedtoolcache/CodeQL/2.27.1/x64/codeql/qlpacks/codeql/python-queries/1.8.11/Metrics/Dependencies/ExternalDependenciesSourceLinks.ql.
[2026-10-05 03:48:10] [SPAMMY] resolve queries> Query Filter: Implicitly candidating /opt/hostedtoolcache/CodeQL/2.27.1/x64/codeql/qlpacks/codeql/python-queries/1.8.11/Metrics/Dependencies/ExternalDependencies.ql.
[2026-10-05 03:48:10] [SPAMMY] resolve queries> Query Filter: Implicitly candidating /opt/hostedtoolcache/CodeQL/2.27.1/x64/codeql/qlpacks/codeql/python-queries/1.8.11/Metrics/NumberOfParametersWithoutDefault.ql.
[2026-10-05 03:48:10] [SPAMMY] resolve queries> Query Filter: Implicitly candidating /opt/hostedtoolcache/CodeQL/2.27.1/x64/codeql/qlpacks/codeql/python-queries/1.8.11/Metrics/TransitiveImports.ql.
[2026-10-05 03:48:10] [SPAMMY] resolve queries> Query Filter: Implicitly candidating /opt/hostedtoolcache/CodeQL/2.27.1/x64/codeql/qlpacks/codeql/python-queries/1.8.11/Metrics/FunctionStatementNestingDepth.ql.
[2026-10-05 03:48:10] [SPAMMY] resolve queries> Query Filter: Implicitly candidating /opt/hostedtoolcache/CodeQL/2.27.1/x64/codeql/qlpacks/codeql/python-queries/1.8.11/Metrics/ClassAfferentCoupling.ql.
[2026-10-05 03:48:10] [SPAMMY] resolve queries> Query Filter: Implicitly candidating /opt/hostedtoolcache/CodeQL/2.27.1/x64/codeql/qlpacks/codeql/python-queries/1.8.11/Metrics/FLinesOfComments.ql.
[2026-10-05 03:48:10] [SPAMMY] resolve queries> Query Filter: Implicitly candidating /opt/hostedtoolcache/CodeQL/2.27.1/x64/codeql/qlpacks/codeql/python-queries/1.8.11/Metrics/FLinesOfDuplicatedCode.ql.
[2026-10-05 03:48:10] [SPAMMY] resolve queries> Query Filter: Implicitly candidating /opt/hostedtoolcache/CodeQL/2.27.1/x64/codeql/qlpacks/codeql/python-queries/1.8.11/Metrics/CommentRatio.ql.
[2026-10-05 03:48:10] [SPAMMY] resolve queries> Query Filter: Implicitly candidating /opt/hostedtoolcache/CodeQL/2.27.1/x64/codeql/qlpacks/codeql/python-queries/1.8.11/Metrics/DirectImports.ql.
[2026-10-05 03:48:10] [SPAMMY] resolve queries> Query Filter: Implicitly candidating /opt/hostedtoolcache/CodeQL/2.27.1/x64/codeql/qlpacks/codeql/python-queries/1.8.11/Metrics/FunctionNumberOfCalls.ql.
[2026-10-05 03:48:10] [SPAMMY] resolve queries> Query Filter: Implicitly candidating /opt/hostedtoolcache/CodeQL/2.27.1/x64/codeql/qlpacks/codeql/python-queries/1.8.11/Metrics/FNumberOfTests.ql.
[2026-10-05 03:48:10] [SPAMMY] resolve queries> Query Filter: Implicitly candidating /opt/hostedtoolcache/CodeQL/2.27.1/x64/codeql/qlpacks/codeql/python-queries/1.8.11/Metrics/FLinesOfCode.ql.
[2026-10-05 03:48:10] [SPAMMY] resolve queries> Query Filter: Implicitly candidating /opt/hostedtoolcache/CodeQL/2.27.1/x64/codeql/qlpacks/codeql/python-queries/1.8.11/Metrics/External/CommitDisplayStrings.ql.
[2026-10-05 03:48:10] [SPAMMY] resolve queries> Query Filter: Implicitly candidating /opt/hostedtoolcache/CodeQL/2.27.1/x64/codeql/qlpacks/codeql/python-queries/1.8.11/Metrics/External/CommitSourceLinks.ql.
[2026-10-05 03:48:10] [SPAMMY] resolve queries> Query Filter: Implicitly candidating /opt/hostedtoolcache/CodeQL/2.27.1/x64/codeql/qlpacks/codeql/python-queries/1.8.11/Metrics/CLinesOfCode.ql.
[2026-10-05 03:48:10] [SPAMMY] resolve queries> Query Filter: Implicitly candidating /opt/hostedtoolcache/CodeQL/2.27.1/x64/codeql/qlpacks/codeql/python-queries/1.8.11/Metrics/ModuleAfferentCoupling.ql.
[2026-10-05 03:48:10] [SPAMMY] resolve queries> Query Filter: Implicitly candidating /opt/hostedtoolcache/CodeQL/2.27.1/x64/codeql/qlpacks/codeql/python-queries/1.8.11/Metrics/LackofCohesionInMethodsCK.ql.
[2026-10-05 03:48:10] [SPAMMY] resolve queries> Query Filter: Implicitly candidating /opt/hostedtoolcache/CodeQL/2.27.1/x64/codeql/qlpacks/codeql/python-queries/1.8.11/Metrics/FFunctionsAndMethods.ql.
[2026-10-05 03:48:10] [SPAMMY] resolve queries> Query Filter: Implicitly candidating /opt/hostedtoolcache/CodeQL/2.27.1/x64/codeql/qlpacks/codeql/python-queries/1.8.11/Metrics/CyclomaticComplexity.ql.
[2026-10-05 03:48:10] [SPAMMY] resolve queries> Query Filter: Implicitly candidating /opt/hostedtoolcache/CodeQL/2.27.1/x64/codeql/qlpacks/codeql/python-queries/1.8.11/Metrics/NumberOfStatements.ql.
[2026-10-05 03:48:10] [SPAMMY] resolve queries> Query Filter: Implicitly candidating /opt/hostedtoolcache/CodeQL/2.27.1/x64/codeql/qlpacks/codeql/python-queries/1.8.11/Metrics/FLines.ql.
[2026-10-05 03:48:10] [SPAMMY] resolve queries> Query Filter: Implicitly candidating /opt/hostedtoolcache/CodeQL/2.27.1/x64/codeql/qlpacks/codeql/python-queries/1.8.11/Metrics/ClassEfferentCoupling.ql.
[2026-10-05 03:48:10] [SPAMMY] resolve queries> Query Filter: Implicitly candidating /opt/hostedtoolcache/CodeQL/2.27.1/x64/codeql/qlpacks/codeql/python-queries/1.8.11/Metrics/Internal/ClassDisplayStrings.ql.
[2026-10-05 03:48:10] [SPAMMY] resolve queries> Query Filter: Implicitly candidating /opt/hostedtoolcache/CodeQL/2.27.1/x64/codeql/qlpacks/codeql/python-queries/1.8.11/Metrics/Internal/CallableDisplayStrings.ql.
[2026-10-05 03:48:10] [SPAMMY] resolve queries> Query Filter: Implicitly candidating /opt/hostedtoolcache/CodeQL/2.27.1/x64/codeql/qlpacks/codeql/python-queries/1.8.11/Metrics/Internal/ClassExtents.ql.
[2026-10-05 03:48:10] [SPAMMY] resolve queries> Query Filter: Implicitly candidating /opt/hostedtoolcache/CodeQL/2.27.1/x64/codeql/qlpacks/codeql/python-queries/1.8.11/Metrics/Internal/CallableExtents.ql.
[2026-10-05 03:48:10] [SPAMMY] resolve queries> Query Filter: Implicitly candidating /opt/hostedtoolcache/CodeQL/2.27.1/x64/codeql/qlpacks/codeql/python-queries/1.8.11/Metrics/Internal/TypeAnnotations.ql.
[2026-10-05 03:48:10] [SPAMMY] resolve queries> Query Filter: Implicitly candidating /opt/hostedtoolcache/CodeQL/2.27.1/x64/codeql/qlpacks/codeql/python-queries/1.8.11/Metrics/Internal/ClassSourceLinks.ql.
[2026-10-05 03:48:10] [SPAMMY] resolve queries> Query Filter: Implicitly candidating /opt/hostedtoolcache/CodeQL/2.27.1/x64/codeql/qlpacks/codeql/python-queries/1.8.11/Metrics/Internal/CallableSourceLinks.ql.
[2026-10-05 03:48:10] [SPAMMY] resolve queries> Query Filter: Implicitly candidating /opt/hostedtoolcache/CodeQL/2.27.1/x64/codeql/qlpacks/codeql/python-queries/1.8.11/Metrics/FLinesOfSimilarCode.ql.
[2026-10-05 03:48:10] [SPAMMY] resolve queries> Query Filter: Implicitly candidating /opt/hostedtoolcache/CodeQL/2.27.1/x64/codeql/qlpacks/codeql/python-queries/1.8.11/Metrics/DocStringRatio.ql.
[2026-10-05 03:48:10] [SPAMMY] resolve queries> Query Filter: Implicitly candidating /opt/hostedtoolcache/CodeQL/2.27.1/x64/codeql/qlpacks/codeql/python-queries/1.8.11/Metrics/LackofCohesionInMethodsHM.ql.
[2026-10-05 03:48:10] [SPAMMY] resolve queries> Query Filter: Implicitly candidating /opt/hostedtoolcache/CodeQL/2.27.1/x64/codeql/qlpacks/codeql/python-queries/1.8.11/Metrics/ModuleEfferentCoupling.ql.
[2026-10-05 03:48:10] [SPAMMY] resolve queries> Query Filter: Implicitly candidating /opt/hostedtoolcache/CodeQL/2.27.1/x64/codeql/qlpacks/codeql/python-queries/1.8.11/Metrics/History/HLinesAdded.ql.
[2026-10-05 03:48:10] [SPAMMY] resolve queries> Query Filter: Implicitly candidating /opt/hostedtoolcache/CodeQL/2.27.1/x64/codeql/qlpacks/codeql/python-queries/1.8.11/Metrics/History/HNumberOfRecentChangedFiles.ql.
[2026-10-05 03:48:10] [SPAMMY] resolve queries> Query Filter: Implicitly candidating /opt/hostedtoolcache/CodeQL/2.27.1/x64/codeql/qlpacks/codeql/python-queries/1.8.11/Metrics/History/HNumberOfCoCommits.ql.
[2026-10-05 03:48:10] [SPAMMY] resolve queries> Query Filter: Implicitly candidating /opt/hostedtoolcache/CodeQL/2.27.1/x64/codeql/qlpacks/codeql/python-queries/1.8.11/Metrics/History/HChurn.ql.
[2026-10-05 03:48:10] [SPAMMY] resolve queries> Query Filter: Implicitly candidating /opt/hostedtoolcache/CodeQL/2.27.1/x64/codeql/qlpacks/codeql/python-queries/1.8.11/Metrics/History/HNumberOfReCommits.ql.
[2026-10-05 03:48:10] [SPAMMY] resolve queries> Query Filter: Implicitly candidating /opt/hostedtoolcache/CodeQL/2.27.1/x64/codeql/qlpacks/codeql/python-queries/1.8.11/Metrics/History/HNumberOfCommits.ql.
[2026-10-05 03:48:10] [SPAMMY] resolve queries> Query Filter: Implicitly candidating /opt/hostedtoolcache/CodeQL/2.27.1/x64/codeql/qlpacks/codeql/python-queries/1.8.11/Metrics/History/HNumberOfAuthors.ql.
[2026-10-05 03:48:10] [SPAMMY] resolve queries> Query Filter: Implicitly candidating /opt/hostedtoolcache/CodeQL/2.27.1/x64/codeql/qlpacks/codeql/python-queries/1.8.11/Metrics/History/HNumberOfRecentAuthors.ql.
[2026-10-05 03:48:10] [SPAMMY] resolve queries> Query Filter: Implicitly candidating /opt/hostedtoolcache/CodeQL/2.27.1/x64/codeql/qlpacks/codeql/python-queries/1.8.11/Metrics/History/HNumberOfRecentCommits.ql.
[2026-10-05 03:48:10] [SPAMMY] resolve queries> Query Filter: Implicitly candidating /opt/hostedtoolcache/CodeQL/2.27.1/x64/codeql/qlpacks/codeql/python-queries/1.8.11/Metrics/History/HLinesDeleted.ql.
[2026-10-05 03:48:10] [SPAMMY] resolve queries> Query Filter: Implicitly candidating /opt/hostedtoolcache/CodeQL/2.27.1/x64/codeql/qlpacks/codeql/python-queries/1.8.11/Metrics/FClasses.ql.
[2026-10-05 03:48:10] [SPAMMY] resolve queries> Query Filter: Implicitly candidating /opt/hostedtoolcache/CodeQL/2.27.1/x64/codeql/qlpacks/codeql/python-queries/1.8.11/Variables/UnusedLocalVariable.ql.
[2026-10-05 03:48:10] [SPAMMY] resolve queries> Query Filter: Implicitly candidating /opt/hostedtoolcache/CodeQL/2.27.1/x64/codeql/qlpacks/codeql/python-queries/1.8.11/Variables/ShadowBuiltin.ql.
[2026-10-05 03:48:10] [SPAMMY] resolve queries> Query Filter: Implicitly candidating /opt/hostedtoolcache/CodeQL/2.27.1/x64/codeql/qlpacks/codeql/python-queries/1.8.11/Variables/GlobalAtModuleLevel.ql.
[2026-10-05 03:48:10] [SPAMMY] resolve queries> Query Filter: Implicitly candidating /opt/hostedtoolcache/CodeQL/2.27.1/x64/codeql/qlpacks/codeql/python-queries/1.8.11/Variables/UndefinedPlaceHolder.ql.
[2026-10-05 03:48:10] [SPAMMY] resolve queries> Query Filter: Implicitly candidating /opt/hostedtoolcache/CodeQL/2.27.1/x64/codeql/qlpacks/codeql/python-queries/1.8.11/Variables/UninitializedLocal.ql.
[2026-10-05 03:48:10] [SPAMMY] resolve queries> Query Filter: Implicitly candidating /opt/hostedtoolcache/CodeQL/2.27.1/x64/codeql/qlpacks/codeql/python-queries/1.8.11/Variables/SuspiciousUnusedLoopIterationVariable.ql.
[2026-10-05 03:48:10] [SPAMMY] resolve queries> Query Filter: Implicitly candidating /opt/hostedtoolcache/CodeQL/2.27.1/x64/codeql/qlpacks/codeql/python-queries/1.8.11/Variables/UnusedParameter.ql.
[2026-10-05 03:48:10] [SPAMMY] resolve queries> Query Filter: Implicitly candidating /opt/hostedtoolcache/CodeQL/2.27.1/x64/codeql/qlpacks/codeql/python-queries/1.8.11/Variables/Global.ql.
[2026-10-05 03:48:10] [SPAMMY] resolve queries> Query Filter: Implicitly candidating /opt/hostedtoolcache/CodeQL/2.27.1/x64/codeql/qlpacks/codeql/python-queries/1.8.11/Variables/LeakingListComprehension.ql.
[2026-10-05 03:48:10] [SPAMMY] resolve queries> Query Filter: Implicitly candidating /opt/hostedtoolcache/CodeQL/2.27.1/x64/codeql/qlpacks/codeql/python-queries/1.8.11/Variables/UndefinedGlobal.ql.
[2026-10-05 03:48:10] [SPAMMY] resolve queries> Query Filter: Implicitly candidating /opt/hostedtoolcache/CodeQL/2.27.1/x64/codeql/qlpacks/codeql/python-queries/1.8.11/Variables/LoopVariableCapture/LoopVariableCapture.ql.
[2026-10-05 03:48:10] [SPAMMY] resolve queries> Query Filter: Implicitly candidating /opt/hostedtoolcache/CodeQL/2.27.1/x64/codeql/qlpacks/codeql/python-queries/1.8.11/Variables/UnusedModuleVariable.ql.
[2026-10-05 03:48:10] [SPAMMY] resolve queries> Query Filter: Implicitly candidating /opt/hostedtoolcache/CodeQL/2.27.1/x64/codeql/qlpacks/codeql/python-queries/1.8.11/Variables/MultiplyDefined.ql.
[2026-10-05 03:48:10] [SPAMMY] resolve queries> Query Filter: Implicitly candidating /opt/hostedtoolcache/CodeQL/2.27.1/x64/codeql/qlpacks/codeql/python-queries/1.8.11/Variables/UndefinedExport.ql.
[2026-10-05 03:48:10] [SPAMMY] resolve queries> Query Filter: Implicitly candidating /opt/hostedtoolcache/CodeQL/2.27.1/x64/codeql/qlpacks/codeql/python-queries/1.8.11/Variables/ShadowGlobal.ql.
[2026-10-05 03:48:10] [SPAMMY] resolve queries> Query Filter: Implicitly candidating /opt/hostedtoolcache/CodeQL/2.27.1/x64/codeql/qlpacks/codeql/python-queries/1.8.11/Imports/ImportandImportFrom.ql.
[2026-10-05 03:48:10] [SPAMMY] resolve queries> Query Filter: Implicitly candidating /opt/hostedtoolcache/CodeQL/2.27.1/x64/codeql/qlpacks/codeql/python-queries/1.8.11/Imports/ModuleLevelCyclicImport.ql.
[2026-10-05 03:48:10] [SPAMMY] resolve queries> Query Filter: Implicitly candidating /opt/hostedtoolcache/CodeQL/2.27.1/x64/codeql/qlpacks/codeql/python-queries/1.8.11/Imports/CyclicImport.ql.
[2026-10-05 03:48:10] [SPAMMY] resolve queries> Query Filter: Implicitly candidating /opt/hostedtoolcache/CodeQL/2.27.1/x64/codeql/qlpacks/codeql/python-queries/1.8.11/Imports/ImportStarUsed.ql.
[2026-10-05 03:48:10] [SPAMMY] resolve queries> Query Filter: Implicitly candidating /opt/hostedtoolcache/CodeQL/2.27.1/x64/codeql/qlpacks/codeql/python-queries/1.8.11/Imports/ImportShadowedByLoopVar.ql.
[2026-10-05 03:48:10] [SPAMMY] resolve queries> Query Filter: Implicitly candidating /opt/hostedtoolcache/CodeQL/2.27.1/x64/codeql/qlpacks/codeql/python-queries/1.8.11/Imports/ModuleImportsItself.ql.
[2026-10-05 03:48:10] [SPAMMY] resolve queries> Query Filter: Implicitly candidating /opt/hostedtoolcache/CodeQL/2.27.1/x64/codeql/qlpacks/codeql/python-queries/1.8.11/Imports/Imports.ql.
[2026-10-05 03:48:10] [SPAMMY] resolve queries> Query Filter: Implicitly candidating /opt/hostedtoolcache/CodeQL/2.27.1/x64/codeql/qlpacks/codeql/python-queries/1.8.11/Imports/DeprecatedModule.ql.
[2026-10-05 03:48:10] [SPAMMY] resolve queries> Query Filter: Implicitly candidating /opt/hostedtoolcache/CodeQL/2.27.1/x64/codeql/qlpacks/codeql/python-queries/1.8.11/Imports/SyntaxError.ql.
[2026-10-05 03:48:10] [SPAMMY] resolve queries> Query Filter: Implicitly candidating /opt/hostedtoolcache/CodeQL/2.27.1/x64/codeql/qlpacks/codeql/python-queries/1.8.11/Imports/MultipleImports.ql.
[2026-10-05 03:48:10] [SPAMMY] resolve queries> Query Filter: Implicitly candidating /opt/hostedtoolcache/CodeQL/2.27.1/x64/codeql/qlpacks/codeql/python-queries/1.8.11/Imports/UnintentionalImport.ql.
[2026-10-05 03:48:10] [SPAMMY] resolve queries> Query Filter: Implicitly candidating /opt/hostedtoolcache/CodeQL/2.27.1/x64/codeql/qlpacks/codeql/python-queries/1.8.11/Imports/FromImportOfMutableAttribute.ql.
[2026-10-05 03:48:10] [SPAMMY] resolve queries> Query Filter: Implicitly candidating /opt/hostedtoolcache/CodeQL/2.27.1/x64/codeql/qlpacks/codeql/python-queries/1.8.11/Imports/UnusedImport.ql.
[2026-10-05 03:48:10] [SPAMMY] resolve queries> Query Filter: Implicitly candidating /opt/hostedtoolcache/CodeQL/2.27.1/x64/codeql/qlpacks/codeql/python-queries/1.8.11/Imports/EncodingError.ql.
[2026-10-05 03:48:10] [SPAMMY] resolve queries> Query Filter: Implicitly candidating /opt/hostedtoolcache/CodeQL/2.27.1/x64/codeql/qlpacks/codeql/python-queries/1.8.11/Classes/CallsToInitDel/SuperclassInitCalledMultipleTimes.ql.
[2026-10-05 03:48:10] [SPAMMY] resolve queries> Query Filter: Implicitly candidating /opt/hostedtoolcache/CodeQL/2.27.1/x64/codeql/qlpacks/codeql/python-queries/1.8.11/Classes/CallsToInitDel/MissingCallToDel.ql.
[2026-10-05 03:48:10] [SPAMMY] resolve queries> Query Filter: Implicitly candidating /opt/hostedtoolcache/CodeQL/2.27.1/x64/codeql/qlpacks/codeql/python-queries/1.8.11/Classes/CallsToInitDel/MissingCallToInit.ql.
[2026-10-05 03:48:10] [SPAMMY] resolve queries> Query Filter: Implicitly candidating /opt/hostedtoolcache/CodeQL/2.27.1/x64/codeql/qlpacks/codeql/python-queries/1.8.11/Classes/CallsToInitDel/SuperclassDelCalledMultipleTimes.ql.
[2026-10-05 03:48:10] [SPAMMY] resolve queries> Query Filter: Implicitly candidating /opt/hostedtoolcache/CodeQL/2.27.1/x64/codeql/qlpacks/codeql/python-queries/1.8.11/Classes/WrongNumberArgumentsInClassInstantiation.ql.
[2026-10-05 03:48:10] [SPAMMY] resolve queries> Query Filter: Implicitly candidating /opt/hostedtoolcache/CodeQL/2.27.1/x64/codeql/qlpacks/codeql/python-queries/1.8.11/Classes/DefineEqualsWhenAddingAttributes.ql.
[2026-10-05 03:48:10] [SPAMMY] resolve queries> Query Filter: Implicitly candidating /opt/hostedtoolcache/CodeQL/2.27.1/x64/codeql/qlpacks/codeql/python-queries/1.8.11/Classes/SubclassShadowing/SubclassShadowing.ql.
[2026-10-05 03:48:10] [SPAMMY] resolve queries> Query Filter: Implicitly candidating /opt/hostedtoolcache/CodeQL/2.27.1/x64/codeql/qlpacks/codeql/python-queries/1.8.11/Classes/OverwritingAttributeInSuperClass.ql.
[2026-10-05 03:48:10] [SPAMMY] resolve queries> Query Filter: Implicitly candidating /opt/hostedtoolcache/CodeQL/2.27.1/x64/codeql/qlpacks/codeql/python-queries/1.8.11/Classes/MutatingDescriptor.ql.
[2026-10-05 03:48:10] [SPAMMY] resolve queries> Query Filter: Implicitly candidating /opt/hostedtoolcache/CodeQL/2.27.1/x64/codeql/qlpacks/codeql/python-queries/1.8.11/Classes/ShouldBeContextManager.ql.
[2026-10-05 03:48:10] [SPAMMY] resolve queries> Query Filter: Implicitly candidating /opt/hostedtoolcache/CodeQL/2.27.1/x64/codeql/qlpacks/codeql/python-queries/1.8.11/Classes/InitCallsSubclass/InitCallsSubclassMethod.ql.
[2026-10-05 03:48:10] [SPAMMY] resolve queries> Query Filter: Implicitly candidating /opt/hostedtoolcache/CodeQL/2.27.1/x64/codeql/qlpacks/codeql/python-queries/1.8.11/Classes/InconsistentMRO.ql.
[2026-10-05 03:48:10] [SPAMMY] resolve queries> Query Filter: Implicitly candidating /opt/hostedtoolcache/CodeQL/2.27.1/x64/codeql/qlpacks/codeql/python-queries/1.8.11/Classes/UndefinedClassAttribute.ql.
[2026-10-05 03:48:10] [SPAMMY] resolve queries> Query Filter: Implicitly candidating /opt/hostedtoolcache/CodeQL/2.27.1/x64/codeql/qlpacks/codeql/python-queries/1.8.11/Classes/PropertyInOldStyleClass.ql.
[2026-10-05 03:48:10] [SPAMMY] resolve queries> Query Filter: Implicitly candidating /opt/hostedtoolcache/CodeQL/2.27.1/x64/codeql/qlpacks/codeql/python-queries/1.8.11/Classes/SuperInOldStyleClass.ql.
[2026-10-05 03:48:10] [SPAMMY] resolve queries> Query Filter: Implicitly candidating /opt/hostedtoolcache/CodeQL/2.27.1/x64/codeql/qlpacks/codeql/python-queries/1.8.11/Classes/Comparisons/EqualsOrNotEquals.ql.
[2026-10-05 03:48:10] [SPAMMY] resolve queries> Query Filter: Implicitly candidating /opt/hostedtoolcache/CodeQL/2.27.1/x64/codeql/qlpacks/codeql/python-queries/1.8.11/Classes/Comparisons/EqualsOrHash.ql.
[2026-10-05 03:48:10] [SPAMMY] resolve queries> Query Filter: Implicitly candidating /opt/hostedtoolcache/CodeQL/2.27.1/x64/codeql/qlpacks/codeql/python-queries/1.8.11/Classes/Comparisons/IncompleteOrdering.ql.
[2026-10-05 03:48:10] [SPAMMY] resolve queries> Query Filter: Implicitly candidating /opt/hostedtoolcache/CodeQL/2.27.1/x64/codeql/qlpacks/codeql/python-queries/1.8.11/Classes/SlotsInOldStyleClass.ql.
[2026-10-05 03:48:10] [SPAMMY] resolve queries> Query Filter: Implicitly candidating /opt/hostedtoolcache/CodeQL/2.27.1/x64/codeql/qlpacks/codeql/python-queries/1.8.11/Classes/ConflictingAttributesInBaseClasses.ql.
[2026-10-05 03:48:10] [SPAMMY] resolve queries> Query Filter: Implicitly candidating /opt/hostedtoolcache/CodeQL/2.27.1/x64/codeql/qlpacks/codeql/python-queries/1.8.11/Classes/MaybeUndefinedClassAttribute.ql.
[2026-10-05 03:48:10] [SPAMMY] resolve queries> Query Filter: Implicitly candidating /opt/hostedtoolcache/CodeQL/2.27.1/x64/codeql/qlpacks/codeql/python-queries/1.8.11/Classes/WrongNameForArgumentInClassInstantiation.ql.
[2026-10-05 03:48:10] [SPAMMY] resolve queries> Query Filter: Implicitly candidating /opt/hostedtoolcache/CodeQL/2.27.1/x64/codeql/qlpacks/codeql/python-queries/1.8.11/Classes/UselessClass.ql.
[2026-10-05 03:48:10] [SPAMMY] resolve queries> Query Filter: Implicitly candidating /opt/hostedtoolcache/CodeQL/2.27.1/x64/codeql/qlpacks/codeql/python-queries/1.8.11/Expressions/ExpectedMappingForFormatString.ql.
[2026-10-05 03:48:10] [SPAMMY] resolve queries> Query Filter: Implicitly candidating /opt/hostedtoolcache/CodeQL/2.27.1/x64/codeql/qlpacks/codeql/python-queries/1.8.11/Expressions/HashedButNoHash.ql.
[2026-10-05 03:48:10] [SPAMMY] resolve queries> Query Filter: Implicitly candidating /opt/hostedtoolcache/CodeQL/2.27.1/x64/codeql/qlpacks/codeql/python-queries/1.8.11/Expressions/UseofApply.ql.
[2026-10-05 03:48:10] [SPAMMY] resolve queries> Query Filter: Implicitly candidating /opt/hostedtoolcache/CodeQL/2.27.1/x64/codeql/qlpacks/codeql/python-queries/1.8.11/Expressions/NonPortableComparisonUsingIs.ql.
[2026-10-05 03:48:10] [SPAMMY] resolve queries> Query Filter: Implicitly candidating /opt/hostedtoolcache/CodeQL/2.27.1/x64/codeql/qlpacks/codeql/python-queries/1.8.11/Expressions/EqualsNone.ql.
[2026-10-05 03:48:10] [SPAMMY] resolve queries> Query Filter: Implicitly candidating /opt/hostedtoolcache/CodeQL/2.27.1/x64/codeql/qlpacks/codeql/python-queries/1.8.11/Expressions/UnintentionalImplicitStringConcatenation.ql.
[2026-10-05 03:48:10] [SPAMMY] resolve queries> Query Filter: Implicitly candidating /opt/hostedtoolcache/CodeQL/2.27.1/x64/codeql/qlpacks/codeql/python-queries/1.8.11/Expressions/WrongNameForArgumentInCall.ql.
[2026-10-05 03:48:10] [SPAMMY] resolve queries> Query Filter: Implicitly candidating /opt/hostedtoolcache/CodeQL/2.27.1/x64/codeql/qlpacks/codeql/python-queries/1.8.11/Expressions/WrongNumberArgumentsInCall.ql.
[2026-10-05 03:48:10] [SPAMMY] resolve queries> Query Filter: Implicitly candidating /opt/hostedtoolcache/CodeQL/2.27.1/x64/codeql/qlpacks/codeql/python-queries/1.8.11/Expressions/ContainsNonContainer.ql.
[2026-10-05 03:48:10] [SPAMMY] resolve queries> Query Filter: Implicitly candidating /opt/hostedtoolcache/CodeQL/2.27.1/x64/codeql/qlpacks/codeql/python-queries/1.8.11/Expressions/TruncatedDivision.ql.
[2026-10-05 03:48:10] [SPAMMY] resolve queries> Query Filter: Implicitly candidating /opt/hostedtoolcache/CodeQL/2.27.1/x64/codeql/qlpacks/codeql/python-queries/1.8.11/Expressions/WrongNumberArgumentsForFormat.ql.
[2026-10-05 03:48:10] [SPAMMY] resolve queries> Query Filter: Implicitly candidating /opt/hostedtoolcache/CodeQL/2.27.1/x64/codeql/qlpacks/codeql/python-queries/1.8.11/Expressions/Formatting/UnusedArgumentIn3101Format.ql.
[2026-10-05 03:48:10] [SPAMMY] resolve queries> Query Filter: Implicitly candidating /opt/hostedtoolcache/CodeQL/2.27.1/x64/codeql/qlpacks/codeql/python-queries/1.8.11/Expressions/Formatting/MixedExplicitImplicitIn3101Format.ql.
[2026-10-05 03:48:10] [SPAMMY] resolve queries> Query Filter: Implicitly candidating /opt/hostedtoolcache/CodeQL/2.27.1/x64/codeql/qlpacks/codeql/python-queries/1.8.11/Expressions/Formatting/WrongNumberArgumentsFor3101Format.ql.
[2026-10-05 03:48:10] [SPAMMY] resolve queries> Query Filter: Implicitly candidating /opt/hostedtoolcache/CodeQL/2.27.1/x64/codeql/qlpacks/codeql/python-queries/1.8.11/Expressions/Formatting/UnusedNamedArgumentIn3101Format.ql.
[2026-10-05 03:48:10] [SPAMMY] resolve queries> Query Filter: Implicitly candidating /opt/hostedtoolcache/CodeQL/2.27.1/x64/codeql/qlpacks/codeql/python-queries/1.8.11/Expressions/Formatting/WrongNameInArgumentsFor3101Format.ql.
[2026-10-05 03:48:10] [SPAMMY] resolve queries> Query Filter: Implicitly candidating /opt/hostedtoolcache/CodeQL/2.27.1/x64/codeql/qlpacks/codeql/python-queries/1.8.11/Expressions/IncorrectComparisonUsingIs.ql.
[2026-10-05 03:48:10] [SPAMMY] resolve queries> Query Filter: Implicitly candidating /opt/hostedtoolcache/CodeQL/2.27.1/x64/codeql/qlpacks/codeql/python-queries/1.8.11/Expressions/UseofInput.ql.
[2026-10-05 03:48:10] [SPAMMY] resolve queries> Query Filter: Implicitly candidating /opt/hostedtoolcache/CodeQL/2.27.1/x64/codeql/qlpacks/codeql/python-queries/1.8.11/Expressions/CompareIdenticalValuesMissingSelf.ql.
[2026-10-05 03:48:10] [SPAMMY] resolve queries> Query Filter: Implicitly candidating /opt/hostedtoolcache/CodeQL/2.27.1/x64/codeql/qlpacks/codeql/python-queries/1.8.11/Expressions/Comparisons/UselessComparisonTest.ql.
[2026-10-05 03:48:10] [SPAMMY] resolve queries> Query Filter: Implicitly candidating /opt/hostedtoolcache/CodeQL/2.27.1/x64/codeql/qlpacks/codeql/python-queries/1.8.11/Expressions/CallToSuperWrongClass.ql.
[2026-10-05 03:48:10] [SPAMMY] resolve queries> Query Filter: Implicitly candidating /opt/hostedtoolcache/CodeQL/2.27.1/x64/codeql/qlpacks/codeql/python-queries/1.8.11/Expressions/CompareConstants.ql.
[2026-10-05 03:48:10] [SPAMMY] resolve queries> Query Filter: Implicitly candidating /opt/hostedtoolcache/CodeQL/2.27.1/x64/codeql/qlpacks/codeql/python-queries/1.8.11/Expressions/UnsupportedFormatCharacter.ql.
[2026-10-05 03:48:10] [SPAMMY] resolve queries> Query Filter: Implicitly candidating /opt/hostedtoolcache/CodeQL/2.27.1/x64/codeql/qlpacks/codeql/python-queries/1.8.11/Expressions/CompareIdenticalValues.ql.
[2026-10-05 03:48:10] [SPAMMY] resolve queries> Query Filter: Implicitly candidating /opt/hostedtoolcache/CodeQL/2.27.1/x64/codeql/qlpacks/codeql/python-queries/1.8.11/Expressions/Regex/UnmatchableDollar.ql.
[2026-10-05 03:48:10] [SPAMMY] resolve queries> Query Filter: Implicitly candidating /opt/hostedtoolcache/CodeQL/2.27.1/x64/codeql/qlpacks/codeql/python-queries/1.8.11/Expressions/Regex/BackspaceEscape.ql.
[2026-10-05 03:48:10] [SPAMMY] resolve queries> Query Filter: Implicitly candidating /opt/hostedtoolcache/CodeQL/2.27.1/x64/codeql/qlpacks/codeql/python-queries/1.8.11/Expressions/Regex/UnmatchableCaret.ql.
[2026-10-05 03:48:10] [SPAMMY] resolve queries> Query Filter: Implicitly candidating /opt/hostedtoolcache/CodeQL/2.27.1/x64/codeql/qlpacks/codeql/python-queries/1.8.11/Expressions/Regex/MissingPartSpecialGroup.ql.
[2026-10-05 03:48:10] [SPAMMY] resolve queries> Query Filter: Implicitly candidating /opt/hostedtoolcache/CodeQL/2.27.1/x64/codeql/qlpacks/codeql/python-queries/1.8.11/Expressions/Regex/DuplicateCharacterInSet.ql.
[2026-10-05 03:48:10] [SPAMMY] resolve queries> Query Filter: Implicitly candidating /opt/hostedtoolcache/CodeQL/2.27.1/x64/codeql/qlpacks/codeql/python-queries/1.8.11/Expressions/UnnecessaryLambda.ql.
[2026-10-05 03:48:10] [SPAMMY] resolve queries> Query Filter: Implicitly candidating /opt/hostedtoolcache/CodeQL/2.27.1/x64/codeql/qlpacks/codeql/python-queries/1.8.11/Expressions/DuplicateKeyInDictionaryLiteral.ql.
[2026-10-05 03:48:10] [SPAMMY] resolve queries> Query Filter: Implicitly candidating /opt/hostedtoolcache/CodeQL/2.27.1/x64/codeql/qlpacks/codeql/python-queries/1.8.11/Expressions/ExplicitCallToDel.ql.
[2026-10-05 03:48:10] [SPAMMY] resolve queries> Query Filter: Implicitly candidating /opt/hostedtoolcache/CodeQL/2.27.1/x64/codeql/qlpacks/codeql/python-queries/1.8.11/Expressions/NonCallableCalled.ql.
[2026-10-05 03:48:10] [SPAMMY] resolve queries> Query Filter: Implicitly candidating /opt/hostedtoolcache/CodeQL/2.27.1/x64/codeql/qlpacks/codeql/python-queries/1.8.11/external/DuplicateBlock.ql.
[2026-10-05 03:48:10] [SPAMMY] resolve queries> Query Filter: Implicitly candidating /opt/hostedtoolcache/CodeQL/2.27.1/x64/codeql/qlpacks/codeql/python-queries/1.8.11/external/SimilarFunction.ql.
[2026-10-05 03:48:10] [SPAMMY] resolve queries> Query Filter: Implicitly candidating /opt/hostedtoolcache/CodeQL/2.27.1/x64/codeql/qlpacks/codeql/python-queries/1.8.11/external/MostlyDuplicateFile.ql.
[2026-10-05 03:48:10] [SPAMMY] resolve queries> Query Filter: Implicitly candidating /opt/hostedtoolcache/CodeQL/2.27.1/x64/codeql/qlpacks/codeql/python-queries/1.8.11/external/MostlySimilarFile.ql.
[2026-10-05 03:48:10] [SPAMMY] resolve queries> Query Filter: Implicitly candidating /opt/hostedtoolcache/CodeQL/2.27.1/x64/codeql/qlpacks/codeql/python-queries/1.8.11/external/DuplicateFunction.ql.
[2026-10-05 03:48:10] [SPAMMY] resolve queries> Query Filter: Implicitly candidating /opt/hostedtoolcache/CodeQL/2.27.1/x64/codeql/qlpacks/codeql/python-queries/1.8.11/external/MostlyDuplicateClass.ql.
[2026-10-05 03:48:10] [SPAMMY] resolve queries> Query Filter: Implicitly candidating /opt/hostedtoolcache/CodeQL/2.27.1/x64/codeql/qlpacks/codeql/python-queries/1.8.11/Functions/IncorrectlyOverriddenMethod.ql.
[2026-10-05 03:48:10] [SPAMMY] resolve queries> Query Filter: Implicitly candidating /opt/hostedtoolcache/CodeQL/2.27.1/x64/codeql/qlpacks/codeql/python-queries/1.8.11/Functions/IterReturnsNonSelf.ql.
[2026-10-05 03:48:10] [SPAMMY] resolve queries> Query Filter: Implicitly candidating /opt/hostedtoolcache/CodeQL/2.27.1/x64/codeql/qlpacks/codeql/python-queries/1.8.11/Functions/ReturnValueIgnored.ql.
[2026-10-05 03:48:10] [SPAMMY] resolve queries> Query Filter: Implicitly candidating /opt/hostedtoolcache/CodeQL/2.27.1/x64/codeql/qlpacks/codeql/python-queries/1.8.11/Functions/IncorrectlySpecifiedOverriddenMethod.ql.
[2026-10-05 03:48:10] [SPAMMY] resolve queries> Query Filter: Implicitly candidating /opt/hostedtoolcache/CodeQL/2.27.1/x64/codeql/qlpacks/codeql/python-queries/1.8.11/Functions/DeprecatedSliceMethod.ql.
[2026-10-05 03:48:10] [SPAMMY] resolve queries> Query Filter: Implicitly candidating /opt/hostedtoolcache/CodeQL/2.27.1/x64/codeql/qlpacks/codeql/python-queries/1.8.11/Functions/InitIsGenerator.ql.
[2026-10-05 03:48:10] [SPAMMY] resolve queries> Query Filter: Implicitly candidating /opt/hostedtoolcache/CodeQL/2.27.1/x64/codeql/qlpacks/codeql/python-queries/1.8.11/Functions/NonSelf.ql.
[2026-10-05 03:48:10] [SPAMMY] resolve queries> Query Filter: Implicitly candidating /opt/hostedtoolcache/CodeQL/2.27.1/x64/codeql/qlpacks/codeql/python-queries/1.8.11/Functions/IterReturnsNonIterator.ql.
[2026-10-05 03:48:10] [SPAMMY] resolve queries> Query Filter: Implicitly candidating /opt/hostedtoolcache/CodeQL/2.27.1/x64/codeql/qlpacks/codeql/python-queries/1.8.11/Functions/IncorrectRaiseInSpecialMethod.ql.
[2026-10-05 03:48:10] [SPAMMY] resolve queries> Query Filter: Implicitly candidating /opt/hostedtoolcache/CodeQL/2.27.1/x64/codeql/qlpacks/codeql/python-queries/1.8.11/Functions/UseImplicitNoneReturnValue.ql.
[2026-10-05 03:48:10] [SPAMMY] resolve queries> Query Filter: Implicitly candidating /opt/hostedtoolcache/CodeQL/2.27.1/x64/codeql/qlpacks/codeql/python-queries/1.8.11/Functions/OverlyComplexDelMethod.ql.
[2026-10-05 03:48:10] [SPAMMY] resolve queries> Query Filter: Implicitly candidating /opt/hostedtoolcache/CodeQL/2.27.1/x64/codeql/qlpacks/codeql/python-queries/1.8.11/Functions/ModificationOfParameterWithDefault.ql.
[2026-10-05 03:48:10] [SPAMMY] resolve queries> Query Filter: Implicitly candidating /opt/hostedtoolcache/CodeQL/2.27.1/x64/codeql/qlpacks/codeql/python-queries/1.8.11/Functions/SignatureOverriddenMethod.ql.
[2026-10-05 03:48:10] [SPAMMY] resolve queries> Query Filter: Implicitly candidating /opt/hostedtoolcache/CodeQL/2.27.1/x64/codeql/qlpacks/codeql/python-queries/1.8.11/Functions/ExplicitReturnInInit.ql.
[2026-10-05 03:48:10] [SPAMMY] resolve queries> Query Filter: Implicitly candidating /opt/hostedtoolcache/CodeQL/2.27.1/x64/codeql/qlpacks/codeql/python-queries/1.8.11/Functions/SignatureSpecialMethods.ql.
[2026-10-05 03:48:10] [SPAMMY] resolve queries> Query Filter: Implicitly candidating /opt/hostedtoolcache/CodeQL/2.27.1/x64/codeql/qlpacks/codeql/python-queries/1.8.11/Functions/ReturnConsistentTupleSizes.ql.
[2026-10-05 03:48:10] [SPAMMY] resolve queries> Query Filter: Implicitly candidating /opt/hostedtoolcache/CodeQL/2.27.1/x64/codeql/qlpacks/codeql/python-queries/1.8.11/Functions/ConsistentReturns.ql.
[2026-10-05 03:48:10] [SPAMMY] resolve queries> Query Filter: Implicitly candidating /opt/hostedtoolcache/CodeQL/2.27.1/x64/codeql/qlpacks/codeql/python-queries/1.8.11/Functions/NonCls.ql.
[2026-10-05 03:48:10] [SPAMMY] resolve queries> Query Filter: Implicitly candidating /opt/hostedtoolcache/CodeQL/2.27.1/x64/codeql/qlpacks/codeql/python-queries/1.8.11/utils/modeleditor/FrameworkModeEndpoints.ql.
[2026-10-05 03:48:10] [SPAMMY] resolve queries> Query Filter: Implicitly candidating /opt/hostedtoolcache/CodeQL/2.27.1/x64/codeql/qlpacks/codeql/python-queries/1.8.11/Statements/SideEffectInAssert.ql.
[2026-10-05 03:48:10] [SPAMMY] resolve queries> Query Filter: Implicitly candidating /opt/hostedtoolcache/CodeQL/2.27.1/x64/codeql/qlpacks/codeql/python-queries/1.8.11/Statements/StringConcatenationInLoop.ql.
[2026-10-05 03:48:10] [SPAMMY] resolve queries> Query Filter: Implicitly candidating /opt/hostedtoolcache/CodeQL/2.27.1/x64/codeql/qlpacks/codeql/python-queries/1.8.11/Statements/AssertLiteralConstant.ql.
[2026-10-05 03:48:10] [SPAMMY] resolve queries> Query Filter: Implicitly candidating /opt/hostedtoolcache/CodeQL/2.27.1/x64/codeql/qlpacks/codeql/python-queries/1.8.11/Statements/TopLevelPrint.ql.
[2026-10-05 03:48:10] [SPAMMY] resolve queries> Query Filter: Implicitly candidating /opt/hostedtoolcache/CodeQL/2.27.1/x64/codeql/qlpacks/codeql/python-queries/1.8.11/Statements/NonIteratorInForLoop.ql.
[2026-10-05 03:48:10] [SPAMMY] resolve queries> Query Filter: Implicitly candidating /opt/hostedtoolcache/CodeQL/2.27.1/x64/codeql/qlpacks/codeql/python-queries/1.8.11/Statements/AssertOnTuple.ql.
[2026-10-05 03:48:10] [SPAMMY] resolve queries> Query Filter: Implicitly candidating /opt/hostedtoolcache/CodeQL/2.27.1/x64/codeql/qlpacks/codeql/python-queries/1.8.11/Statements/StatementNoEffect.ql.
[2026-10-05 03:48:10] [SPAMMY] resolve queries> Query Filter: Implicitly candidating /opt/hostedtoolcache/CodeQL/2.27.1/x64/codeql/qlpacks/codeql/python-queries/1.8.11/Statements/NestedLoopsSameVariableWithReuse.ql.
[2026-10-05 03:48:10] [SPAMMY] resolve queries> Query Filter: Implicitly candidating /opt/hostedtoolcache/CodeQL/2.27.1/x64/codeql/qlpacks/codeql/python-queries/1.8.11/Statements/UseOfExit.ql.
[2026-10-05 03:48:10] [SPAMMY] resolve queries> Query Filter: Implicitly candidating /opt/hostedtoolcache/CodeQL/2.27.1/x64/codeql/qlpacks/codeql/python-queries/1.8.11/Statements/BreakOrReturnInFinally.ql.
[2026-10-05 03:48:10] [SPAMMY] resolve queries> Query Filter: Implicitly candidating /opt/hostedtoolcache/CodeQL/2.27.1/x64/codeql/qlpacks/codeql/python-queries/1.8.11/Statements/C_StyleParentheses.ql.
[2026-10-05 03:48:10] [SPAMMY] resolve queries> Query Filter: Implicitly candidating /opt/hostedtoolcache/CodeQL/2.27.1/x64/codeql/qlpacks/codeql/python-queries/1.8.11/Statements/IterableStringOrSequence.ql.
[2026-10-05 03:48:10] [SPAMMY] resolve queries> Query Filter: Implicitly candidating /opt/hostedtoolcache/CodeQL/2.27.1/x64/codeql/qlpacks/codeql/python-queries/1.8.11/Statements/ReturnOrYieldOutsideFunction.ql.
[2026-10-05 03:48:10] [SPAMMY] resolve queries> Query Filter: Implicitly candidating /opt/hostedtoolcache/CodeQL/2.27.1/x64/codeql/qlpacks/codeql/python-queries/1.8.11/Statements/UnreachableCode.ql.
[2026-10-05 03:48:10] [SPAMMY] resolve queries> Query Filter: Implicitly candidating /opt/hostedtoolcache/CodeQL/2.27.1/x64/codeql/qlpacks/codeql/python-queries/1.8.11/Statements/NestedLoopsSameVariable.ql.
[2026-10-05 03:48:10] [SPAMMY] resolve queries> Query Filter: Implicitly candidating /opt/hostedtoolcache/CodeQL/2.27.1/x64/codeql/qlpacks/codeql/python-queries/1.8.11/Statements/UnnecessaryDelete.ql.
[2026-10-05 03:48:10] [SPAMMY] resolve queries> Query Filter: Implicitly candidating /opt/hostedtoolcache/CodeQL/2.27.1/x64/codeql/qlpacks/codeql/python-queries/1.8.11/Statements/UnnecessaryElseClause.ql.
[2026-10-05 03:48:10] [SPAMMY] resolve queries> Query Filter: Implicitly candidating /opt/hostedtoolcache/CodeQL/2.27.1/x64/codeql/qlpacks/codeql/python-queries/1.8.11/Statements/DocStrings.ql.
[2026-10-05 03:48:10] [SPAMMY] resolve queries> Query Filter: Implicitly candidating /opt/hostedtoolcache/CodeQL/2.27.1/x64/codeql/qlpacks/codeql/python-queries/1.8.11/Statements/ModificationOfLocals.ql.
[2026-10-05 03:48:10] [SPAMMY] resolve queries> Query Filter: Implicitly candidating /opt/hostedtoolcache/CodeQL/2.27.1/x64/codeql/qlpacks/codeql/python-queries/1.8.11/Statements/MismatchInMultipleAssignment.ql.
[2026-10-05 03:48:10] [SPAMMY] resolve queries> Query Filter: Implicitly candidating /opt/hostedtoolcache/CodeQL/2.27.1/x64/codeql/qlpacks/codeql/python-queries/1.8.11/Statements/ExecUsed.ql.
[2026-10-05 03:48:10] [SPAMMY] resolve queries> Query Filter: Implicitly candidating /opt/hostedtoolcache/CodeQL/2.27.1/x64/codeql/qlpacks/codeql/python-queries/1.8.11/Statements/RedundantAssignment.ql.
[2026-10-05 03:48:10] [SPAMMY] resolve queries> Query Filter: Implicitly candidating /opt/hostedtoolcache/CodeQL/2.27.1/x64/codeql/qlpacks/codeql/python-queries/1.8.11/Statements/UnnecessaryPass.ql.
[2026-10-05 03:48:10] [SPAMMY] resolve queries> Query Filter: Implicitly candidating /opt/hostedtoolcache/CodeQL/2.27.1/x64/codeql/qlpacks/codeql/python-queries/1.8.11/Statements/UnusedExceptionObject.ql.
[2026-10-05 03:48:10] [SPAMMY] resolve queries> Query Filter: Implicitly candidating /opt/hostedtoolcache/CodeQL/2.27.1/x64/codeql/qlpacks/codeql/python-queries/1.8.11/Statements/ShouldUseWithStatement.ql.
[2026-10-05 03:48:10] [SPAMMY] resolve queries> Query Filter: Implicitly candidating /opt/hostedtoolcache/CodeQL/2.27.1/x64/codeql/qlpacks/codeql/python-queries/1.8.11/Statements/ConstantInConditional.ql.
[2026-10-05 03:48:10] [SPAMMY] resolve queries> Query Filter: Implicitly candidating /opt/hostedtoolcache/CodeQL/2.27.1/x64/codeql/qlpacks/codeql/python-queries/1.8.11/Filters/ClassifyFiles.ql.
[2026-10-05 03:48:10] [SPAMMY] resolve queries> Query Filter: Implicitly candidating /opt/hostedtoolcache/CodeQL/2.27.1/x64/codeql/qlpacks/codeql/python-queries/1.8.11/experimental/cryptography/example_alerts/WeakKDFSaltSize.ql.
[2026-10-05 03:48:10] [SPAMMY] resolve queries> Query Filter: Implicitly candidating /opt/hostedtoolcache/CodeQL/2.27.1/x64/codeql/qlpacks/codeql/python-queries/1.8.11/experimental/cryptography/example_alerts/WeakHashes.ql.
[2026-10-05 03:48:10] [SPAMMY] resolve queries> Query Filter: Implicitly candidating /opt/hostedtoolcache/CodeQL/2.27.1/x64/codeql/qlpacks/codeql/python-queries/1.8.11/experimental/cryptography/example_alerts/WeakAsymmetricPadding.ql.
[2026-10-05 03:48:10] [SPAMMY] resolve queries> Query Filter: Implicitly candidating /opt/hostedtoolcache/CodeQL/2.27.1/x64/codeql/qlpacks/codeql/python-queries/1.8.11/experimental/cryptography/example_alerts/WeakKDFIteration.ql.
[2026-10-05 03:48:10] [SPAMMY] resolve queries> Query Filter: Implicitly candidating /opt/hostedtoolcache/CodeQL/2.27.1/x64/codeql/qlpacks/codeql/python-queries/1.8.11/experimental/cryptography/example_alerts/WeakEllipticCurve.ql.
[2026-10-05 03:48:10] [SPAMMY] resolve queries> Query Filter: Implicitly candidating /opt/hostedtoolcache/CodeQL/2.27.1/x64/codeql/qlpacks/codeql/python-queries/1.8.11/experimental/cryptography/example_alerts/WeakKDFSaltGen.ql.
[2026-10-05 03:48:10] [SPAMMY] resolve queries> Query Filter: Implicitly candidating /opt/hostedtoolcache/CodeQL/2.27.1/x64/codeql/qlpacks/codeql/python-queries/1.8.11/experimental/cryptography/example_alerts/WeakBlockMode.ql.
[2026-10-05 03:48:10] [SPAMMY] resolve queries> Query Filter: Implicitly candidating /opt/hostedtoolcache/CodeQL/2.27.1/x64/codeql/qlpacks/codeql/python-queries/1.8.11/experimental/cryptography/example_alerts/UnknownAsymmetricKeyGen.ql.
[2026-10-05 03:48:10] [SPAMMY] resolve queries> Query Filter: Implicitly candidating /opt/hostedtoolcache/CodeQL/2.27.1/x64/codeql/qlpacks/codeql/python-queries/1.8.11/experimental/cryptography/example_alerts/WeakBlockModeIVorNonce.ql.
[2026-10-05 03:48:10] [SPAMMY] resolve queries> Query Filter: Implicitly candidating /opt/hostedtoolcache/CodeQL/2.27.1/x64/codeql/qlpacks/codeql/python-queries/1.8.11/experimental/cryptography/example_alerts/WeakKDFMode.ql.
[2026-10-05 03:48:10] [SPAMMY] resolve queries> Query Filter: Implicitly candidating /opt/hostedtoolcache/CodeQL/2.27.1/x64/codeql/qlpacks/codeql/python-queries/1.8.11/experimental/cryptography/example_alerts/WeakKDFKeyLength.ql.
[2026-10-05 03:48:10] [SPAMMY] resolve queries> Query Filter: Implicitly candidating /opt/hostedtoolcache/CodeQL/2.27.1/x64/codeql/qlpacks/codeql/python-queries/1.8.11/experimental/cryptography/example_alerts/WeakKDFAlgorithm.ql.
[2026-10-05 03:48:10] [SPAMMY] resolve queries> Query Filter: Implicitly candidating /opt/hostedtoolcache/CodeQL/2.27.1/x64/codeql/qlpacks/codeql/python-queries/1.8.11/experimental/cryptography/example_alerts/WeakSymmetricEncryption.ql.
[2026-10-05 03:48:10] [SPAMMY] resolve queries> Query Filter: Implicitly candidating /opt/hostedtoolcache/CodeQL/2.27.1/x64/codeql/qlpacks/codeql/python-queries/1.8.11/experimental/cryptography/example_alerts/WeakAsymmetricKeyGen.ql.
[2026-10-05 03:48:10] [SPAMMY] resolve queries> Query Filter: Implicitly candidating /opt/hostedtoolcache/CodeQL/2.27.1/x64/codeql/qlpacks/codeql/python-queries/1.8.11/experimental/cryptography/inventory/old_models/AllCryptoAlgorithms.ql.
[2026-10-05 03:48:10] [SPAMMY] resolve queries> Query Filter: Implicitly candidating /opt/hostedtoolcache/CodeQL/2.27.1/x64/codeql/qlpacks/codeql/python-queries/1.8.11/experimental/cryptography/inventory/old_models/HashingAlgorithms.ql.
[2026-10-05 03:48:10] [SPAMMY] resolve queries> Query Filter: Implicitly candidating /opt/hostedtoolcache/CodeQL/2.27.1/x64/codeql/qlpacks/codeql/python-queries/1.8.11/experimental/cryptography/inventory/old_models/BlockModeAlgorithms.ql.
[2026-10-05 03:48:10] [SPAMMY] resolve queries> Query Filter: Implicitly candidating /opt/hostedtoolcache/CodeQL/2.27.1/x64/codeql/qlpacks/codeql/python-queries/1.8.11/experimental/cryptography/inventory/new_models/BlockModeKnownIVsOrNonces.ql.
[2026-10-05 03:48:10] [SPAMMY] resolve queries> Query Filter: Implicitly candidating /opt/hostedtoolcache/CodeQL/2.27.1/x64/codeql/qlpacks/codeql/python-queries/1.8.11/experimental/cryptography/inventory/new_models/EllipticCurveAlgorithms.ql.
[2026-10-05 03:48:10] [SPAMMY] resolve queries> Query Filter: Implicitly candidating /opt/hostedtoolcache/CodeQL/2.27.1/x64/codeql/qlpacks/codeql/python-queries/1.8.11/experimental/cryptography/inventory/new_models/KeyDerivationAlgorithms.ql.
[2026-10-05 03:48:10] [SPAMMY] resolve queries> Query Filter: Implicitly candidating /opt/hostedtoolcache/CodeQL/2.27.1/x64/codeql/qlpacks/codeql/python-queries/1.8.11/experimental/cryptography/inventory/new_models/SymmetricPaddingAlgorithms.ql.
[2026-10-05 03:48:10] [SPAMMY] resolve queries> Query Filter: Implicitly candidating /opt/hostedtoolcache/CodeQL/2.27.1/x64/codeql/qlpacks/codeql/python-queries/1.8.11/experimental/cryptography/inventory/new_models/BlockModeUnknownIVsOrNonces.ql.
[2026-10-05 03:48:10] [SPAMMY] resolve queries> Query Filter: Implicitly candidating /opt/hostedtoolcache/CodeQL/2.27.1/x64/codeql/qlpacks/codeql/python-queries/1.8.11/experimental/cryptography/inventory/new_models/AsymmetricEncryptionAlgorithms.ql.
[2026-10-05 03:48:10] [SPAMMY] resolve queries> Query Filter: Implicitly candidating /opt/hostedtoolcache/CodeQL/2.27.1/x64/codeql/qlpacks/codeql/python-queries/1.8.11/experimental/cryptography/inventory/new_models/SigningAlgorithms.ql.
[2026-10-05 03:48:10] [SPAMMY] resolve queries> Query Filter: Implicitly candidating /opt/hostedtoolcache/CodeQL/2.27.1/x64/codeql/qlpacks/codeql/python-queries/1.8.11/experimental/cryptography/inventory/new_models/SymmetricEncryptionAlgorithms.ql.
[2026-10-05 03:48:10] [SPAMMY] resolve queries> Query Filter: Implicitly candidating /opt/hostedtoolcache/CodeQL/2.27.1/x64/codeql/qlpacks/codeql/python-queries/1.8.11/experimental/cryptography/inventory/new_models/AllCryptoAlgorithms.ql.
[2026-10-05 03:48:10] [SPAMMY] resolve queries> Query Filter: Implicitly candidating /opt/hostedtoolcache/CodeQL/2.27.1/x64/codeql/qlpacks/codeql/python-queries/1.8.11/experimental/cryptography/inventory/new_models/AllAsymmetricAlgorithms.ql.
[2026-10-05 03:48:10] [SPAMMY] resolve queries> Query Filter: Implicitly candidating /opt/hostedtoolcache/CodeQL/2.27.1/x64/codeql/qlpacks/codeql/python-queries/1.8.11/experimental/cryptography/inventory/new_models/AsymmetricKeyGenOperation.ql.
[2026-10-05 03:48:10] [SPAMMY] resolve queries> Query Filter: Implicitly candidating /opt/hostedtoolcache/CodeQL/2.27.1/x64/codeql/qlpacks/codeql/python-queries/1.8.11/experimental/cryptography/inventory/new_models/AuthenticatedEncryptionAlgorithms.ql.
[2026-10-05 03:48:10] [SPAMMY] resolve queries> Query Filter: Implicitly candidating /opt/hostedtoolcache/CodeQL/2.27.1/x64/codeql/qlpacks/codeql/python-queries/1.8.11/experimental/cryptography/inventory/new_models/HashingAlgorithms.ql.
[2026-10-05 03:48:10] [SPAMMY] resolve queries> Query Filter: Implicitly candidating /opt/hostedtoolcache/CodeQL/2.27.1/x64/codeql/qlpacks/codeql/python-queries/1.8.11/experimental/cryptography/inventory/new_models/KeyExchangeAlgorithms.ql.
[2026-10-05 03:48:10] [SPAMMY] resolve queries> Query Filter: Implicitly candidating /opt/hostedtoolcache/CodeQL/2.27.1/x64/codeql/qlpacks/codeql/python-queries/1.8.11/experimental/cryptography/inventory/new_models/AsymmetricPaddingAlgorithms.ql.
[2026-10-05 03:48:10] [SPAMMY] resolve queries> Query Filter: Implicitly candidating /opt/hostedtoolcache/CodeQL/2.27.1/x64/codeql/qlpacks/codeql/python-queries/1.8.11/experimental/cryptography/inventory/new_models/BlockModeAlgorithms.ql.
[2026-10-05 03:48:10] [SPAMMY] resolve queries> Query Filter: Implicitly candidating /opt/hostedtoolcache/CodeQL/2.27.1/x64/codeql/qlpacks/codeql/python-queries/1.8.11/experimental/Classes/NamingConventionsClasses.ql.
[2026-10-05 03:48:10] [SPAMMY] resolve queries> Query Filter: Implicitly candidating /opt/hostedtoolcache/CodeQL/2.27.1/x64/codeql/qlpacks/codeql/python-queries/1.8.11/experimental/Functions/NamingConventionsFunctions.ql.
[2026-10-05 03:48:10] [SPAMMY] resolve queries> Query Filter: Implicitly candidating /opt/hostedtoolcache/CodeQL/2.27.1/x64/codeql/qlpacks/codeql/python-queries/1.8.11/experimental/Security/CWE-208/TimingAttackAgainstHeaderValue/TimingAttackAgainstHeaderValue.ql.
[2026-10-05 03:48:10] [SPAMMY] resolve queries> Query Filter: Implicitly candidating /opt/hostedtoolcache/CodeQL/2.27.1/x64/codeql/qlpacks/codeql/python-queries/1.8.11/experimental/Security/CWE-208/TimingAttackAgainstSensitiveInfo/PossibleTimingAttackAgainstSensitiveInfo.ql.
[2026-10-05 03:48:10] [SPAMMY] resolve queries> Query Filter: Implicitly candidating /opt/hostedtoolcache/CodeQL/2.27.1/x64/codeql/qlpacks/codeql/python-queries/1.8.11/experimental/Security/CWE-208/TimingAttackAgainstSensitiveInfo/TimingAttackAgainstSensitiveInfo.ql.
[2026-10-05 03:48:10] [SPAMMY] resolve queries> Query Filter: Implicitly candidating /opt/hostedtoolcache/CodeQL/2.27.1/x64/codeql/qlpacks/codeql/python-queries/1.8.11/experimental/Security/CWE-208/TimingAttackAgainstHash/TimingAttackAgainstHash.ql.
[2026-10-05 03:48:10] [SPAMMY] resolve queries> Query Filter: Implicitly candidating /opt/hostedtoolcache/CodeQL/2.27.1/x64/codeql/qlpacks/codeql/python-queries/1.8.11/experimental/Security/CWE-208/TimingAttackAgainstHash/PossibleTimingAttackAgainstHash.ql.
[2026-10-05 03:48:10] [SPAMMY] resolve queries> Query Filter: Implicitly candidating /opt/hostedtoolcache/CodeQL/2.27.1/x64/codeql/qlpacks/codeql/python-queries/1.8.11/experimental/Security/CWE-022bis/TarSlipImprov.ql.
[2026-10-05 03:48:10] [SPAMMY] resolve queries> Query Filter: Implicitly candidating /opt/hostedtoolcache/CodeQL/2.27.1/x64/codeql/qlpacks/codeql/python-queries/1.8.11/experimental/Security/CWE-022bis/UnsafeUnpack.ql.
[2026-10-05 03:48:10] [SPAMMY] resolve queries> Query Filter: Implicitly candidating /opt/hostedtoolcache/CodeQL/2.27.1/x64/codeql/qlpacks/codeql/python-queries/1.8.11/experimental/Security/CWE-079/EmailXss.ql.
[2026-10-05 03:48:10] [SPAMMY] resolve queries> Query Filter: Implicitly candidating /opt/hostedtoolcache/CodeQL/2.27.1/x64/codeql/qlpacks/codeql/python-queries/1.8.11/experimental/Security/CWE-1236/CsvInjection.ql.
[2026-10-05 03:48:10] [SPAMMY] resolve queries> Query Filter: Implicitly candidating /opt/hostedtoolcache/CodeQL/2.27.1/x64/codeql/qlpacks/codeql/python-queries/1.8.11/experimental/Security/CWE-022/ZipSlip.ql.
[2026-10-05 03:48:10] [SPAMMY] resolve queries> Query Filter: Implicitly candidating /opt/hostedtoolcache/CodeQL/2.27.1/x64/codeql/qlpacks/codeql/python-queries/1.8.11/experimental/Security/CWE-094/Js2Py.ql.
[2026-10-05 03:48:10] [SPAMMY] resolve queries> Query Filter: Implicitly candidating /opt/hostedtoolcache/CodeQL/2.27.1/x64/codeql/qlpacks/codeql/python-queries/1.8.11/experimental/Security/CWE-942/CorsMisconfigurationMiddleware.ql.
[2026-10-05 03:48:10] [SPAMMY] resolve queries> Query Filter: Implicitly candidating /opt/hostedtoolcache/CodeQL/2.27.1/x64/codeql/qlpacks/codeql/python-queries/1.8.11/experimental/Security/CWE-522/LdapInsecureAuth.ql.
[2026-10-05 03:48:10] [SPAMMY] resolve queries> Query Filter: Implicitly candidating /opt/hostedtoolcache/CodeQL/2.27.1/x64/codeql/qlpacks/codeql/python-queries/1.8.11/experimental/Security/CWE-338/InsecureRandomness.ql.
[2026-10-05 03:48:10] [SPAMMY] resolve queries> Query Filter: Implicitly candidating /opt/hostedtoolcache/CodeQL/2.27.1/x64/codeql/qlpacks/codeql/python-queries/1.8.11/experimental/Security/CWE-770/UnicodeDoS.ql.
[2026-10-05 03:48:10] [SPAMMY] resolve queries> Query Filter: Implicitly candidating /opt/hostedtoolcache/CodeQL/2.27.1/x64/codeql/qlpacks/codeql/python-queries/1.8.11/experimental/Security/CWE-611/SimpleXmlRpcServer.ql.
[2026-10-05 03:48:10] [SPAMMY] resolve queries> Query Filter: Implicitly candidating /opt/hostedtoolcache/CodeQL/2.27.1/x64/codeql/qlpacks/codeql/python-queries/1.8.11/experimental/Security/CWE-176/UnicodeBypassValidation.ql.
[2026-10-05 03:48:10] [SPAMMY] resolve queries> Query Filter: Implicitly candidating /opt/hostedtoolcache/CodeQL/2.27.1/x64/codeql/qlpacks/codeql/python-queries/1.8.11/experimental/Security/CWE-347/JWTMissingSecretOrPublicKeyVerification.ql.
[2026-10-05 03:48:10] [SPAMMY] resolve queries> Query Filter: Implicitly candidating /opt/hostedtoolcache/CodeQL/2.27.1/x64/codeql/qlpacks/codeql/python-queries/1.8.11/experimental/Security/CWE-347/JWTEmptyKeyOrAlgorithm.ql.
[2026-10-05 03:48:10] [SPAMMY] resolve queries> Query Filter: Implicitly candidating /opt/hostedtoolcache/CodeQL/2.27.1/x64/codeql/qlpacks/codeql/python-queries/1.8.11/experimental/Security/CWE-287-ConstantSecretKey/WebAppConstantSecretKey.ql.
[2026-10-05 03:48:10] [SPAMMY] resolve queries> Query Filter: Implicitly candidating /opt/hostedtoolcache/CodeQL/2.27.1/x64/codeql/qlpacks/codeql/python-queries/1.8.11/experimental/Security/CWE-340/TokenBuiltFromUUID.ql.
[2026-10-05 03:48:10] [SPAMMY] resolve queries> Query Filter: Implicitly candidating /opt/hostedtoolcache/CodeQL/2.27.1/x64/codeql/qlpacks/codeql/python-queries/1.8.11/experimental/Security/CWE-1427/PromptInjection.ql.
[2026-10-05 03:48:10] [SPAMMY] resolve queries> Query Filter: Implicitly candidating /opt/hostedtoolcache/CodeQL/2.27.1/x64/codeql/qlpacks/codeql/python-queries/1.8.11/experimental/Security/CWE-348/ClientSuppliedIpUsedInSecurityCheck.ql.
[2026-10-05 03:48:10] [SPAMMY] resolve queries> Query Filter: Implicitly candidating /opt/hostedtoolcache/CodeQL/2.27.1/x64/codeql/qlpacks/codeql/python-queries/1.8.11/experimental/Security/CWE-074/remoteCommandExecution/RemoteCommandExecution.ql.
[2026-10-05 03:48:10] [SPAMMY] resolve queries> Query Filter: Implicitly candidating /opt/hostedtoolcache/CodeQL/2.27.1/x64/codeql/qlpacks/codeql/python-queries/1.8.11/experimental/Security/CWE-091/XsltInjection.ql.
[2026-10-05 03:48:10] [SPAMMY] resolve queries> Query Filter: Implicitly candidating /opt/hostedtoolcache/CodeQL/2.27.1/x64/codeql/qlpacks/codeql/python-queries/1.8.11/experimental/Security/CWE-346/CorsBypass.ql.
[2026-10-05 03:48:10] [SPAMMY] resolve queries> Query Filter: Implicitly candidating /opt/hostedtoolcache/CodeQL/2.27.1/x64/codeql/qlpacks/codeql/python-queries/1.8.11/experimental/Security/CWE-409/DecompressionBombs.ql.
[2026-10-05 03:48:10] [SPAMMY] resolve queries> Query Filter: Implicitly candidating /opt/hostedtoolcache/CodeQL/2.27.1/x64/codeql/qlpacks/codeql/python-queries/1.8.11/experimental/Security/CWE-327/Azure/UnsafeUsageOfClientSideEncryptionVersion.ql.
[2026-10-05 03:48:10] [SPAMMY] resolve queries> Query Filter: Implicitly candidating /opt/hostedtoolcache/CodeQL/2.27.1/x64/codeql/qlpacks/codeql/python-queries/1.8.11/experimental/Security/CWE-287/ImproperLdapAuth.ql.
[2026-10-05 03:48:10] [SPAMMY] resolve queries> Query Filter: Implicitly candidating /opt/hostedtoolcache/CodeQL/2.27.1/x64/codeql/qlpacks/codeql/python-queries/1.8.11/Summary/LinesOfUserCode.ql.
[2026-10-05 03:48:10] [SPAMMY] resolve queries> Query Filter: Implicitly candidating /opt/hostedtoolcache/CodeQL/2.27.1/x64/codeql/qlpacks/codeql/python-queries/1.8.11/Summary/LinesOfCode.ql.
[2026-10-05 03:48:10] [SPAMMY] resolve queries> Query Filter: Implicitly candidating /opt/hostedtoolcache/CodeQL/2.27.1/x64/codeql/qlpacks/codeql/python-queries/1.8.11/Testing/ImpreciseAssert.ql.
[2026-10-05 03:48:10] [SPAMMY] resolve queries> Query Filter: Implicitly candidating /opt/hostedtoolcache/CodeQL/2.27.1/x64/codeql/qlpacks/codeql/python-queries/1.8.11/meta/alerts/InterestingTaintSinks.ql.
[2026-10-05 03:48:10] [SPAMMY] resolve queries> Query Filter: Implicitly candidating /opt/hostedtoolcache/CodeQL/2.27.1/x64/codeql/qlpacks/codeql/python-queries/1.8.11/meta/alerts/RemoteFlowSourcesReach.ql.
[2026-10-05 03:48:10] [SPAMMY] resolve queries> Query Filter: Implicitly candidating /opt/hostedtoolcache/CodeQL/2.27.1/x64/codeql/qlpacks/codeql/python-queries/1.8.11/meta/alerts/RequestHandlers.ql.
[2026-10-05 03:48:10] [SPAMMY] resolve queries> Query Filter: Implicitly candidating /opt/hostedtoolcache/CodeQL/2.27.1/x64/codeql/qlpacks/codeql/python-queries/1.8.11/meta/alerts/RemoteFlowSources.ql.
[2026-10-05 03:48:10] [SPAMMY] resolve queries> Query Filter: Implicitly candidating /opt/hostedtoolcache/CodeQL/2.27.1/x64/codeql/qlpacks/codeql/python-queries/1.8.11/meta/alerts/TaintSinks.ql.
[2026-10-05 03:48:10] [SPAMMY] resolve queries> Query Filter: Implicitly candidating /opt/hostedtoolcache/CodeQL/2.27.1/x64/codeql/qlpacks/codeql/python-queries/1.8.11/meta/ClassHierarchy/Find.ql.
[2026-10-05 03:48:10] [SPAMMY] resolve queries> Query Filter: Implicitly candidating /opt/hostedtoolcache/CodeQL/2.27.1/x64/codeql/qlpacks/codeql/python-queries/1.8.11/meta/debug/SimpleClassDebug.ql.
[2026-10-05 03:48:10] [SPAMMY] resolve queries> Query Filter: Implicitly candidating /opt/hostedtoolcache/CodeQL/2.27.1/x64/codeql/qlpacks/codeql/python-queries/1.8.11/meta/debug/DebugStats.ql.
[2026-10-05 03:48:10] [SPAMMY] resolve queries> Query Filter: Implicitly candidating /opt/hostedtoolcache/CodeQL/2.27.1/x64/codeql/qlpacks/codeql/python-queries/1.8.11/meta/analysis-quality/TTCallGraphNew.ql.
[2026-10-05 03:48:10] [SPAMMY] resolve queries> Query Filter: Implicitly candidating /opt/hostedtoolcache/CodeQL/2.27.1/x64/codeql/qlpacks/codeql/python-queries/1.8.11/meta/analysis-quality/PointsToResolvableCallRatio.ql.
[2026-10-05 03:48:10] [SPAMMY] resolve queries> Query Filter: Implicitly candidating /opt/hostedtoolcache/CodeQL/2.27.1/x64/codeql/qlpacks/codeql/python-queries/1.8.11/meta/analysis-quality/TTCallGraphMissing.ql.
[2026-10-05 03:48:10] [SPAMMY] resolve queries> Query Filter: Implicitly candidating /opt/hostedtoolcache/CodeQL/2.27.1/x64/codeql/qlpacks/codeql/python-queries/1.8.11/meta/analysis-quality/CallGraph.ql.
[2026-10-05 03:48:10] [SPAMMY] resolve queries> Query Filter: Implicitly candidating /opt/hostedtoolcache/CodeQL/2.27.1/x64/codeql/qlpacks/codeql/python-queries/1.8.11/meta/analysis-quality/TTCallGraph.ql.
[2026-10-05 03:48:10] [SPAMMY] resolve queries> Query Filter: Implicitly candidating /opt/hostedtoolcache/CodeQL/2.27.1/x64/codeql/qlpacks/codeql/python-queries/1.8.11/meta/analysis-quality/SummarizedCallableCallSites.ql.
[2026-10-05 03:48:10] [SPAMMY] resolve queries> Query Filter: Implicitly candidating /opt/hostedtoolcache/CodeQL/2.27.1/x64/codeql/qlpacks/codeql/python-queries/1.8.11/meta/analysis-quality/TTCallGraphNewAmbiguous.ql.
[2026-10-05 03:48:10] [SPAMMY] resolve queries> Query Filter: Implicitly candidating /opt/hostedtoolcache/CodeQL/2.27.1/x64/codeql/qlpacks/codeql/python-queries/1.8.11/meta/analysis-quality/TTCallGraphOverview.ql.
[2026-10-05 03:48:10] [SPAMMY] resolve queries> Query Filter: Implicitly candidating /opt/hostedtoolcache/CodeQL/2.27.1/x64/codeql/qlpacks/codeql/python-queries/1.8.11/meta/analysis-quality/PointsToResolvableCalls.ql.
[2026-10-05 03:48:10] [SPAMMY] resolve queries> Query Filter: Implicitly candidating /opt/hostedtoolcache/CodeQL/2.27.1/x64/codeql/qlpacks/codeql/python-queries/1.8.11/meta/analysis-quality/TTCallGraphShared.ql.
[2026-10-05 03:48:10] [SPAMMY] resolve queries> Query Filter: Implicitly candidating /opt/hostedtoolcache/CodeQL/2.27.1/x64/codeql/qlpacks/codeql/python-queries/1.8.11/meta/analysis-quality/PointsToResolvableCallsRelevantTarget.ql.
[2026-10-05 03:48:10] [SPAMMY] resolve queries> Query Filter: Implicitly candidating /opt/hostedtoolcache/CodeQL/2.27.1/x64/codeql/qlpacks/codeql/python-queries/1.8.11/meta/analysis-quality/ResolvableCallCandidates.ql.
[2026-10-05 03:48:10] [SPAMMY] resolve queries> Query Filter: Implicitly candidating /opt/hostedtoolcache/CodeQL/2.27.1/x64/codeql/qlpacks/codeql/python-queries/1.8.11/Numerics/Pythagorean.ql.
[2026-10-05 03:48:10] [SPAMMY] resolve queries> Query Filter: Implicitly candidating /opt/hostedtoolcache/CodeQL/2.27.1/x64/codeql/qlpacks/codeql/python-queries/1.8.11/Exceptions/RaisingTuple.ql.
[2026-10-05 03:48:10] [SPAMMY] resolve queries> Query Filter: Implicitly candidating /opt/hostedtoolcache/CodeQL/2.27.1/x64/codeql/qlpacks/codeql/python-queries/1.8.11/Exceptions/IllegalExceptionHandlerType.ql.
[2026-10-05 03:48:10] [SPAMMY] resolve queries> Query Filter: Implicitly candidating /opt/hostedtoolcache/CodeQL/2.27.1/x64/codeql/qlpacks/codeql/python-queries/1.8.11/Exceptions/IllegalRaise.ql.
[2026-10-05 03:48:10] [SPAMMY] resolve queries> Query Filter: Implicitly candidating /opt/hostedtoolcache/CodeQL/2.27.1/x64/codeql/qlpacks/codeql/python-queries/1.8.11/Exceptions/UnguardedNextInGenerator.ql.
[2026-10-05 03:48:10] [SPAMMY] resolve queries> Query Filter: Implicitly candidating /opt/hostedtoolcache/CodeQL/2.27.1/x64/codeql/qlpacks/codeql/python-queries/1.8.11/Exceptions/IncorrectExceptOrder.ql.
[2026-10-05 03:48:10] [SPAMMY] resolve queries> Query Filter: Implicitly candidating /opt/hostedtoolcache/CodeQL/2.27.1/x64/codeql/qlpacks/codeql/python-queries/1.8.11/Exceptions/CatchingBaseException.ql.
[2026-10-05 03:48:10] [SPAMMY] resolve queries> Query Filter: Implicitly candidating /opt/hostedtoolcache/CodeQL/2.27.1/x64/codeql/qlpacks/codeql/python-queries/1.8.11/Exceptions/EmptyExcept.ql.
[2026-10-05 03:48:10] [SPAMMY] resolve queries> Query Filter: Implicitly candidating /opt/hostedtoolcache/CodeQL/2.27.1/x64/codeql/qlpacks/codeql/python-queries/1.8.11/Exceptions/NotImplementedIsNotAnException.ql.
[2026-10-05 03:48:10] [SPAMMY] resolve queries> Query Filter: Implicitly candidating /opt/hostedtoolcache/CodeQL/2.27.1/x64/codeql/qlpacks/codeql/python-queries/1.8.11/Security/CWE-918/FullServerSideRequestForgery.ql.
[2026-10-05 03:48:10] [SPAMMY] resolve queries> Query Filter: Implicitly candidating /opt/hostedtoolcache/CodeQL/2.27.1/x64/codeql/qlpacks/codeql/python-queries/1.8.11/Security/CWE-918/PartialServerSideRequestForgery.ql.
[2026-10-05 03:48:10] [SPAMMY] resolve queries> Query Filter: Implicitly candidating /opt/hostedtoolcache/CodeQL/2.27.1/x64/codeql/qlpacks/codeql/python-queries/1.8.11/Security/CWE-079/ReflectedXss.ql.
[2026-10-05 03:48:10] [SPAMMY] resolve queries> Query Filter: Implicitly candidating /opt/hostedtoolcache/CodeQL/2.27.1/x64/codeql/qlpacks/codeql/python-queries/1.8.11/Security/CWE-079/Jinja2WithoutEscaping.ql.
[2026-10-05 03:48:10] [SPAMMY] resolve queries> Query Filter: Implicitly candidating /opt/hostedtoolcache/CodeQL/2.27.1/x64/codeql/qlpacks/codeql/python-queries/1.8.11/Security/CWE-326/WeakCryptoKey.ql.
[2026-10-05 03:48:10] [SPAMMY] resolve queries> Query Filter: Implicitly candidating /opt/hostedtoolcache/CodeQL/2.27.1/x64/codeql/qlpacks/codeql/python-queries/1.8.11/Security/CWE-022/TarSlip.ql.
[2026-10-05 03:48:10] [SPAMMY] resolve queries> Query Filter: Implicitly candidating /opt/hostedtoolcache/CodeQL/2.27.1/x64/codeql/qlpacks/codeql/python-queries/1.8.11/Security/CWE-022/PathInjection.ql.
[2026-10-05 03:48:10] [SPAMMY] resolve queries> Query Filter: Implicitly candidating /opt/hostedtoolcache/CodeQL/2.27.1/x64/codeql/qlpacks/codeql/python-queries/1.8.11/Security/CWE-116/BadTagFilter.ql.
[2026-10-05 03:48:10] [SPAMMY] resolve queries> Query Filter: Implicitly candidating /opt/hostedtoolcache/CodeQL/2.27.1/x64/codeql/qlpacks/codeql/python-queries/1.8.11/Security/CWE-943/NoSqlInjection.ql.
[2026-10-05 03:48:10] [SPAMMY] resolve queries> Query Filter: Implicitly candidating /opt/hostedtoolcache/CodeQL/2.27.1/x64/codeql/qlpacks/codeql/python-queries/1.8.11/Security/CWE-209/StackTraceExposure.ql.
[2026-10-05 03:48:10] [SPAMMY] resolve queries> Query Filter: Implicitly candidating /opt/hostedtoolcache/CodeQL/2.27.1/x64/codeql/qlpacks/codeql/python-queries/1.8.11/Security/CWE-643/XpathInjection.ql.
[2026-10-05 03:48:10] [SPAMMY] resolve queries> Query Filter: Implicitly candidating /opt/hostedtoolcache/CodeQL/2.27.1/x64/codeql/qlpacks/codeql/python-queries/1.8.11/Security/CWE-094/CodeInjection.ql.
[2026-10-05 03:48:10] [SPAMMY] resolve queries> Query Filter: Implicitly candidating /opt/hostedtoolcache/CodeQL/2.27.1/x64/codeql/qlpacks/codeql/python-queries/1.8.11/Security/CWE-377/InsecureTemporaryFile.ql.
[2026-10-05 03:48:10] [SPAMMY] resolve queries> Query Filter: Implicitly candidating /opt/hostedtoolcache/CodeQL/2.27.1/x64/codeql/qlpacks/codeql/python-queries/1.8.11/Security/CWE-730/PolynomialReDoS.ql.
[2026-10-05 03:48:10] [SPAMMY] resolve queries> Query Filter: Implicitly candidating /opt/hostedtoolcache/CodeQL/2.27.1/x64/codeql/qlpacks/codeql/python-queries/1.8.11/Security/CWE-730/ReDoS.ql.
[2026-10-05 03:48:10] [SPAMMY] resolve queries> Query Filter: Implicitly candidating /opt/hostedtoolcache/CodeQL/2.27.1/x64/codeql/qlpacks/codeql/python-queries/1.8.11/Security/CWE-730/RegexInjection.ql.
[2026-10-05 03:48:10] [SPAMMY] resolve queries> Query Filter: Implicitly candidating /opt/hostedtoolcache/CodeQL/2.27.1/x64/codeql/qlpacks/codeql/python-queries/1.8.11/Security/CWE-020-ExternalAPIs/UntrustedDataToExternalAPI.ql.
[2026-10-05 03:48:10] [SPAMMY] resolve queries> Query Filter: Implicitly candidating /opt/hostedtoolcache/CodeQL/2.27.1/x64/codeql/qlpacks/codeql/python-queries/1.8.11/Security/CWE-020-ExternalAPIs/ExternalAPIsUsedWithUntrustedData.ql.
[2026-10-05 03:48:10] [SPAMMY] resolve queries> Query Filter: Implicitly candidating /opt/hostedtoolcache/CodeQL/2.27.1/x64/codeql/qlpacks/codeql/python-queries/1.8.11/Security/CWE-295/MissingHostKeyValidation.ql.
[2026-10-05 03:48:10] [SPAMMY] resolve queries> Query Filter: Implicitly candidating /opt/hostedtoolcache/CodeQL/2.27.1/x64/codeql/qlpacks/codeql/python-queries/1.8.11/Security/CWE-295/RequestWithoutValidation.ql.
[2026-10-05 03:48:10] [SPAMMY] resolve queries> Query Filter: Implicitly candidating /opt/hostedtoolcache/CodeQL/2.27.1/x64/codeql/qlpacks/codeql/python-queries/1.8.11/Security/CWE-601/UrlRedirect.ql.
[2026-10-05 03:48:10] [SPAMMY] resolve queries> Query Filter: Implicitly candidating /opt/hostedtoolcache/CodeQL/2.27.1/x64/codeql/qlpacks/codeql/python-queries/1.8.11/Security/CWE-611/Xxe.ql.
[2026-10-05 03:48:10] [SPAMMY] resolve queries> Query Filter: Implicitly candidating /opt/hostedtoolcache/CodeQL/2.27.1/x64/codeql/qlpacks/codeql/python-queries/1.8.11/Security/CWE-1275/SameSiteNoneCookie.ql.
[2026-10-05 03:48:10] [SPAMMY] resolve queries> Query Filter: Implicitly candidating /opt/hostedtoolcache/CodeQL/2.27.1/x64/codeql/qlpacks/codeql/python-queries/1.8.11/Security/CWE-352/CSRFProtectionDisabled.ql.
[2026-10-05 03:48:10] [SPAMMY] resolve queries> Query Filter: Implicitly candidating /opt/hostedtoolcache/CodeQL/2.27.1/x64/codeql/qlpacks/codeql/python-queries/1.8.11/Security/CWE-312/CleartextStorage.ql.
[2026-10-05 03:48:10] [SPAMMY] resolve queries> Query Filter: Implicitly candidating /opt/hostedtoolcache/CodeQL/2.27.1/x64/codeql/qlpacks/codeql/python-queries/1.8.11/Security/CWE-312/CleartextLogging.ql.
[2026-10-05 03:48:10] [SPAMMY] resolve queries> Query Filter: Implicitly candidating /opt/hostedtoolcache/CodeQL/2.27.1/x64/codeql/qlpacks/codeql/python-queries/1.8.11/Security/CWE-776/XmlBomb.ql.
[2026-10-05 03:48:10] [SPAMMY] resolve queries> Query Filter: Implicitly candidating /opt/hostedtoolcache/CodeQL/2.27.1/x64/codeql/qlpacks/codeql/python-queries/1.8.11/Security/CWE-1004/NonHttpOnlyCookie.ql.
[2026-10-05 03:48:10] [SPAMMY] resolve queries> Query Filter: Implicitly candidating /opt/hostedtoolcache/CodeQL/2.27.1/x64/codeql/qlpacks/codeql/python-queries/1.8.11/Security/CWE-502/UnsafeDeserialization.ql.
[2026-10-05 03:48:10] [SPAMMY] resolve queries> Query Filter: Implicitly candidating /opt/hostedtoolcache/CodeQL/2.27.1/x64/codeql/qlpacks/codeql/python-queries/1.8.11/Security/CWE-089/SqlInjection.ql.
[2026-10-05 03:48:10] [SPAMMY] resolve queries> Query Filter: Implicitly candidating /opt/hostedtoolcache/CodeQL/2.27.1/x64/codeql/qlpacks/codeql/python-queries/1.8.11/Security/CVE-2018-1281/BindToAllInterfaces.ql.
[2026-10-05 03:48:10] [SPAMMY] resolve queries> Query Filter: Implicitly candidating /opt/hostedtoolcache/CodeQL/2.27.1/x64/codeql/qlpacks/codeql/python-queries/1.8.11/Security/CWE-732/WeakFilePermissions.ql.
[2026-10-05 03:48:10] [SPAMMY] resolve queries> Query Filter: Implicitly candidating /opt/hostedtoolcache/CodeQL/2.27.1/x64/codeql/qlpacks/codeql/python-queries/1.8.11/Security/CWE-078/CommandInjection.ql.
[2026-10-05 03:48:10] [SPAMMY] resolve queries> Query Filter: Implicitly candidating /opt/hostedtoolcache/CodeQL/2.27.1/x64/codeql/qlpacks/codeql/python-queries/1.8.11/Security/CWE-078/UnsafeShellCommandConstruction.ql.
[2026-10-05 03:48:10] [SPAMMY] resolve queries> Query Filter: Implicitly candidating /opt/hostedtoolcache/CodeQL/2.27.1/x64/codeql/qlpacks/codeql/python-queries/1.8.11/Security/CWE-074/TemplateInjection.ql.
[2026-10-05 03:48:10] [SPAMMY] resolve queries> Query Filter: Implicitly candidating /opt/hostedtoolcache/CodeQL/2.27.1/x64/codeql/qlpacks/codeql/python-queries/1.8.11/Security/CWE-117/LogInjection.ql.
[2026-10-05 03:48:10] [SPAMMY] resolve queries> Query Filter: Implicitly candidating /opt/hostedtoolcache/CodeQL/2.27.1/x64/codeql/qlpacks/codeql/python-queries/1.8.11/Security/CWE-215/FlaskDebug.ql.
[2026-10-05 03:48:10] [SPAMMY] resolve queries> Query Filter: Implicitly candidating /opt/hostedtoolcache/CodeQL/2.27.1/x64/codeql/qlpacks/codeql/python-queries/1.8.11/Security/CWE-090/LdapInjection.ql.
[2026-10-05 03:48:10] [SPAMMY] resolve queries> Query Filter: Implicitly candidating /opt/hostedtoolcache/CodeQL/2.27.1/x64/codeql/qlpacks/codeql/python-queries/1.8.11/Security/CWE-798/HardcodedCredentials.ql.
[2026-10-05 03:48:10] [SPAMMY] resolve queries> Query Filter: Implicitly candidating /opt/hostedtoolcache/CodeQL/2.27.1/x64/codeql/qlpacks/codeql/python-queries/1.8.11/Security/CWE-327/WeakSensitiveDataHashing.ql.
[2026-10-05 03:48:10] [SPAMMY] resolve queries> Query Filter: Implicitly candidating /opt/hostedtoolcache/CodeQL/2.27.1/x64/codeql/qlpacks/codeql/python-queries/1.8.11/Security/CWE-327/InsecureProtocol.ql.
[2026-10-05 03:48:10] [SPAMMY] resolve queries> Query Filter: Implicitly candidating /opt/hostedtoolcache/CodeQL/2.27.1/x64/codeql/qlpacks/codeql/python-queries/1.8.11/Security/CWE-327/BrokenCryptoAlgorithm.ql.
[2026-10-05 03:48:10] [SPAMMY] resolve queries> Query Filter: Implicitly candidating /opt/hostedtoolcache/CodeQL/2.27.1/x64/codeql/qlpacks/codeql/python-queries/1.8.11/Security/CWE-327/InsecureDefaultProtocol.ql.
[2026-10-05 03:48:10] [SPAMMY] resolve queries> Query Filter: Implicitly candidating /opt/hostedtoolcache/CodeQL/2.27.1/x64/codeql/qlpacks/codeql/python-queries/1.8.11/Security/CWE-614/InsecureCookie.ql.
[2026-10-05 03:48:10] [SPAMMY] resolve queries> Query Filter: Implicitly candidating /opt/hostedtoolcache/CodeQL/2.27.1/x64/codeql/qlpacks/codeql/python-queries/1.8.11/Security/CWE-285/PamAuthorization.ql.
[2026-10-05 03:48:10] [SPAMMY] resolve queries> Query Filter: Implicitly candidating /opt/hostedtoolcache/CodeQL/2.27.1/x64/codeql/qlpacks/codeql/python-queries/1.8.11/Security/CWE-020/IncompleteUrlSubstringSanitization.ql.
[2026-10-05 03:48:10] [SPAMMY] resolve queries> Query Filter: Implicitly candidating /opt/hostedtoolcache/CodeQL/2.27.1/x64/codeql/qlpacks/codeql/python-queries/1.8.11/Security/CWE-020/IncompleteHostnameRegExp.ql.
[2026-10-05 03:48:10] [SPAMMY] resolve queries> Query Filter: Implicitly candidating /opt/hostedtoolcache/CodeQL/2.27.1/x64/codeql/qlpacks/codeql/python-queries/1.8.11/Security/CWE-020/OverlyLargeRange.ql.
[2026-10-05 03:48:10] [SPAMMY] resolve queries> Query Filter: Implicitly candidating /opt/hostedtoolcache/CodeQL/2.27.1/x64/codeql/qlpacks/codeql/python-queries/1.8.11/Security/CWE-020/CookieInjection.ql.
[2026-10-05 03:48:10] [SPAMMY] resolve queries> Query Filter: Implicitly candidating /opt/hostedtoolcache/CodeQL/2.27.1/x64/codeql/qlpacks/codeql/python-queries/1.8.11/Security/CWE-113/HeaderInjection.ql.
[2026-10-05 03:48:10] [SPAMMY] resolve queries> Query Filter: Implicitly candidating /opt/hostedtoolcache/CodeQL/2.27.1/x64/codeql/qlpacks/codeql/python-queries/1.8.11/analysis/KeyPointsToFailure.ql.
[2026-10-05 03:48:10] [SPAMMY] resolve queries> Query Filter: Implicitly candidating /opt/hostedtoolcache/CodeQL/2.27.1/x64/codeql/qlpacks/codeql/python-queries/1.8.11/analysis/CallGraphEfficiency.ql.
[2026-10-05 03:48:10] [SPAMMY] resolve queries> Query Filter: Implicitly candidating /opt/hostedtoolcache/CodeQL/2.27.1/x64/codeql/qlpacks/codeql/python-queries/1.8.11/analysis/TypeHierarchyFailure.ql.
[2026-10-05 03:48:10] [SPAMMY] resolve queries> Query Filter: Implicitly candidating /opt/hostedtoolcache/CodeQL/2.27.1/x64/codeql/qlpacks/codeql/python-queries/1.8.11/analysis/ImportFailure.ql.
[2026-10-05 03:48:10] [SPAMMY] resolve queries> Query Filter: Implicitly candidating /opt/hostedtoolcache/CodeQL/2.27.1/x64/codeql/qlpacks/codeql/python-queries/1.8.11/analysis/PointsToFailure.ql.
[2026-10-05 03:48:10] [SPAMMY] resolve queries> Query Filter: Implicitly candidating /opt/hostedtoolcache/CodeQL/2.27.1/x64/codeql/qlpacks/codeql/python-queries/1.8.11/analysis/ContextEfficiency.ql.
[2026-10-05 03:48:10] [SPAMMY] resolve queries> Query Filter: Implicitly candidating /opt/hostedtoolcache/CodeQL/2.27.1/x64/codeql/qlpacks/codeql/python-queries/1.8.11/analysis/Summary.ql.
[2026-10-05 03:48:10] [SPAMMY] resolve queries> Query Filter: Implicitly candidating /opt/hostedtoolcache/CodeQL/2.27.1/x64/codeql/qlpacks/codeql/python-queries/1.8.11/analysis/Efficiency.ql.
[2026-10-05 03:48:10] [SPAMMY] resolve queries> Query Filter: Implicitly candidating /opt/hostedtoolcache/CodeQL/2.27.1/x64/codeql/qlpacks/codeql/python-queries/1.8.11/analysis/Pruned.ql.
[2026-10-05 03:48:10] [SPAMMY] resolve queries> Query Filter: Implicitly candidating /opt/hostedtoolcache/CodeQL/2.27.1/x64/codeql/qlpacks/codeql/python-queries/1.8.11/analysis/Consistency.ql.
[2026-10-05 03:48:10] [SPAMMY] resolve queries> Query Filter: Implicitly candidating /opt/hostedtoolcache/CodeQL/2.27.1/x64/codeql/qlpacks/codeql/python-queries/1.8.11/analysis/TypeInferenceFailure.ql.
[2026-10-05 03:48:10] [SPAMMY] resolve queries> Query Filter: Implicitly candidating /opt/hostedtoolcache/CodeQL/2.27.1/x64/codeql/qlpacks/codeql/python-queries/1.8.11/analysis/FailedInference.ql.
[2026-10-05 03:48:10] [SPAMMY] resolve queries> Query Filter: Implicitly candidating /opt/hostedtoolcache/CodeQL/2.27.1/x64/codeql/qlpacks/codeql/python-queries/1.8.11/analysis/CallGraphMarginalEfficiency.ql.
[2026-10-05 03:48:10] [SPAMMY] resolve queries> Query Filter: Implicitly candidating /opt/hostedtoolcache/CodeQL/2.27.1/x64/codeql/qlpacks/codeql/python-queries/1.8.11/analysis/Definitions.ql.
[2026-10-05 03:48:10] [SPAMMY] resolve queries> Query Filter: Implicitly candidating /opt/hostedtoolcache/CodeQL/2.27.1/x64/codeql/qlpacks/codeql/python-queries/1.8.11/analysis/RatioOfDefinitions.ql.
[2026-10-05 03:48:10] [SPAMMY] resolve queries> Query Filter: Implicitly candidating /opt/hostedtoolcache/CodeQL/2.27.1/x64/codeql/qlpacks/codeql/python-queries/1.8.11/analysis/ContextMarginalEfficiency.ql.
[2026-10-05 03:48:10] [SPAMMY] resolve queries> Query Filter: Implicitly candidating /opt/hostedtoolcache/CodeQL/2.27.1/x64/codeql/qlpacks/codeql/python-queries/1.8.11/AlertSuppression.ql.
[2026-10-05 03:48:10] [SPAMMY] resolve queries> Query Filter: Implicitly candidating /opt/hostedtoolcache/CodeQL/2.27.1/x64/codeql/qlpacks/codeql/python-queries/1.8.11/Resources/FileNotAlwaysClosed.ql.
[2026-10-05 03:48:10] [SPAMMY] resolve queries> Query Filter: Including by constraints kind=problem|path-problem|alert|path-alert; precision=high|very-high; problem.severity=error|warning; tags contain=security.
[2026-10-05 03:48:10] [SPAMMIER] resolve queries> Query Filter: /opt/hostedtoolcache/CodeQL/2.27.1/x64/codeql/qlpacks/codeql/python-queries/1.8.11/Diagnostics/ExtractionWarnings.ql failed the constraint of kind (was diagnostic).
[2026-10-05 03:48:10] [SPAMMIER] resolve queries> Query Filter: /opt/hostedtoolcache/CodeQL/2.27.1/x64/codeql/qlpacks/codeql/python-queries/1.8.11/Diagnostics/ExtractedFiles.ql failed the constraint of kind (was diagnostic).
[2026-10-05 03:48:10] [SPAMMIER] resolve queries> Query Filter: /opt/hostedtoolcache/CodeQL/2.27.1/x64/codeql/qlpacks/codeql/python-queries/1.8.11/Lexical/FCommentedOutCode.ql failed the constraint of kind (was treemap).
[2026-10-05 03:48:10] [SPAMMIER] resolve queries> Query Filter: /opt/hostedtoolcache/CodeQL/2.27.1/x64/codeql/qlpacks/codeql/python-queries/1.8.11/Lexical/CommentedOutCode.ql failed the constraint of problem.severity (was recommendation).
[2026-10-05 03:48:10] [SPAMMIER] resolve queries> Query Filter: /opt/hostedtoolcache/CodeQL/2.27.1/x64/codeql/qlpacks/codeql/python-queries/1.8.11/Lexical/ToDoComment.ql failed the constraint of precision (was medium).
[2026-10-05 03:48:10] [SPAMMIER] resolve queries> Query Filter: /opt/hostedtoolcache/CodeQL/2.27.1/x64/codeql/qlpacks/codeql/python-queries/1.8.11/Lexical/OldOctalLiteral.ql failed the constraint of problem.severity (was recommendation).
[2026-10-05 03:48:10] [SPAMMIER] resolve queries> Query Filter: /opt/hostedtoolcache/CodeQL/2.27.1/x64/codeql/qlpacks/codeql/python-queries/1.8.11/Metrics/Dependencies/ExternalDependenciesSourceLinks.ql failed the constraint of kind (was source-link).
[2026-10-05 03:48:10] [SPAMMIER] resolve queries> Query Filter: /opt/hostedtoolcache/CodeQL/2.27.1/x64/codeql/qlpacks/codeql/python-queries/1.8.11/Metrics/Dependencies/ExternalDependencies.ql failed the constraint of kind (was treemap).
[2026-10-05 03:48:10] [SPAMMIER] resolve queries> Query Filter: /opt/hostedtoolcache/CodeQL/2.27.1/x64/codeql/qlpacks/codeql/python-queries/1.8.11/Metrics/NumberOfParametersWithoutDefault.ql failed the constraint of kind (was treemap).
[2026-10-05 03:48:10] [SPAMMIER] resolve queries> Query Filter: /opt/hostedtoolcache/CodeQL/2.27.1/x64/codeql/qlpacks/codeql/python-queries/1.8.11/Metrics/TransitiveImports.ql failed the constraint of kind (was treemap).
[2026-10-05 03:48:10] [SPAMMIER] resolve queries> Query Filter: /opt/hostedtoolcache/CodeQL/2.27.1/x64/codeql/qlpacks/codeql/python-queries/1.8.11/Metrics/FunctionStatementNestingDepth.ql failed the constraint of kind (was treemap).
[2026-10-05 03:48:10] [SPAMMIER] resolve queries> Query Filter: /opt/hostedtoolcache/CodeQL/2.27.1/x64/codeql/qlpacks/codeql/python-queries/1.8.11/Metrics/ClassAfferentCoupling.ql failed the constraint of kind (was treemap).
[2026-10-05 03:48:10] [SPAMMIER] resolve queries> Query Filter: /opt/hostedtoolcache/CodeQL/2.27.1/x64/codeql/qlpacks/codeql/python-queries/1.8.11/Metrics/FLinesOfComments.ql failed the constraint of kind (was treemap).
[2026-10-05 03:48:10] [SPAMMIER] resolve queries> Query Filter: /opt/hostedtoolcache/CodeQL/2.27.1/x64/codeql/qlpacks/codeql/python-queries/1.8.11/Metrics/FLinesOfDuplicatedCode.ql failed the constraint of kind (was treemap).
[2026-10-05 03:48:10] [SPAMMIER] resolve queries> Query Filter: /opt/hostedtoolcache/CodeQL/2.27.1/x64/codeql/qlpacks/codeql/python-queries/1.8.11/Metrics/CommentRatio.ql failed the constraint of kind (was treemap).
[2026-10-05 03:48:10] [SPAMMIER] resolve queries> Query Filter: /opt/hostedtoolcache/CodeQL/2.27.1/x64/codeql/qlpacks/codeql/python-queries/1.8.11/Metrics/DirectImports.ql failed the constraint of kind (was treemap).
[2026-10-05 03:48:10] [SPAMMIER] resolve queries> Query Filter: /opt/hostedtoolcache/CodeQL/2.27.1/x64/codeql/qlpacks/codeql/python-queries/1.8.11/Metrics/FunctionNumberOfCalls.ql failed the constraint of kind (was treemap).
[2026-10-05 03:48:10] [SPAMMIER] resolve queries> Query Filter: /opt/hostedtoolcache/CodeQL/2.27.1/x64/codeql/qlpacks/codeql/python-queries/1.8.11/Metrics/FNumberOfTests.ql failed the constraint of kind (was treemap).
[2026-10-05 03:48:10] [SPAMMIER] resolve queries> Query Filter: /opt/hostedtoolcache/CodeQL/2.27.1/x64/codeql/qlpacks/codeql/python-queries/1.8.11/Metrics/FLinesOfCode.ql failed the constraint of kind (was treemap).
[2026-10-05 03:48:10] [SPAMMIER] resolve queries> Query Filter: /opt/hostedtoolcache/CodeQL/2.27.1/x64/codeql/qlpacks/codeql/python-queries/1.8.11/Metrics/External/CommitDisplayStrings.ql failed the constraint of kind (was display-string).
[2026-10-05 03:48:10] [SPAMMIER] resolve queries> Query Filter: /opt/hostedtoolcache/CodeQL/2.27.1/x64/codeql/qlpacks/codeql/python-queries/1.8.11/Metrics/External/CommitSourceLinks.ql failed the constraint of kind (was source-link).
[2026-10-05 03:48:10] [SPAMMIER] resolve queries> Query Filter: /opt/hostedtoolcache/CodeQL/2.27.1/x64/codeql/qlpacks/codeql/python-queries/1.8.11/Metrics/CLinesOfCode.ql failed the constraint of kind (was treemap).
[2026-10-05 03:48:10] [SPAMMIER] resolve queries> Query Filter: /opt/hostedtoolcache/CodeQL/2.27.1/x64/codeql/qlpacks/codeql/python-queries/1.8.11/Metrics/ModuleAfferentCoupling.ql failed the constraint of kind (was treemap).
[2026-10-05 03:48:10] [SPAMMIER] resolve queries> Query Filter: /opt/hostedtoolcache/CodeQL/2.27.1/x64/codeql/qlpacks/codeql/python-queries/1.8.11/Metrics/LackofCohesionInMethodsCK.ql failed the constraint of kind (was treemap).
[2026-10-05 03:48:10] [SPAMMIER] resolve queries> Query Filter: /opt/hostedtoolcache/CodeQL/2.27.1/x64/codeql/qlpacks/codeql/python-queries/1.8.11/Metrics/FFunctionsAndMethods.ql failed the constraint of kind (was treemap).
[2026-10-05 03:48:10] [SPAMMIER] resolve queries> Query Filter: /opt/hostedtoolcache/CodeQL/2.27.1/x64/codeql/qlpacks/codeql/python-queries/1.8.11/Metrics/CyclomaticComplexity.ql failed the constraint of kind (was treemap).
[2026-10-05 03:48:10] [SPAMMIER] resolve queries> Query Filter: /opt/hostedtoolcache/CodeQL/2.27.1/x64/codeql/qlpacks/codeql/python-queries/1.8.11/Metrics/NumberOfStatements.ql failed the constraint of kind (was treemap).
[2026-10-05 03:48:10] [SPAMMIER] resolve queries> Query Filter: /opt/hostedtoolcache/CodeQL/2.27.1/x64/codeql/qlpacks/codeql/python-queries/1.8.11/Metrics/FLines.ql failed the constraint of kind (was treemap).
[2026-10-05 03:48:10] [SPAMMIER] resolve queries> Query Filter: /opt/hostedtoolcache/CodeQL/2.27.1/x64/codeql/qlpacks/codeql/python-queries/1.8.11/Metrics/ClassEfferentCoupling.ql failed the constraint of kind (was treemap).
[2026-10-05 03:48:10] [SPAMMIER] resolve queries> Query Filter: /opt/hostedtoolcache/CodeQL/2.27.1/x64/codeql/qlpacks/codeql/python-queries/1.8.11/Metrics/Internal/ClassDisplayStrings.ql failed the constraint of kind (was display-string).
[2026-10-05 03:48:10] [SPAMMIER] resolve queries> Query Filter: /opt/hostedtoolcache/CodeQL/2.27.1/x64/codeql/qlpacks/codeql/python-queries/1.8.11/Metrics/Internal/CallableDisplayStrings.ql failed the constraint of kind (was display-string).
[2026-10-05 03:48:10] [SPAMMIER] resolve queries> Query Filter: /opt/hostedtoolcache/CodeQL/2.27.1/x64/codeql/qlpacks/codeql/python-queries/1.8.11/Metrics/Internal/ClassExtents.ql failed the constraint of kind (was extent).
[2026-10-05 03:48:10] [SPAMMIER] resolve queries> Query Filter: /opt/hostedtoolcache/CodeQL/2.27.1/x64/codeql/qlpacks/codeql/python-queries/1.8.11/Metrics/Internal/CallableExtents.ql failed the constraint of kind (was extent).
[2026-10-05 03:48:10] [SPAMMIER] resolve queries> Query Filter: /opt/hostedtoolcache/CodeQL/2.27.1/x64/codeql/qlpacks/codeql/python-queries/1.8.11/Metrics/Internal/TypeAnnotations.ql failed the constraint of kind (was table).
[2026-10-05 03:48:10] [SPAMMIER] resolve queries> Query Filter: /opt/hostedtoolcache/CodeQL/2.27.1/x64/codeql/qlpacks/codeql/python-queries/1.8.11/Metrics/Internal/ClassSourceLinks.ql failed the constraint of kind (was source-link).
[2026-10-05 03:48:10] [SPAMMIER] resolve queries> Query Filter: /opt/hostedtoolcache/CodeQL/2.27.1/x64/codeql/qlpacks/codeql/python-queries/1.8.11/Metrics/Internal/CallableSourceLinks.ql failed the constraint of kind (was source-link).
[2026-10-05 03:48:10] [SPAMMIER] resolve queries> Query Filter: /opt/hostedtoolcache/CodeQL/2.27.1/x64/codeql/qlpacks/codeql/python-queries/1.8.11/Metrics/FLinesOfSimilarCode.ql failed the constraint of kind (was treemap).
[2026-10-05 03:48:10] [SPAMMIER] resolve queries> Query Filter: /opt/hostedtoolcache/CodeQL/2.27.1/x64/codeql/qlpacks/codeql/python-queries/1.8.11/Metrics/DocStringRatio.ql failed the constraint of kind (was treemap).
[2026-10-05 03:48:10] [SPAMMIER] resolve queries> Query Filter: /opt/hostedtoolcache/CodeQL/2.27.1/x64/codeql/qlpacks/codeql/python-queries/1.8.11/Metrics/LackofCohesionInMethodsHM.ql failed the constraint of kind (was treemap).
[2026-10-05 03:48:10] [SPAMMIER] resolve queries> Query Filter: /opt/hostedtoolcache/CodeQL/2.27.1/x64/codeql/qlpacks/codeql/python-queries/1.8.11/Metrics/ModuleEfferentCoupling.ql failed the constraint of kind (was treemap).
[2026-10-05 03:48:10] [SPAMMIER] resolve queries> Query Filter: /opt/hostedtoolcache/CodeQL/2.27.1/x64/codeql/qlpacks/codeql/python-queries/1.8.11/Metrics/History/HLinesAdded.ql failed the constraint of kind (was treemap).
[2026-10-05 03:48:10] [SPAMMIER] resolve queries> Query Filter: /opt/hostedtoolcache/CodeQL/2.27.1/x64/codeql/qlpacks/codeql/python-queries/1.8.11/Metrics/History/HNumberOfRecentChangedFiles.ql failed the constraint of kind (was treemap).
[2026-10-05 03:48:10] [SPAMMIER] resolve queries> Query Filter: /opt/hostedtoolcache/CodeQL/2.27.1/x64/codeql/qlpacks/codeql/python-queries/1.8.11/Metrics/History/HNumberOfCoCommits.ql failed the constraint of kind (was treemap).
[2026-10-05 03:48:10] [SPAMMIER] resolve queries> Query Filter: /opt/hostedtoolcache/CodeQL/2.27.1/x64/codeql/qlpacks/codeql/python-queries/1.8.11/Metrics/History/HChurn.ql failed the constraint of kind (was treemap).
[2026-10-05 03:48:10] [SPAMMIER] resolve queries> Query Filter: /opt/hostedtoolcache/CodeQL/2.27.1/x64/codeql/qlpacks/codeql/python-queries/1.8.11/Metrics/History/HNumberOfReCommits.ql failed the constraint of kind (was treemap).
[2026-10-05 03:48:10] [SPAMMIER] resolve queries> Query Filter: /opt/hostedtoolcache/CodeQL/2.27.1/x64/codeql/qlpacks/codeql/python-queries/1.8.11/Metrics/History/HNumberOfCommits.ql failed the constraint of kind (was treemap).
[2026-10-05 03:48:10] [SPAMMIER] resolve queries> Query Filter: /opt/hostedtoolcache/CodeQL/2.27.1/x64/codeql/qlpacks/codeql/python-queries/1.8.11/Metrics/History/HNumberOfAuthors.ql failed the constraint of kind (was treemap).
[2026-10-05 03:48:10] [SPAMMIER] resolve queries> Query Filter: /opt/hostedtoolcache/CodeQL/2.27.1/x64/codeql/qlpacks/codeql/python-queries/1.8.11/Metrics/History/HNumberOfRecentAuthors.ql failed the constraint of kind (was treemap).
[2026-10-05 03:48:10] [SPAMMIER] resolve queries> Query Filter: /opt/hostedtoolcache/CodeQL/2.27.1/x64/codeql/qlpacks/codeql/python-queries/1.8.11/Metrics/History/HNumberOfRecentCommits.ql failed the constraint of kind (was treemap).
[2026-10-05 03:48:10] [SPAMMIER] resolve queries> Query Filter: /opt/hostedtoolcache/CodeQL/2.27.1/x64/codeql/qlpacks/codeql/python-queries/1.8.11/Metrics/History/HLinesDeleted.ql failed the constraint of kind (was treemap).
[2026-10-05 03:48:10] [SPAMMIER] resolve queries> Query Filter: /opt/hostedtoolcache/CodeQL/2.27.1/x64/codeql/qlpacks/codeql/python-queries/1.8.11/Metrics/FClasses.ql failed the constraint of kind (was treemap).
[2026-10-05 03:48:10] [SPAMMIER] resolve queries> Query Filter: /opt/hostedtoolcache/CodeQL/2.27.1/x64/codeql/qlpacks/codeql/python-queries/1.8.11/Variables/UnusedLocalVariable.ql failed the constraint of problem.severity (was recommendation).
[2026-10-05 03:48:10] [SPAMMIER] resolve queries> Query Filter: /opt/hostedtoolcache/CodeQL/2.27.1/x64/codeql/qlpacks/codeql/python-queries/1.8.11/Variables/ShadowBuiltin.ql failed the constraint of precision (was medium).
[2026-10-05 03:48:10] [SPAMMIER] resolve queries> Query Filter: /opt/hostedtoolcache/CodeQL/2.27.1/x64/codeql/qlpacks/codeql/python-queries/1.8.11/Variables/GlobalAtModuleLevel.ql failed 'tags contain` constraint [quality, maintainability, useless-code]
[2026-10-05 03:48:10] [SPAMMIER] resolve queries> Query Filter: /opt/hostedtoolcache/CodeQL/2.27.1/x64/codeql/qlpacks/codeql/python-queries/1.8.11/Variables/UndefinedPlaceHolder.ql failed the constraint of precision (was medium).
[2026-10-05 03:48:10] [SPAMMIER] resolve queries> Query Filter: /opt/hostedtoolcache/CodeQL/2.27.1/x64/codeql/qlpacks/codeql/python-queries/1.8.11/Variables/UninitializedLocal.ql failed the constraint of precision (was medium).
[2026-10-05 03:48:10] [SPAMMIER] resolve queries> Query Filter: /opt/hostedtoolcache/CodeQL/2.27.1/x64/codeql/qlpacks/codeql/python-queries/1.8.11/Variables/SuspiciousUnusedLoopIterationVariable.ql failed 'tags contain` constraint [quality, reliability, correctness]
[2026-10-05 03:48:10] [SPAMMIER] resolve queries> Query Filter: /opt/hostedtoolcache/CodeQL/2.27.1/x64/codeql/qlpacks/codeql/python-queries/1.8.11/Variables/UnusedParameter.ql failed the constraint of precision (was medium).
[2026-10-05 03:48:10] [SPAMMIER] resolve queries> Query Filter: /opt/hostedtoolcache/CodeQL/2.27.1/x64/codeql/qlpacks/codeql/python-queries/1.8.11/Variables/Global.ql failed the constraint of problem.severity (was recommendation).
[2026-10-05 03:48:10] [SPAMMIER] resolve queries> Query Filter: /opt/hostedtoolcache/CodeQL/2.27.1/x64/codeql/qlpacks/codeql/python-queries/1.8.11/Variables/LeakingListComprehension.ql failed 'tags contain` constraint [portability, correctness]
[2026-10-05 03:48:10] [SPAMMIER] resolve queries> Query Filter: /opt/hostedtoolcache/CodeQL/2.27.1/x64/codeql/qlpacks/codeql/python-queries/1.8.11/Variables/UndefinedGlobal.ql failed the constraint of precision (was low).
[2026-10-05 03:48:10] [SPAMMIER] resolve queries> Query Filter: /opt/hostedtoolcache/CodeQL/2.27.1/x64/codeql/qlpacks/codeql/python-queries/1.8.11/Variables/LoopVariableCapture/LoopVariableCapture.ql failed 'tags contain` constraint [quality, reliability, correctness]
[2026-10-05 03:48:10] [SPAMMIER] resolve queries> Query Filter: /opt/hostedtoolcache/CodeQL/2.27.1/x64/codeql/qlpacks/codeql/python-queries/1.8.11/Variables/UnusedModuleVariable.ql failed the constraint of problem.severity (was recommendation).
[2026-10-05 03:48:10] [SPAMMIER] resolve queries> Query Filter: /opt/hostedtoolcache/CodeQL/2.27.1/x64/codeql/qlpacks/codeql/python-queries/1.8.11/Variables/MultiplyDefined.ql failed 'tags contain` constraint [quality, maintainability, useless-code, external/cwe/cwe-563]
[2026-10-05 03:48:10] [SPAMMIER] resolve queries> Query Filter: /opt/hostedtoolcache/CodeQL/2.27.1/x64/codeql/qlpacks/codeql/python-queries/1.8.11/Variables/UndefinedExport.ql failed 'tags contain` constraint [quality, reliability, correctness]
[2026-10-05 03:48:10] [SPAMMIER] resolve queries> Query Filter: /opt/hostedtoolcache/CodeQL/2.27.1/x64/codeql/qlpacks/codeql/python-queries/1.8.11/Variables/ShadowGlobal.ql failed the constraint of precision (was medium).
[2026-10-05 03:48:10] [SPAMMIER] resolve queries> Query Filter: /opt/hostedtoolcache/CodeQL/2.27.1/x64/codeql/qlpacks/codeql/python-queries/1.8.11/Imports/ImportandImportFrom.ql failed the constraint of problem.severity (was recommendation).
[2026-10-05 03:48:10] [SPAMMIER] resolve queries> Query Filter: /opt/hostedtoolcache/CodeQL/2.27.1/x64/codeql/qlpacks/codeql/python-queries/1.8.11/Imports/ModuleLevelCyclicImport.ql failed 'tags contain` constraint [reliability, correctness, types]
[2026-10-05 03:48:10] [SPAMMIER] resolve queries> Query Filter: /opt/hostedtoolcache/CodeQL/2.27.1/x64/codeql/qlpacks/codeql/python-queries/1.8.11/Imports/CyclicImport.ql failed the constraint of problem.severity (was recommendation).
[2026-10-05 03:48:10] [SPAMMIER] resolve queries> Query Filter: /opt/hostedtoolcache/CodeQL/2.27.1/x64/codeql/qlpacks/codeql/python-queries/1.8.11/Imports/ImportStarUsed.ql failed the constraint of precision (was medium).
[2026-10-05 03:48:10] [SPAMMIER] resolve queries> Query Filter: /opt/hostedtoolcache/CodeQL/2.27.1/x64/codeql/qlpacks/codeql/python-queries/1.8.11/Imports/ImportShadowedByLoopVar.ql failed the constraint of problem.severity (was recommendation).
[2026-10-05 03:48:10] [SPAMMIER] resolve queries> Query Filter: /opt/hostedtoolcache/CodeQL/2.27.1/x64/codeql/qlpacks/codeql/python-queries/1.8.11/Imports/ModuleImportsItself.ql failed the constraint of problem.severity (was recommendation).
[2026-10-05 03:48:10] [SPAMMIER] resolve queries> Query Filter: /opt/hostedtoolcache/CodeQL/2.27.1/x64/codeql/qlpacks/codeql/python-queries/1.8.11/Imports/Imports.ql failed the constraint of precision (was medium).
[2026-10-05 03:48:10] [SPAMMIER] resolve queries> Query Filter: /opt/hostedtoolcache/CodeQL/2.27.1/x64/codeql/qlpacks/codeql/python-queries/1.8.11/Imports/DeprecatedModule.ql failed 'tags contain` constraint [maintainability, external/cwe/cwe-477]
[2026-10-05 03:48:10] [SPAMMIER] resolve queries> Query Filter: /opt/hostedtoolcache/CodeQL/2.27.1/x64/codeql/qlpacks/codeql/python-queries/1.8.11/Imports/SyntaxError.ql failed 'tags contain` constraint [quality, reliability, correctness]
[2026-10-05 03:48:10] [SPAMMIER] resolve queries> Query Filter: /opt/hostedtoolcache/CodeQL/2.27.1/x64/codeql/qlpacks/codeql/python-queries/1.8.11/Imports/MultipleImports.ql failed the constraint of problem.severity (was recommendation).
[2026-10-05 03:48:10] [SPAMMIER] resolve queries> Query Filter: /opt/hostedtoolcache/CodeQL/2.27.1/x64/codeql/qlpacks/codeql/python-queries/1.8.11/Imports/UnintentionalImport.ql failed the constraint of problem.severity (was recommendation).
[2026-10-05 03:48:10] [SPAMMIER] resolve queries> Query Filter: /opt/hostedtoolcache/CodeQL/2.27.1/x64/codeql/qlpacks/codeql/python-queries/1.8.11/Imports/FromImportOfMutableAttribute.ql failed the constraint of precision (was medium).
[2026-10-05 03:48:10] [SPAMMIER] resolve queries> Query Filter: /opt/hostedtoolcache/CodeQL/2.27.1/x64/codeql/qlpacks/codeql/python-queries/1.8.11/Imports/UnusedImport.ql failed the constraint of problem.severity (was recommendation).
[2026-10-05 03:48:10] [SPAMMIER] resolve queries> Query Filter: /opt/hostedtoolcache/CodeQL/2.27.1/x64/codeql/qlpacks/codeql/python-queries/1.8.11/Imports/EncodingError.ql failed 'tags contain` constraint [quality, reliability, correctness]
[2026-10-05 03:48:10] [SPAMMIER] resolve queries> Query Filter: /opt/hostedtoolcache/CodeQL/2.27.1/x64/codeql/qlpacks/codeql/python-queries/1.8.11/Classes/CallsToInitDel/SuperclassInitCalledMultipleTimes.ql failed 'tags contain` constraint [quality, reliability, correctness]
[2026-10-05 03:48:10] [SPAMMIER] resolve queries> Query Filter: /opt/hostedtoolcache/CodeQL/2.27.1/x64/codeql/qlpacks/codeql/python-queries/1.8.11/Classes/CallsToInitDel/MissingCallToDel.ql failed 'tags contain` constraint [quality, reliability, correctness, performance]
[2026-10-05 03:48:10] [SPAMMIER] resolve queries> Query Filter: /opt/hostedtoolcache/CodeQL/2.27.1/x64/codeql/qlpacks/codeql/python-queries/1.8.11/Classes/CallsToInitDel/MissingCallToInit.ql failed 'tags contain` constraint [quality, reliability, correctness]
[2026-10-05 03:48:10] [SPAMMIER] resolve queries> Query Filter: /opt/hostedtoolcache/CodeQL/2.27.1/x64/codeql/qlpacks/codeql/python-queries/1.8.11/Classes/CallsToInitDel/SuperclassDelCalledMultipleTimes.ql failed 'tags contain` constraint [quality, reliability, correctness]
[2026-10-05 03:48:11] [SPAMMIER] resolve queries> Query Filter: /opt/hostedtoolcache/CodeQL/2.27.1/x64/codeql/qlpacks/codeql/python-queries/1.8.11/Classes/WrongNumberArgumentsInClassInstantiation.ql failed 'tags contain` constraint [quality, reliability, correctness, external/cwe/cwe-685]
[2026-10-05 03:48:11] [SPAMMIER] resolve queries> Query Filter: /opt/hostedtoolcache/CodeQL/2.27.1/x64/codeql/qlpacks/codeql/python-queries/1.8.11/Classes/DefineEqualsWhenAddingAttributes.ql failed 'tags contain` constraint [quality, reliability, correctness]
[2026-10-05 03:48:11] [SPAMMIER] resolve queries> Query Filter: /opt/hostedtoolcache/CodeQL/2.27.1/x64/codeql/qlpacks/codeql/python-queries/1.8.11/Classes/SubclassShadowing/SubclassShadowing.ql failed 'tags contain` constraint [quality, reliability, correctness]
[2026-10-05 03:48:11] [SPAMMIER] resolve queries> Query Filter: /opt/hostedtoolcache/CodeQL/2.27.1/x64/codeql/qlpacks/codeql/python-queries/1.8.11/Classes/OverwritingAttributeInSuperClass.ql failed the constraint of precision (was medium).
[2026-10-05 03:48:11] [SPAMMIER] resolve queries> Query Filter: /opt/hostedtoolcache/CodeQL/2.27.1/x64/codeql/qlpacks/codeql/python-queries/1.8.11/Classes/MutatingDescriptor.ql failed 'tags contain` constraint [quality, reliability, correctness]
[2026-10-05 03:48:11] [SPAMMIER] resolve queries> Query Filter: /opt/hostedtoolcache/CodeQL/2.27.1/x64/codeql/qlpacks/codeql/python-queries/1.8.11/Classes/ShouldBeContextManager.ql failed the constraint of precision (was medium).
[2026-10-05 03:48:11] [SPAMMIER] resolve queries> Query Filter: /opt/hostedtoolcache/CodeQL/2.27.1/x64/codeql/qlpacks/codeql/python-queries/1.8.11/Classes/InitCallsSubclass/InitCallsSubclassMethod.ql failed 'tags contain` constraint [reliability, correctness, quality]
[2026-10-05 03:48:11] [SPAMMIER] resolve queries> Query Filter: /opt/hostedtoolcache/CodeQL/2.27.1/x64/codeql/qlpacks/codeql/python-queries/1.8.11/Classes/InconsistentMRO.ql failed 'tags contain` constraint [quality, reliability, correctness]
[2026-10-05 03:48:11] [SPAMMIER] resolve queries> Query Filter: /opt/hostedtoolcache/CodeQL/2.27.1/x64/codeql/qlpacks/codeql/python-queries/1.8.11/Classes/UndefinedClassAttribute.ql failed the constraint of precision (was low).
[2026-10-05 03:48:11] [SPAMMIER] resolve queries> Query Filter: /opt/hostedtoolcache/CodeQL/2.27.1/x64/codeql/qlpacks/codeql/python-queries/1.8.11/Classes/PropertyInOldStyleClass.ql failed 'tags contain` constraint [portability, correctness]
[2026-10-05 03:48:11] [SPAMMIER] resolve queries> Query Filter: /opt/hostedtoolcache/CodeQL/2.27.1/x64/codeql/qlpacks/codeql/python-queries/1.8.11/Classes/SuperInOldStyleClass.ql failed 'tags contain` constraint [portability, correctness]
[2026-10-05 03:48:11] [SPAMMIER] resolve queries> Query Filter: /opt/hostedtoolcache/CodeQL/2.27.1/x64/codeql/qlpacks/codeql/python-queries/1.8.11/Classes/Comparisons/EqualsOrNotEquals.ql failed 'tags contain` constraint [quality, reliability, correctness]
[2026-10-05 03:48:11] [SPAMMIER] resolve queries> Query Filter: /opt/hostedtoolcache/CodeQL/2.27.1/x64/codeql/qlpacks/codeql/python-queries/1.8.11/Classes/Comparisons/EqualsOrHash.ql failed 'tags contain` constraint [quality, reliability, correctness, external/cwe/cwe-581]
[2026-10-05 03:48:11] [SPAMMIER] resolve queries> Query Filter: /opt/hostedtoolcache/CodeQL/2.27.1/x64/codeql/qlpacks/codeql/python-queries/1.8.11/Classes/Comparisons/IncompleteOrdering.ql failed 'tags contain` constraint [quality, reliability, correctness]
[2026-10-05 03:48:11] [SPAMMIER] resolve queries> Query Filter: /opt/hostedtoolcache/CodeQL/2.27.1/x64/codeql/qlpacks/codeql/python-queries/1.8.11/Classes/SlotsInOldStyleClass.ql failed 'tags contain` constraint [portability, correctness]
[2026-10-05 03:48:11] [SPAMMIER] resolve queries> Query Filter: /opt/hostedtoolcache/CodeQL/2.27.1/x64/codeql/qlpacks/codeql/python-queries/1.8.11/Classes/ConflictingAttributesInBaseClasses.ql failed 'tags contain` constraint [quality, reliability, correctness]
[2026-10-05 03:48:11] [SPAMMIER] resolve queries> Query Filter: /opt/hostedtoolcache/CodeQL/2.27.1/x64/codeql/qlpacks/codeql/python-queries/1.8.11/Classes/MaybeUndefinedClassAttribute.ql failed the constraint of precision (was low).
[2026-10-05 03:48:11] [SPAMMIER] resolve queries> Query Filter: /opt/hostedtoolcache/CodeQL/2.27.1/x64/codeql/qlpacks/codeql/python-queries/1.8.11/Classes/WrongNameForArgumentInClassInstantiation.ql failed 'tags contain` constraint [quality, reliability, correctness, external/cwe/cwe-628]
[2026-10-05 03:48:11] [SPAMMIER] resolve queries> Query Filter: /opt/hostedtoolcache/CodeQL/2.27.1/x64/codeql/qlpacks/codeql/python-queries/1.8.11/Classes/UselessClass.ql failed the constraint of precision (was medium).
[2026-10-05 03:48:11] [SPAMMIER] resolve queries> Query Filter: /opt/hostedtoolcache/CodeQL/2.27.1/x64/codeql/qlpacks/codeql/python-queries/1.8.11/Expressions/ExpectedMappingForFormatString.ql failed 'tags contain` constraint [quality, reliability, correctness]
[2026-10-05 03:48:11] [SPAMMIER] resolve queries> Query Filter: /opt/hostedtoolcache/CodeQL/2.27.1/x64/codeql/qlpacks/codeql/python-queries/1.8.11/Expressions/HashedButNoHash.ql failed 'tags contain` constraint [quality, reliability, correctness]
[2026-10-05 03:48:11] [SPAMMIER] resolve queries> Query Filter: /opt/hostedtoolcache/CodeQL/2.27.1/x64/codeql/qlpacks/codeql/python-queries/1.8.11/Expressions/UseofApply.ql failed 'tags contain` constraint [maintainability]
[2026-10-05 03:48:11] [SPAMMIER] resolve queries> Query Filter: /opt/hostedtoolcache/CodeQL/2.27.1/x64/codeql/qlpacks/codeql/python-queries/1.8.11/Expressions/NonPortableComparisonUsingIs.ql failed the constraint of precision (was medium).
[2026-10-05 03:48:11] [SPAMMIER] resolve queries> Query Filter: /opt/hostedtoolcache/CodeQL/2.27.1/x64/codeql/qlpacks/codeql/python-queries/1.8.11/Expressions/EqualsNone.ql failed the constraint of problem.severity (was recommendation).
[2026-10-05 03:48:11] [SPAMMIER] resolve queries> Query Filter: /opt/hostedtoolcache/CodeQL/2.27.1/x64/codeql/qlpacks/codeql/python-queries/1.8.11/Expressions/UnintentionalImplicitStringConcatenation.ql failed 'tags contain` constraint [quality, maintainability, readability, external/cwe/cwe-665]
[2026-10-05 03:48:11] [SPAMMIER] resolve queries> Query Filter: /opt/hostedtoolcache/CodeQL/2.27.1/x64/codeql/qlpacks/codeql/python-queries/1.8.11/Expressions/WrongNameForArgumentInCall.ql failed 'tags contain` constraint [quality, reliability, correctness, external/cwe/cwe-628]
[2026-10-05 03:48:11] [SPAMMIER] resolve queries> Query Filter: /opt/hostedtoolcache/CodeQL/2.27.1/x64/codeql/qlpacks/codeql/python-queries/1.8.11/Expressions/WrongNumberArgumentsInCall.ql failed 'tags contain` constraint [quality, reliability, correctness, external/cwe/cwe-685]
[2026-10-05 03:48:11] [SPAMMIER] resolve queries> Query Filter: /opt/hostedtoolcache/CodeQL/2.27.1/x64/codeql/qlpacks/codeql/python-queries/1.8.11/Expressions/ContainsNonContainer.ql failed 'tags contain` constraint [quality, reliability, correctness]
[2026-10-05 03:48:11] [SPAMMIER] resolve queries> Query Filter: /opt/hostedtoolcache/CodeQL/2.27.1/x64/codeql/qlpacks/codeql/python-queries/1.8.11/Expressions/TruncatedDivision.ql failed 'tags contain` constraint [maintainability, correctness]
[2026-10-05 03:48:11] [SPAMMIER] resolve queries> Query Filter: /opt/hostedtoolcache/CodeQL/2.27.1/x64/codeql/qlpacks/codeql/python-queries/1.8.11/Expressions/WrongNumberArgumentsForFormat.ql failed 'tags contain` constraint [quality, reliability, correctness, external/cwe/cwe-685]
[2026-10-05 03:48:11] [SPAMMIER] resolve queries> Query Filter: /opt/hostedtoolcache/CodeQL/2.27.1/x64/codeql/qlpacks/codeql/python-queries/1.8.11/Expressions/Formatting/UnusedArgumentIn3101Format.ql failed 'tags contain` constraint [quality, maintainability, useless-code]
[2026-10-05 03:48:11] [SPAMMIER] resolve queries> Query Filter: /opt/hostedtoolcache/CodeQL/2.27.1/x64/codeql/qlpacks/codeql/python-queries/1.8.11/Expressions/Formatting/MixedExplicitImplicitIn3101Format.ql failed 'tags contain` constraint [quality, reliability, correctness]
[2026-10-05 03:48:11] [SPAMMIER] resolve queries> Query Filter: /opt/hostedtoolcache/CodeQL/2.27.1/x64/codeql/qlpacks/codeql/python-queries/1.8.11/Expressions/Formatting/WrongNumberArgumentsFor3101Format.ql failed 'tags contain` constraint [quality, reliability, correctness]
[2026-10-05 03:48:11] [SPAMMIER] resolve queries> Query Filter: /opt/hostedtoolcache/CodeQL/2.27.1/x64/codeql/qlpacks/codeql/python-queries/1.8.11/Expressions/Formatting/UnusedNamedArgumentIn3101Format.ql failed 'tags contain` constraint [quality, maintainability, useless-code]
[2026-10-05 03:48:11] [SPAMMIER] resolve queries> Query Filter: /opt/hostedtoolcache/CodeQL/2.27.1/x64/codeql/qlpacks/codeql/python-queries/1.8.11/Expressions/Formatting/WrongNameInArgumentsFor3101Format.ql failed 'tags contain` constraint [quality, reliability, correctness]
[2026-10-05 03:48:11] [SPAMMIER] resolve queries> Query Filter: /opt/hostedtoolcache/CodeQL/2.27.1/x64/codeql/qlpacks/codeql/python-queries/1.8.11/Expressions/IncorrectComparisonUsingIs.ql failed 'tags contain` constraint [quality, reliability, correctness]
[2026-10-05 03:48:11] [SPAMMY] resolve queries> Query Filter: Including /opt/hostedtoolcache/CodeQL/2.27.1/x64/codeql/qlpacks/codeql/python-queries/1.8.11/Expressions/UseofInput.ql.
[2026-10-05 03:48:11] [SPAMMIER] resolve queries> Query Filter: /opt/hostedtoolcache/CodeQL/2.27.1/x64/codeql/qlpacks/codeql/python-queries/1.8.11/Expressions/CompareIdenticalValuesMissingSelf.ql failed 'tags contain` constraint [quality, reliability, correctness, external/cwe/cwe-570, external/cwe/cwe-571]
[2026-10-05 03:48:11] [SPAMMIER] resolve queries> Query Filter: /opt/hostedtoolcache/CodeQL/2.27.1/x64/codeql/qlpacks/codeql/python-queries/1.8.11/Expressions/Comparisons/UselessComparisonTest.ql failed 'tags contain` constraint [quality, maintainability, useless-code, external/cwe/cwe-561, external/cwe/cwe-570, external/cwe/cwe-571]
[2026-10-05 03:48:11] [SPAMMIER] resolve queries> Query Filter: /opt/hostedtoolcache/CodeQL/2.27.1/x64/codeql/qlpacks/codeql/python-queries/1.8.11/Expressions/CallToSuperWrongClass.ql failed 'tags contain` constraint [quality, reliability, correctness, external/cwe/cwe-687]
[2026-10-05 03:48:11] [SPAMMIER] resolve queries> Query Filter: /opt/hostedtoolcache/CodeQL/2.27.1/x64/codeql/qlpacks/codeql/python-queries/1.8.11/Expressions/CompareConstants.ql failed 'tags contain` constraint [quality, maintainability, useless-code, external/cwe/cwe-570, external/cwe/cwe-571]
[2026-10-05 03:48:11] [SPAMMIER] resolve queries> Query Filter: /opt/hostedtoolcache/CodeQL/2.27.1/x64/codeql/qlpacks/codeql/python-queries/1.8.11/Expressions/UnsupportedFormatCharacter.ql failed 'tags contain` constraint [quality, reliability, correctness]
[2026-10-05 03:48:11] [SPAMMIER] resolve queries> Query Filter: /opt/hostedtoolcache/CodeQL/2.27.1/x64/codeql/qlpacks/codeql/python-queries/1.8.11/Expressions/CompareIdenticalValues.ql failed 'tags contain` constraint [quality, maintainability, readability, external/cwe/cwe-570, external/cwe/cwe-571]
[2026-10-05 03:48:11] [SPAMMIER] resolve queries> Query Filter: /opt/hostedtoolcache/CodeQL/2.27.1/x64/codeql/qlpacks/codeql/python-queries/1.8.11/Expressions/Regex/UnmatchableDollar.ql failed 'tags contain` constraint [quality, reliability, correctness]
[2026-10-05 03:48:11] [SPAMMIER] resolve queries> Query Filter: /opt/hostedtoolcache/CodeQL/2.27.1/x64/codeql/qlpacks/codeql/python-queries/1.8.11/Expressions/Regex/BackspaceEscape.ql failed the constraint of problem.severity (was recommendation).
[2026-10-05 03:48:11] [SPAMMIER] resolve queries> Query Filter: /opt/hostedtoolcache/CodeQL/2.27.1/x64/codeql/qlpacks/codeql/python-queries/1.8.11/Expressions/Regex/UnmatchableCaret.ql failed 'tags contain` constraint [quality, reliability, correctness]
[2026-10-05 03:48:11] [SPAMMIER] resolve queries> Query Filter: /opt/hostedtoolcache/CodeQL/2.27.1/x64/codeql/qlpacks/codeql/python-queries/1.8.11/Expressions/Regex/MissingPartSpecialGroup.ql failed 'tags contain` constraint [quality, reliability, correctness]
[2026-10-05 03:48:11] [SPAMMIER] resolve queries> Query Filter: /opt/hostedtoolcache/CodeQL/2.27.1/x64/codeql/qlpacks/codeql/python-queries/1.8.11/Expressions/Regex/DuplicateCharacterInSet.ql failed 'tags contain` constraint [quality, maintainability, readability]
[2026-10-05 03:48:11] [SPAMMIER] resolve queries> Query Filter: /opt/hostedtoolcache/CodeQL/2.27.1/x64/codeql/qlpacks/codeql/python-queries/1.8.11/Expressions/UnnecessaryLambda.ql failed the constraint of problem.severity (was recommendation).
[2026-10-05 03:48:11] [SPAMMIER] resolve queries> Query Filter: /opt/hostedtoolcache/CodeQL/2.27.1/x64/codeql/qlpacks/codeql/python-queries/1.8.11/Expressions/DuplicateKeyInDictionaryLiteral.ql failed 'tags contain` constraint [quality, maintainability, useless-code, external/cwe/cwe-561]
[2026-10-05 03:48:11] [SPAMMIER] resolve queries> Query Filter: /opt/hostedtoolcache/CodeQL/2.27.1/x64/codeql/qlpacks/codeql/python-queries/1.8.11/Expressions/ExplicitCallToDel.ql failed 'tags contain` constraint [quality, reliability, correctness]
[2026-10-05 03:48:11] [SPAMMIER] resolve queries> Query Filter: /opt/hostedtoolcache/CodeQL/2.27.1/x64/codeql/qlpacks/codeql/python-queries/1.8.11/Expressions/NonCallableCalled.ql failed 'tags contain` constraint [quality, reliability, correctness]
[2026-10-05 03:48:11] [SPAMMIER] resolve queries> Query Filter: /opt/hostedtoolcache/CodeQL/2.27.1/x64/codeql/qlpacks/codeql/python-queries/1.8.11/external/DuplicateBlock.ql failed the constraint of precision (was medium).
[2026-10-05 03:48:11] [SPAMMIER] resolve queries> Query Filter: /opt/hostedtoolcache/CodeQL/2.27.1/x64/codeql/qlpacks/codeql/python-queries/1.8.11/external/SimilarFunction.ql failed the constraint of problem.severity (was recommendation).
[2026-10-05 03:48:11] [SPAMMIER] resolve queries> Query Filter: /opt/hostedtoolcache/CodeQL/2.27.1/x64/codeql/qlpacks/codeql/python-queries/1.8.11/external/MostlyDuplicateFile.ql failed the constraint of problem.severity (was recommendation).
[2026-10-05 03:48:11] [SPAMMIER] resolve queries> Query Filter: /opt/hostedtoolcache/CodeQL/2.27.1/x64/codeql/qlpacks/codeql/python-queries/1.8.11/external/MostlySimilarFile.ql failed the constraint of problem.severity (was recommendation).
[2026-10-05 03:48:11] [SPAMMIER] resolve queries> Query Filter: /opt/hostedtoolcache/CodeQL/2.27.1/x64/codeql/qlpacks/codeql/python-queries/1.8.11/external/DuplicateFunction.ql failed the constraint of problem.severity (was recommendation).
[2026-10-05 03:48:11] [SPAMMIER] resolve queries> Query Filter: /opt/hostedtoolcache/CodeQL/2.27.1/x64/codeql/qlpacks/codeql/python-queries/1.8.11/external/MostlyDuplicateClass.ql failed the constraint of problem.severity (was recommendation).
[2026-10-05 03:48:11] [SPAMMIER] resolve queries> Query Filter: /opt/hostedtoolcache/CodeQL/2.27.1/x64/codeql/qlpacks/codeql/python-queries/1.8.11/Functions/IncorrectlyOverriddenMethod.ql failed 'tags contain` constraint [quality, reliability, correctness]
[2026-10-05 03:48:11] [SPAMMIER] resolve queries> Query Filter: /opt/hostedtoolcache/CodeQL/2.27.1/x64/codeql/qlpacks/codeql/python-queries/1.8.11/Functions/IterReturnsNonSelf.ql failed 'tags contain` constraint [reliability, correctness, quality]
[2026-10-05 03:48:11] [SPAMMIER] resolve queries> Query Filter: /opt/hostedtoolcache/CodeQL/2.27.1/x64/codeql/qlpacks/codeql/python-queries/1.8.11/Functions/ReturnValueIgnored.ql failed the constraint of precision (was medium).
[2026-10-05 03:48:11] [SPAMMIER] resolve queries> Query Filter: /opt/hostedtoolcache/CodeQL/2.27.1/x64/codeql/qlpacks/codeql/python-queries/1.8.11/Functions/IncorrectlySpecifiedOverriddenMethod.ql failed the constraint of problem.severity (was recommendation).
[2026-10-05 03:48:11] [SPAMMIER] resolve queries> Query Filter: /opt/hostedtoolcache/CodeQL/2.27.1/x64/codeql/qlpacks/codeql/python-queries/1.8.11/Functions/DeprecatedSliceMethod.ql failed 'tags contain` constraint [maintainability]
[2026-10-05 03:48:11] [SPAMMIER] resolve queries> Query Filter: /opt/hostedtoolcache/CodeQL/2.27.1/x64/codeql/qlpacks/codeql/python-queries/1.8.11/Functions/InitIsGenerator.ql failed 'tags contain` constraint [quality, reliability, correctness]
[2026-10-05 03:48:11] [SPAMMIER] resolve queries> Query Filter: /opt/hostedtoolcache/CodeQL/2.27.1/x64/codeql/qlpacks/codeql/python-queries/1.8.11/Functions/NonSelf.ql failed the constraint of problem.severity (was recommendation).
[2026-10-05 03:48:11] [SPAMMIER] resolve queries> Query Filter: /opt/hostedtoolcache/CodeQL/2.27.1/x64/codeql/qlpacks/codeql/python-queries/1.8.11/Functions/IterReturnsNonIterator.ql failed 'tags contain` constraint [quality, reliability, correctness]
[2026-10-05 03:48:11] [SPAMMIER] resolve queries> Query Filter: /opt/hostedtoolcache/CodeQL/2.27.1/x64/codeql/qlpacks/codeql/python-queries/1.8.11/Functions/IncorrectRaiseInSpecialMethod.ql failed the constraint of problem.severity (was recommendation).
[2026-10-05 03:48:11] [SPAMMIER] resolve queries> Query Filter: /opt/hostedtoolcache/CodeQL/2.27.1/x64/codeql/qlpacks/codeql/python-queries/1.8.11/Functions/UseImplicitNoneReturnValue.ql failed 'tags contain` constraint [quality, maintainability, readability]
[2026-10-05 03:48:11] [SPAMMIER] resolve queries> Query Filter: /opt/hostedtoolcache/CodeQL/2.27.1/x64/codeql/qlpacks/codeql/python-queries/1.8.11/Functions/OverlyComplexDelMethod.ql failed the constraint of problem.severity (was recommendation).
[2026-10-05 03:48:11] [SPAMMIER] resolve queries> Query Filter: /opt/hostedtoolcache/CodeQL/2.27.1/x64/codeql/qlpacks/codeql/python-queries/1.8.11/Functions/ModificationOfParameterWithDefault.ql failed 'tags contain` constraint [quality, reliability, correctness]
[2026-10-05 03:48:11] [SPAMMIER] resolve queries> Query Filter: /opt/hostedtoolcache/CodeQL/2.27.1/x64/codeql/qlpacks/codeql/python-queries/1.8.11/Functions/SignatureOverriddenMethod.ql failed 'tags contain` constraint [quality, reliability, correctness]
[2026-10-05 03:48:11] [SPAMMIER] resolve queries> Query Filter: /opt/hostedtoolcache/CodeQL/2.27.1/x64/codeql/qlpacks/codeql/python-queries/1.8.11/Functions/ExplicitReturnInInit.ql failed 'tags contain` constraint [quality, reliability, correctness]
[2026-10-05 03:48:11] [SPAMMIER] resolve queries> Query Filter: /opt/hostedtoolcache/CodeQL/2.27.1/x64/codeql/qlpacks/codeql/python-queries/1.8.11/Functions/SignatureSpecialMethods.ql failed 'tags contain` constraint [reliability, correctness, quality]
[2026-10-05 03:48:11] [SPAMMIER] resolve queries> Query Filter: /opt/hostedtoolcache/CodeQL/2.27.1/x64/codeql/qlpacks/codeql/python-queries/1.8.11/Functions/ReturnConsistentTupleSizes.ql failed the constraint of problem.severity (was recommendation).
[2026-10-05 03:48:11] [SPAMMIER] resolve queries> Query Filter: /opt/hostedtoolcache/CodeQL/2.27.1/x64/codeql/qlpacks/codeql/python-queries/1.8.11/Functions/ConsistentReturns.ql failed the constraint of problem.severity (was recommendation).
[2026-10-05 03:48:11] [SPAMMIER] resolve queries> Query Filter: /opt/hostedtoolcache/CodeQL/2.27.1/x64/codeql/qlpacks/codeql/python-queries/1.8.11/Functions/NonCls.ql failed the constraint of problem.severity (was recommendation).
[2026-10-05 03:48:11] [SPAMMIER] resolve queries> Query Filter: /opt/hostedtoolcache/CodeQL/2.27.1/x64/codeql/qlpacks/codeql/python-queries/1.8.11/utils/modeleditor/FrameworkModeEndpoints.ql failed the constraint of kind (was table).
[2026-10-05 03:48:11] [SPAMMIER] resolve queries> Query Filter: /opt/hostedtoolcache/CodeQL/2.27.1/x64/codeql/qlpacks/codeql/python-queries/1.8.11/Statements/SideEffectInAssert.ql failed 'tags contain` constraint [quality, reliability, correctness]
[2026-10-05 03:48:11] [SPAMMIER] resolve queries> Query Filter: /opt/hostedtoolcache/CodeQL/2.27.1/x64/codeql/qlpacks/codeql/python-queries/1.8.11/Statements/StringConcatenationInLoop.ql failed the constraint of precision (was low).
[2026-10-05 03:48:11] [SPAMMIER] resolve queries> Query Filter: /opt/hostedtoolcache/CodeQL/2.27.1/x64/codeql/qlpacks/codeql/python-queries/1.8.11/Statements/AssertLiteralConstant.ql failed the constraint of precision (was medium).
[2026-10-05 03:48:11] [SPAMMIER] resolve queries> Query Filter: /opt/hostedtoolcache/CodeQL/2.27.1/x64/codeql/qlpacks/codeql/python-queries/1.8.11/Statements/TopLevelPrint.ql failed the constraint of problem.severity (was recommendation).
[2026-10-05 03:48:11] [SPAMMIER] resolve queries> Query Filter: /opt/hostedtoolcache/CodeQL/2.27.1/x64/codeql/qlpacks/codeql/python-queries/1.8.11/Statements/NonIteratorInForLoop.ql failed 'tags contain` constraint [quality, reliability, correctness]
[2026-10-05 03:48:11] [SPAMMIER] resolve queries> Query Filter: /opt/hostedtoolcache/CodeQL/2.27.1/x64/codeql/qlpacks/codeql/python-queries/1.8.11/Statements/AssertOnTuple.ql failed 'tags contain` constraint [quality, reliability, correctness, external/cwe/cwe-670]
[2026-10-05 03:48:11] [SPAMMIER] resolve queries> Query Filter: /opt/hostedtoolcache/CodeQL/2.27.1/x64/codeql/qlpacks/codeql/python-queries/1.8.11/Statements/StatementNoEffect.ql failed the constraint of problem.severity (was recommendation).
[2026-10-05 03:48:11] [SPAMMIER] resolve queries> Query Filter: /opt/hostedtoolcache/CodeQL/2.27.1/x64/codeql/qlpacks/codeql/python-queries/1.8.11/Statements/NestedLoopsSameVariableWithReuse.ql failed 'tags contain` constraint [quality, reliability, correctness]
[2026-10-05 03:48:11] [SPAMMIER] resolve queries> Query Filter: /opt/hostedtoolcache/CodeQL/2.27.1/x64/codeql/qlpacks/codeql/python-queries/1.8.11/Statements/UseOfExit.ql failed 'tags contain` constraint [quality, reliability, correctness]
[2026-10-05 03:48:11] [SPAMMIER] resolve queries> Query Filter: /opt/hostedtoolcache/CodeQL/2.27.1/x64/codeql/qlpacks/codeql/python-queries/1.8.11/Statements/BreakOrReturnInFinally.ql failed the constraint of precision (was medium).
[2026-10-05 03:48:11] [SPAMMIER] resolve queries> Query Filter: /opt/hostedtoolcache/CodeQL/2.27.1/x64/codeql/qlpacks/codeql/python-queries/1.8.11/Statements/C_StyleParentheses.ql failed the constraint of problem.severity (was recommendation).
[2026-10-05 03:48:11] [SPAMMIER] resolve queries> Query Filter: /opt/hostedtoolcache/CodeQL/2.27.1/x64/codeql/qlpacks/codeql/python-queries/1.8.11/Statements/IterableStringOrSequence.ql failed 'tags contain` constraint [quality, reliability, correctness]
[2026-10-05 03:48:11] [SPAMMIER] resolve queries> Query Filter: /opt/hostedtoolcache/CodeQL/2.27.1/x64/codeql/qlpacks/codeql/python-queries/1.8.11/Statements/ReturnOrYieldOutsideFunction.ql failed the constraint of precision (was medium).
[2026-10-05 03:48:11] [SPAMMIER] resolve queries> Query Filter: /opt/hostedtoolcache/CodeQL/2.27.1/x64/codeql/qlpacks/codeql/python-queries/1.8.11/Statements/UnreachableCode.ql failed 'tags contain` constraint [quality, maintainability, useless-code, external/cwe/cwe-561]
[2026-10-05 03:48:11] [SPAMMIER] resolve queries> Query Filter: /opt/hostedtoolcache/CodeQL/2.27.1/x64/codeql/qlpacks/codeql/python-queries/1.8.11/Statements/NestedLoopsSameVariable.ql failed the constraint of problem.severity (was recommendation).
[2026-10-05 03:48:11] [SPAMMIER] resolve queries> Query Filter: /opt/hostedtoolcache/CodeQL/2.27.1/x64/codeql/qlpacks/codeql/python-queries/1.8.11/Statements/UnnecessaryDelete.ql failed 'tags contain` constraint [maintainability, useless-code]
[2026-10-05 03:48:11] [SPAMMIER] resolve queries> Query Filter: /opt/hostedtoolcache/CodeQL/2.27.1/x64/codeql/qlpacks/codeql/python-queries/1.8.11/Statements/UnnecessaryElseClause.ql failed 'tags contain` constraint [quality, maintainability, useless-code]
[2026-10-05 03:48:11] [SPAMMIER] resolve queries> Query Filter: /opt/hostedtoolcache/CodeQL/2.27.1/x64/codeql/qlpacks/codeql/python-queries/1.8.11/Statements/DocStrings.ql failed the constraint of precision (was medium).
[2026-10-05 03:48:11] [SPAMMIER] resolve queries> Query Filter: /opt/hostedtoolcache/CodeQL/2.27.1/x64/codeql/qlpacks/codeql/python-queries/1.8.11/Statements/ModificationOfLocals.ql failed 'tags contain` constraint [quality, reliability, correctness]
[2026-10-05 03:48:11] [SPAMMIER] resolve queries> Query Filter: /opt/hostedtoolcache/CodeQL/2.27.1/x64/codeql/qlpacks/codeql/python-queries/1.8.11/Statements/MismatchInMultipleAssignment.ql failed 'tags contain` constraint [quality, reliability, correctness]
[2026-10-05 03:48:11] [SPAMMIER] resolve queries> Query Filter: /opt/hostedtoolcache/CodeQL/2.27.1/x64/codeql/qlpacks/codeql/python-queries/1.8.11/Statements/ExecUsed.ql failed the constraint of precision (was low).
[2026-10-05 03:48:11] [SPAMMIER] resolve queries> Query Filter: /opt/hostedtoolcache/CodeQL/2.27.1/x64/codeql/qlpacks/codeql/python-queries/1.8.11/Statements/RedundantAssignment.ql failed 'tags contain` constraint [quality, reliability, correctness, external/cwe/cwe-563]
[2026-10-05 03:48:11] [SPAMMIER] resolve queries> Query Filter: /opt/hostedtoolcache/CodeQL/2.27.1/x64/codeql/qlpacks/codeql/python-queries/1.8.11/Statements/UnnecessaryPass.ql failed 'tags contain` constraint [quality, maintainability, useless-code]
[2026-10-05 03:48:11] [SPAMMIER] resolve queries> Query Filter: /opt/hostedtoolcache/CodeQL/2.27.1/x64/codeql/qlpacks/codeql/python-queries/1.8.11/Statements/UnusedExceptionObject.ql failed 'tags contain` constraint [quality, reliability, error-handling]
[2026-10-05 03:48:11] [SPAMMIER] resolve queries> Query Filter: /opt/hostedtoolcache/CodeQL/2.27.1/x64/codeql/qlpacks/codeql/python-queries/1.8.11/Statements/ShouldUseWithStatement.ql failed the constraint of problem.severity (was recommendation).
[2026-10-05 03:48:11] [SPAMMIER] resolve queries> Query Filter: /opt/hostedtoolcache/CodeQL/2.27.1/x64/codeql/qlpacks/codeql/python-queries/1.8.11/Statements/ConstantInConditional.ql failed 'tags contain` constraint [quality, maintainability, useless-code, external/cwe/cwe-561, external/cwe/cwe-570, external/cwe/cwe-571]
[2026-10-05 03:48:11] [SPAMMIER] resolve queries> Query Filter: /opt/hostedtoolcache/CodeQL/2.27.1/x64/codeql/qlpacks/codeql/python-queries/1.8.11/Filters/ClassifyFiles.ql failed the constraint of kind (was file-classifier).
[2026-10-05 03:48:11] [SPAMMIER] resolve queries> Query Filter: /opt/hostedtoolcache/CodeQL/2.27.1/x64/codeql/qlpacks/codeql/python-queries/1.8.11/experimental/cryptography/example_alerts/WeakKDFSaltSize.ql failed 'tags contain` constraint []
[2026-10-05 03:48:11] [SPAMMIER] resolve queries> Query Filter: /opt/hostedtoolcache/CodeQL/2.27.1/x64/codeql/qlpacks/codeql/python-queries/1.8.11/experimental/cryptography/example_alerts/WeakHashes.ql failed 'tags contain` constraint [external/cwe/cwe-327]
[2026-10-05 03:48:11] [SPAMMIER] resolve queries> Query Filter: /opt/hostedtoolcache/CodeQL/2.27.1/x64/codeql/qlpacks/codeql/python-queries/1.8.11/experimental/cryptography/example_alerts/WeakAsymmetricPadding.ql failed 'tags contain` constraint []
[2026-10-05 03:48:11] [SPAMMIER] resolve queries> Query Filter: /opt/hostedtoolcache/CodeQL/2.27.1/x64/codeql/qlpacks/codeql/python-queries/1.8.11/experimental/cryptography/example_alerts/WeakKDFIteration.ql failed 'tags contain` constraint []
[2026-10-05 03:48:11] [SPAMMIER] resolve queries> Query Filter: /opt/hostedtoolcache/CodeQL/2.27.1/x64/codeql/qlpacks/codeql/python-queries/1.8.11/experimental/cryptography/example_alerts/WeakEllipticCurve.ql failed 'tags contain` constraint [external/cwe/cwe-327]
[2026-10-05 03:48:11] [SPAMMIER] resolve queries> Query Filter: /opt/hostedtoolcache/CodeQL/2.27.1/x64/codeql/qlpacks/codeql/python-queries/1.8.11/experimental/cryptography/example_alerts/WeakKDFSaltGen.ql failed 'tags contain` constraint []
[2026-10-05 03:48:11] [SPAMMIER] resolve queries> Query Filter: /opt/hostedtoolcache/CodeQL/2.27.1/x64/codeql/qlpacks/codeql/python-queries/1.8.11/experimental/cryptography/example_alerts/WeakBlockMode.ql failed 'tags contain` constraint [external/cwe/cwe-327]
[2026-10-05 03:48:11] [SPAMMIER] resolve queries> Query Filter: /opt/hostedtoolcache/CodeQL/2.27.1/x64/codeql/qlpacks/codeql/python-queries/1.8.11/experimental/cryptography/example_alerts/UnknownAsymmetricKeyGen.ql failed 'tags contain` constraint [external/cwe/cwe-326]
[2026-10-05 03:48:11] [SPAMMIER] resolve queries> Query Filter: /opt/hostedtoolcache/CodeQL/2.27.1/x64/codeql/qlpacks/codeql/python-queries/1.8.11/experimental/cryptography/example_alerts/WeakBlockModeIVorNonce.ql failed 'tags contain` constraint []
[2026-10-05 03:48:11] [SPAMMIER] resolve queries> Query Filter: /opt/hostedtoolcache/CodeQL/2.27.1/x64/codeql/qlpacks/codeql/python-queries/1.8.11/experimental/cryptography/example_alerts/WeakKDFMode.ql failed 'tags contain` constraint []
[2026-10-05 03:48:11] [SPAMMIER] resolve queries> Query Filter: /opt/hostedtoolcache/CodeQL/2.27.1/x64/codeql/qlpacks/codeql/python-queries/1.8.11/experimental/cryptography/example_alerts/WeakKDFKeyLength.ql failed 'tags contain` constraint []
[2026-10-05 03:48:11] [SPAMMIER] resolve queries> Query Filter: /opt/hostedtoolcache/CodeQL/2.27.1/x64/codeql/qlpacks/codeql/python-queries/1.8.11/experimental/cryptography/example_alerts/WeakKDFAlgorithm.ql failed 'tags contain` constraint []
[2026-10-05 03:48:11] [SPAMMIER] resolve queries> Query Filter: /opt/hostedtoolcache/CodeQL/2.27.1/x64/codeql/qlpacks/codeql/python-queries/1.8.11/experimental/cryptography/example_alerts/WeakSymmetricEncryption.ql failed 'tags contain` constraint [external/cwe/cwe-327]
[2026-10-05 03:48:11] [SPAMMIER] resolve queries> Query Filter: /opt/hostedtoolcache/CodeQL/2.27.1/x64/codeql/qlpacks/codeql/python-queries/1.8.11/experimental/cryptography/example_alerts/WeakAsymmetricKeyGen.ql failed 'tags contain` constraint [external/cwe/cwe-326]
[2026-10-05 03:48:11] [SPAMMIER] resolve queries> Query Filter: /opt/hostedtoolcache/CodeQL/2.27.1/x64/codeql/qlpacks/codeql/python-queries/1.8.11/experimental/cryptography/inventory/old_models/AllCryptoAlgorithms.ql failed the constraint of precision (not present).
[2026-10-05 03:48:11] [SPAMMIER] resolve queries> Query Filter: /opt/hostedtoolcache/CodeQL/2.27.1/x64/codeql/qlpacks/codeql/python-queries/1.8.11/experimental/cryptography/inventory/old_models/HashingAlgorithms.ql failed the constraint of precision (not present).
[2026-10-05 03:48:11] [SPAMMIER] resolve queries> Query Filter: /opt/hostedtoolcache/CodeQL/2.27.1/x64/codeql/qlpacks/codeql/python-queries/1.8.11/experimental/cryptography/inventory/old_models/BlockModeAlgorithms.ql failed the constraint of precision (not present).
[2026-10-05 03:48:11] [SPAMMIER] resolve queries> Query Filter: /opt/hostedtoolcache/CodeQL/2.27.1/x64/codeql/qlpacks/codeql/python-queries/1.8.11/experimental/cryptography/inventory/new_models/BlockModeKnownIVsOrNonces.ql failed the constraint of precision (not present).
[2026-10-05 03:48:11] [SPAMMIER] resolve queries> Query Filter: /opt/hostedtoolcache/CodeQL/2.27.1/x64/codeql/qlpacks/codeql/python-queries/1.8.11/experimental/cryptography/inventory/new_models/EllipticCurveAlgorithms.ql failed the constraint of precision (not present).
[2026-10-05 03:48:11] [SPAMMIER] resolve queries> Query Filter: /opt/hostedtoolcache/CodeQL/2.27.1/x64/codeql/qlpacks/codeql/python-queries/1.8.11/experimental/cryptography/inventory/new_models/KeyDerivationAlgorithms.ql failed the constraint of precision (not present).
[2026-10-05 03:48:11] [SPAMMIER] resolve queries> Query Filter: /opt/hostedtoolcache/CodeQL/2.27.1/x64/codeql/qlpacks/codeql/python-queries/1.8.11/experimental/cryptography/inventory/new_models/SymmetricPaddingAlgorithms.ql failed the constraint of precision (not present).
[2026-10-05 03:48:11] [SPAMMIER] resolve queries> Query Filter: /opt/hostedtoolcache/CodeQL/2.27.1/x64/codeql/qlpacks/codeql/python-queries/1.8.11/experimental/cryptography/inventory/new_models/BlockModeUnknownIVsOrNonces.ql failed the constraint of precision (not present).
[2026-10-05 03:48:11] [SPAMMIER] resolve queries> Query Filter: /opt/hostedtoolcache/CodeQL/2.27.1/x64/codeql/qlpacks/codeql/python-queries/1.8.11/experimental/cryptography/inventory/new_models/AsymmetricEncryptionAlgorithms.ql failed the constraint of precision (not present).
[2026-10-05 03:48:11] [SPAMMIER] resolve queries> Query Filter: /opt/hostedtoolcache/CodeQL/2.27.1/x64/codeql/qlpacks/codeql/python-queries/1.8.11/experimental/cryptography/inventory/new_models/SigningAlgorithms.ql failed the constraint of precision (not present).
[2026-10-05 03:48:11] [SPAMMIER] resolve queries> Query Filter: /opt/hostedtoolcache/CodeQL/2.27.1/x64/codeql/qlpacks/codeql/python-queries/1.8.11/experimental/cryptography/inventory/new_models/SymmetricEncryptionAlgorithms.ql failed the constraint of precision (not present).
[2026-10-05 03:48:11] [SPAMMIER] resolve queries> Query Filter: /opt/hostedtoolcache/CodeQL/2.27.1/x64/codeql/qlpacks/codeql/python-queries/1.8.11/experimental/cryptography/inventory/new_models/AllCryptoAlgorithms.ql failed the constraint of precision (not present).
[2026-10-05 03:48:11] [SPAMMIER] resolve queries> Query Filter: /opt/hostedtoolcache/CodeQL/2.27.1/x64/codeql/qlpacks/codeql/python-queries/1.8.11/experimental/cryptography/inventory/new_models/AllAsymmetricAlgorithms.ql failed the constraint of precision (not present).
[2026-10-05 03:48:11] [SPAMMIER] resolve queries> Query Filter: /opt/hostedtoolcache/CodeQL/2.27.1/x64/codeql/qlpacks/codeql/python-queries/1.8.11/experimental/cryptography/inventory/new_models/AsymmetricKeyGenOperation.ql failed the constraint of precision (not present).
[2026-10-05 03:48:11] [SPAMMIER] resolve queries> Query Filter: /opt/hostedtoolcache/CodeQL/2.27.1/x64/codeql/qlpacks/codeql/python-queries/1.8.11/experimental/cryptography/inventory/new_models/AuthenticatedEncryptionAlgorithms.ql failed the constraint of precision (not present).
[2026-10-05 03:48:11] [SPAMMIER] resolve queries> Query Filter: /opt/hostedtoolcache/CodeQL/2.27.1/x64/codeql/qlpacks/codeql/python-queries/1.8.11/experimental/cryptography/inventory/new_models/HashingAlgorithms.ql failed the constraint of precision (not present).
[2026-10-05 03:48:11] [SPAMMIER] resolve queries> Query Filter: /opt/hostedtoolcache/CodeQL/2.27.1/x64/codeql/qlpacks/codeql/python-queries/1.8.11/experimental/cryptography/inventory/new_models/KeyExchangeAlgorithms.ql failed the constraint of precision (not present).
[2026-10-05 03:48:11] [SPAMMIER] resolve queries> Query Filter: /opt/hostedtoolcache/CodeQL/2.27.1/x64/codeql/qlpacks/codeql/python-queries/1.8.11/experimental/cryptography/inventory/new_models/AsymmetricPaddingAlgorithms.ql failed the constraint of precision (not present).
[2026-10-05 03:48:11] [SPAMMIER] resolve queries> Query Filter: /opt/hostedtoolcache/CodeQL/2.27.1/x64/codeql/qlpacks/codeql/python-queries/1.8.11/experimental/cryptography/inventory/new_models/BlockModeAlgorithms.ql failed the constraint of precision (not present).
[2026-10-05 03:48:11] [SPAMMIER] resolve queries> Query Filter: /opt/hostedtoolcache/CodeQL/2.27.1/x64/codeql/qlpacks/codeql/python-queries/1.8.11/experimental/Classes/NamingConventionsClasses.ql failed the constraint of precision (not present).
[2026-10-05 03:48:11] [SPAMMIER] resolve queries> Query Filter: /opt/hostedtoolcache/CodeQL/2.27.1/x64/codeql/qlpacks/codeql/python-queries/1.8.11/experimental/Functions/NamingConventionsFunctions.ql failed the constraint of precision (not present).
[2026-10-05 03:48:11] [SPAMMY] resolve queries> Query Filter: Including /opt/hostedtoolcache/CodeQL/2.27.1/x64/codeql/qlpacks/codeql/python-queries/1.8.11/experimental/Security/CWE-208/TimingAttackAgainstHeaderValue/TimingAttackAgainstHeaderValue.ql.
[2026-10-05 03:48:11] [SPAMMIER] resolve queries> Query Filter: /opt/hostedtoolcache/CodeQL/2.27.1/x64/codeql/qlpacks/codeql/python-queries/1.8.11/experimental/Security/CWE-208/TimingAttackAgainstSensitiveInfo/PossibleTimingAttackAgainstSensitiveInfo.ql failed the constraint of precision (was low).
[2026-10-05 03:48:11] [SPAMMIER] resolve queries> Query Filter: /opt/hostedtoolcache/CodeQL/2.27.1/x64/codeql/qlpacks/codeql/python-queries/1.8.11/experimental/Security/CWE-208/TimingAttackAgainstSensitiveInfo/TimingAttackAgainstSensitiveInfo.ql failed the constraint of precision (was low).
[2026-10-05 03:48:11] [SPAMMIER] resolve queries> Query Filter: /opt/hostedtoolcache/CodeQL/2.27.1/x64/codeql/qlpacks/codeql/python-queries/1.8.11/experimental/Security/CWE-208/TimingAttackAgainstHash/TimingAttackAgainstHash.ql failed the constraint of precision (was low).
[2026-10-05 03:48:11] [SPAMMIER] resolve queries> Query Filter: /opt/hostedtoolcache/CodeQL/2.27.1/x64/codeql/qlpacks/codeql/python-queries/1.8.11/experimental/Security/CWE-208/TimingAttackAgainstHash/PossibleTimingAttackAgainstHash.ql failed the constraint of precision (was low).
[2026-10-05 03:48:11] [SPAMMY] resolve queries> Query Filter: Including /opt/hostedtoolcache/CodeQL/2.27.1/x64/codeql/qlpacks/codeql/python-queries/1.8.11/experimental/Security/CWE-022bis/TarSlipImprov.ql.
[2026-10-05 03:48:11] [SPAMMIER] resolve queries> Query Filter: /opt/hostedtoolcache/CodeQL/2.27.1/x64/codeql/qlpacks/codeql/python-queries/1.8.11/experimental/Security/CWE-022bis/UnsafeUnpack.ql failed the constraint of precision (was medium).
[2026-10-05 03:48:11] [SPAMMIER] resolve queries> Query Filter: /opt/hostedtoolcache/CodeQL/2.27.1/x64/codeql/qlpacks/codeql/python-queries/1.8.11/experimental/Security/CWE-079/EmailXss.ql failed the constraint of precision (not present).
[2026-10-05 03:48:11] [SPAMMIER] resolve queries> Query Filter: /opt/hostedtoolcache/CodeQL/2.27.1/x64/codeql/qlpacks/codeql/python-queries/1.8.11/experimental/Security/CWE-1236/CsvInjection.ql failed the constraint of precision (not present).
[2026-10-05 03:48:11] [SPAMMY] resolve queries> Query Filter: Including /opt/hostedtoolcache/CodeQL/2.27.1/x64/codeql/qlpacks/codeql/python-queries/1.8.11/experimental/Security/CWE-022/ZipSlip.ql.
[2026-10-05 03:48:11] [SPAMMY] resolve queries> Query Filter: Including /opt/hostedtoolcache/CodeQL/2.27.1/x64/codeql/qlpacks/codeql/python-queries/1.8.11/experimental/Security/CWE-094/Js2Py.ql.
[2026-10-05 03:48:11] [SPAMMY] resolve queries> Query Filter: Including /opt/hostedtoolcache/CodeQL/2.27.1/x64/codeql/qlpacks/codeql/python-queries/1.8.11/experimental/Security/CWE-942/CorsMisconfigurationMiddleware.ql.
[2026-10-05 03:48:11] [SPAMMIER] resolve queries> Query Filter: /opt/hostedtoolcache/CodeQL/2.27.1/x64/codeql/qlpacks/codeql/python-queries/1.8.11/experimental/Security/CWE-522/LdapInsecureAuth.ql failed the constraint of precision (not present).
[2026-10-05 03:48:11] [SPAMMY] resolve queries> Query Filter: Including /opt/hostedtoolcache/CodeQL/2.27.1/x64/codeql/qlpacks/codeql/python-queries/1.8.11/experimental/Security/CWE-338/InsecureRandomness.ql.
[2026-10-05 03:48:11] [SPAMMY] resolve queries> Query Filter: Including /opt/hostedtoolcache/CodeQL/2.27.1/x64/codeql/qlpacks/codeql/python-queries/1.8.11/experimental/Security/CWE-770/UnicodeDoS.ql.
[2026-10-05 03:48:11] [SPAMMY] resolve queries> Query Filter: Including /opt/hostedtoolcache/CodeQL/2.27.1/x64/codeql/qlpacks/codeql/python-queries/1.8.11/experimental/Security/CWE-611/SimpleXmlRpcServer.ql.
[2026-10-05 03:48:11] [SPAMMY] resolve queries> Query Filter: Including /opt/hostedtoolcache/CodeQL/2.27.1/x64/codeql/qlpacks/codeql/python-queries/1.8.11/experimental/Security/CWE-176/UnicodeBypassValidation.ql.
[2026-10-05 03:48:11] [SPAMMIER] resolve queries> Query Filter: /opt/hostedtoolcache/CodeQL/2.27.1/x64/codeql/qlpacks/codeql/python-queries/1.8.11/experimental/Security/CWE-347/JWTMissingSecretOrPublicKeyVerification.ql failed the constraint of precision (not present).
[2026-10-05 03:48:11] [SPAMMIER] resolve queries> Query Filter: /opt/hostedtoolcache/CodeQL/2.27.1/x64/codeql/qlpacks/codeql/python-queries/1.8.11/experimental/Security/CWE-347/JWTEmptyKeyOrAlgorithm.ql failed the constraint of precision (not present).
[2026-10-05 03:48:11] [SPAMMY] resolve queries> Query Filter: Including /opt/hostedtoolcache/CodeQL/2.27.1/x64/codeql/qlpacks/codeql/python-queries/1.8.11/experimental/Security/CWE-287-ConstantSecretKey/WebAppConstantSecretKey.ql.
[2026-10-05 03:48:11] [SPAMMIER] resolve queries> Query Filter: /opt/hostedtoolcache/CodeQL/2.27.1/x64/codeql/qlpacks/codeql/python-queries/1.8.11/experimental/Security/CWE-340/TokenBuiltFromUUID.ql failed the constraint of precision (was medium).
[2026-10-05 03:48:11] [SPAMMY] resolve queries> Query Filter: Including /opt/hostedtoolcache/CodeQL/2.27.1/x64/codeql/qlpacks/codeql/python-queries/1.8.11/experimental/Security/CWE-1427/PromptInjection.ql.
[2026-10-05 03:48:11] [SPAMMY] resolve queries> Query Filter: Including /opt/hostedtoolcache/CodeQL/2.27.1/x64/codeql/qlpacks/codeql/python-queries/1.8.11/experimental/Security/CWE-348/ClientSuppliedIpUsedInSecurityCheck.ql.
[2026-10-05 03:48:11] [SPAMMY] resolve queries> Query Filter: Including /opt/hostedtoolcache/CodeQL/2.27.1/x64/codeql/qlpacks/codeql/python-queries/1.8.11/experimental/Security/CWE-074/remoteCommandExecution/RemoteCommandExecution.ql.
[2026-10-05 03:48:11] [SPAMMY] resolve queries> Query Filter: Including /opt/hostedtoolcache/CodeQL/2.27.1/x64/codeql/qlpacks/codeql/python-queries/1.8.11/experimental/Security/CWE-091/XsltInjection.ql.
[2026-10-05 03:48:11] [SPAMMIER] resolve queries> Query Filter: /opt/hostedtoolcache/CodeQL/2.27.1/x64/codeql/qlpacks/codeql/python-queries/1.8.11/experimental/Security/CWE-346/CorsBypass.ql failed the constraint of precision (not present).
[2026-10-05 03:48:11] [SPAMMY] resolve queries> Query Filter: Including /opt/hostedtoolcache/CodeQL/2.27.1/x64/codeql/qlpacks/codeql/python-queries/1.8.11/experimental/Security/CWE-409/DecompressionBombs.ql.
[2026-10-05 03:48:11] [SPAMMIER] resolve queries> Query Filter: /opt/hostedtoolcache/CodeQL/2.27.1/x64/codeql/qlpacks/codeql/python-queries/1.8.11/experimental/Security/CWE-327/Azure/UnsafeUsageOfClientSideEncryptionVersion.ql failed the constraint of precision (was medium).
[2026-10-05 03:48:11] [SPAMMIER] resolve queries> Query Filter: /opt/hostedtoolcache/CodeQL/2.27.1/x64/codeql/qlpacks/codeql/python-queries/1.8.11/experimental/Security/CWE-287/ImproperLdapAuth.ql failed the constraint of precision (not present).
[2026-10-05 03:48:11] [SPAMMIER] resolve queries> Query Filter: /opt/hostedtoolcache/CodeQL/2.27.1/x64/codeql/qlpacks/codeql/python-queries/1.8.11/Summary/LinesOfUserCode.ql failed the constraint of kind (was metric).
[2026-10-05 03:48:11] [SPAMMIER] resolve queries> Query Filter: /opt/hostedtoolcache/CodeQL/2.27.1/x64/codeql/qlpacks/codeql/python-queries/1.8.11/Summary/LinesOfCode.ql failed the constraint of kind (was metric).
[2026-10-05 03:48:11] [SPAMMIER] resolve queries> Query Filter: /opt/hostedtoolcache/CodeQL/2.27.1/x64/codeql/qlpacks/codeql/python-queries/1.8.11/Testing/ImpreciseAssert.ql failed the constraint of problem.severity (was recommendation).
[2026-10-05 03:48:11] [SPAMMIER] resolve queries> Query Filter: /opt/hostedtoolcache/CodeQL/2.27.1/x64/codeql/qlpacks/codeql/python-queries/1.8.11/meta/alerts/InterestingTaintSinks.ql failed the constraint of precision (was very-low).
[2026-10-05 03:48:11] [SPAMMIER] resolve queries> Query Filter: /opt/hostedtoolcache/CodeQL/2.27.1/x64/codeql/qlpacks/codeql/python-queries/1.8.11/meta/alerts/RemoteFlowSourcesReach.ql failed the constraint of precision (was very-low).
[2026-10-05 03:48:11] [SPAMMIER] resolve queries> Query Filter: /opt/hostedtoolcache/CodeQL/2.27.1/x64/codeql/qlpacks/codeql/python-queries/1.8.11/meta/alerts/RequestHandlers.ql failed the constraint of precision (was very-low).
[2026-10-05 03:48:11] [SPAMMIER] resolve queries> Query Filter: /opt/hostedtoolcache/CodeQL/2.27.1/x64/codeql/qlpacks/codeql/python-queries/1.8.11/meta/alerts/RemoteFlowSources.ql failed the constraint of precision (was very-low).
[2026-10-05 03:48:11] [SPAMMIER] resolve queries> Query Filter: /opt/hostedtoolcache/CodeQL/2.27.1/x64/codeql/qlpacks/codeql/python-queries/1.8.11/meta/alerts/TaintSinks.ql failed the constraint of precision (was very-low).
[2026-10-05 03:48:11] [SPAMMIER] resolve queries> Query Filter: /opt/hostedtoolcache/CodeQL/2.27.1/x64/codeql/qlpacks/codeql/python-queries/1.8.11/meta/ClassHierarchy/Find.ql failed the constraint of kind (was table).
[2026-10-05 03:48:11] [SPAMMIER] resolve queries> Query Filter: /opt/hostedtoolcache/CodeQL/2.27.1/x64/codeql/qlpacks/codeql/python-queries/1.8.11/meta/debug/SimpleClassDebug.ql failed the constraint of kind (not present).
[2026-10-05 03:48:11] [SPAMMIER] resolve queries> Query Filter: /opt/hostedtoolcache/CodeQL/2.27.1/x64/codeql/qlpacks/codeql/python-queries/1.8.11/meta/debug/DebugStats.ql failed the constraint of kind (not present).
[2026-10-05 03:48:11] [SPAMMIER] resolve queries> Query Filter: /opt/hostedtoolcache/CodeQL/2.27.1/x64/codeql/qlpacks/codeql/python-queries/1.8.11/meta/analysis-quality/TTCallGraphNew.ql failed the constraint of precision (was very-low).
[2026-10-05 03:48:11] [SPAMMIER] resolve queries> Query Filter: /opt/hostedtoolcache/CodeQL/2.27.1/x64/codeql/qlpacks/codeql/python-queries/1.8.11/meta/analysis-quality/PointsToResolvableCallRatio.ql failed the constraint of kind (was metric).
[2026-10-05 03:48:11] [SPAMMIER] resolve queries> Query Filter: /opt/hostedtoolcache/CodeQL/2.27.1/x64/codeql/qlpacks/codeql/python-queries/1.8.11/meta/analysis-quality/TTCallGraphMissing.ql failed the constraint of precision (was very-low).
[2026-10-05 03:48:11] [SPAMMIER] resolve queries> Query Filter: /opt/hostedtoolcache/CodeQL/2.27.1/x64/codeql/qlpacks/codeql/python-queries/1.8.11/meta/analysis-quality/CallGraph.ql failed the constraint of precision (was very-low).
[2026-10-05 03:48:11] [SPAMMIER] resolve queries> Query Filter: /opt/hostedtoolcache/CodeQL/2.27.1/x64/codeql/qlpacks/codeql/python-queries/1.8.11/meta/analysis-quality/TTCallGraph.ql failed the constraint of precision (was very-low).
[2026-10-05 03:48:11] [SPAMMIER] resolve queries> Query Filter: /opt/hostedtoolcache/CodeQL/2.27.1/x64/codeql/qlpacks/codeql/python-queries/1.8.11/meta/analysis-quality/SummarizedCallableCallSites.ql failed the constraint of precision (was very-low).
[2026-10-05 03:48:11] [SPAMMIER] resolve queries> Query Filter: /opt/hostedtoolcache/CodeQL/2.27.1/x64/codeql/qlpacks/codeql/python-queries/1.8.11/meta/analysis-quality/TTCallGraphNewAmbiguous.ql failed the constraint of precision (was very-low).
[2026-10-05 03:48:11] [SPAMMIER] resolve queries> Query Filter: /opt/hostedtoolcache/CodeQL/2.27.1/x64/codeql/qlpacks/codeql/python-queries/1.8.11/meta/analysis-quality/TTCallGraphOverview.ql failed the constraint of kind (not present).
[2026-10-05 03:48:11] [SPAMMIER] resolve queries> Query Filter: /opt/hostedtoolcache/CodeQL/2.27.1/x64/codeql/qlpacks/codeql/python-queries/1.8.11/meta/analysis-quality/PointsToResolvableCalls.ql failed the constraint of kind (was metric).
[2026-10-05 03:48:11] [SPAMMIER] resolve queries> Query Filter: /opt/hostedtoolcache/CodeQL/2.27.1/x64/codeql/qlpacks/codeql/python-queries/1.8.11/meta/analysis-quality/TTCallGraphShared.ql failed the constraint of precision (was very-low).
[2026-10-05 03:48:11] [SPAMMIER] resolve queries> Query Filter: /opt/hostedtoolcache/CodeQL/2.27.1/x64/codeql/qlpacks/codeql/python-queries/1.8.11/meta/analysis-quality/PointsToResolvableCallsRelevantTarget.ql failed the constraint of kind (was metric).
[2026-10-05 03:48:11] [SPAMMIER] resolve queries> Query Filter: /opt/hostedtoolcache/CodeQL/2.27.1/x64/codeql/qlpacks/codeql/python-queries/1.8.11/meta/analysis-quality/ResolvableCallCandidates.ql failed the constraint of kind (was metric).
[2026-10-05 03:48:11] [SPAMMIER] resolve queries> Query Filter: /opt/hostedtoolcache/CodeQL/2.27.1/x64/codeql/qlpacks/codeql/python-queries/1.8.11/Numerics/Pythagorean.ql failed the constraint of precision (was medium).
[2026-10-05 03:48:11] [SPAMMIER] resolve queries> Query Filter: /opt/hostedtoolcache/CodeQL/2.27.1/x64/codeql/qlpacks/codeql/python-queries/1.8.11/Exceptions/RaisingTuple.ql failed 'tags contain` constraint [maintainability]
[2026-10-05 03:48:11] [SPAMMIER] resolve queries> Query Filter: /opt/hostedtoolcache/CodeQL/2.27.1/x64/codeql/qlpacks/codeql/python-queries/1.8.11/Exceptions/IllegalExceptionHandlerType.ql failed 'tags contain` constraint [quality, reliability, error-handling]
[2026-10-05 03:48:11] [SPAMMIER] resolve queries> Query Filter: /opt/hostedtoolcache/CodeQL/2.27.1/x64/codeql/qlpacks/codeql/python-queries/1.8.11/Exceptions/IllegalRaise.ql failed 'tags contain` constraint [quality, reliability, error-handling]
[2026-10-05 03:48:11] [SPAMMIER] resolve queries> Query Filter: /opt/hostedtoolcache/CodeQL/2.27.1/x64/codeql/qlpacks/codeql/python-queries/1.8.11/Exceptions/UnguardedNextInGenerator.ql failed 'tags contain` constraint [maintainability, portability]
[2026-10-05 03:48:11] [SPAMMIER] resolve queries> Query Filter: /opt/hostedtoolcache/CodeQL/2.27.1/x64/codeql/qlpacks/codeql/python-queries/1.8.11/Exceptions/IncorrectExceptOrder.ql failed 'tags contain` constraint [quality, reliability, error-handling, external/cwe/cwe-561]
[2026-10-05 03:48:11] [SPAMMIER] resolve queries> Query Filter: /opt/hostedtoolcache/CodeQL/2.27.1/x64/codeql/qlpacks/codeql/python-queries/1.8.11/Exceptions/CatchingBaseException.ql failed the constraint of problem.severity (was recommendation).
[2026-10-05 03:48:11] [SPAMMIER] resolve queries> Query Filter: /opt/hostedtoolcache/CodeQL/2.27.1/x64/codeql/qlpacks/codeql/python-queries/1.8.11/Exceptions/EmptyExcept.ql failed the constraint of problem.severity (was recommendation).
[2026-10-05 03:48:11] [SPAMMIER] resolve queries> Query Filter: /opt/hostedtoolcache/CodeQL/2.27.1/x64/codeql/qlpacks/codeql/python-queries/1.8.11/Exceptions/NotImplementedIsNotAnException.ql failed 'tags contain` constraint [quality, reliability, error-handling]
[2026-10-05 03:48:11] [SPAMMY] resolve queries> Query Filter: Including /opt/hostedtoolcache/CodeQL/2.27.1/x64/codeql/qlpacks/codeql/python-queries/1.8.11/Security/CWE-918/FullServerSideRequestForgery.ql.
[2026-10-05 03:48:11] [SPAMMIER] resolve queries> Query Filter: /opt/hostedtoolcache/CodeQL/2.27.1/x64/codeql/qlpacks/codeql/python-queries/1.8.11/Security/CWE-918/PartialServerSideRequestForgery.ql failed the constraint of precision (was medium).
[2026-10-05 03:48:11] [SPAMMY] resolve queries> Query Filter: Including /opt/hostedtoolcache/CodeQL/2.27.1/x64/codeql/qlpacks/codeql/python-queries/1.8.11/Security/CWE-079/ReflectedXss.ql.
[2026-10-05 03:48:11] [SPAMMIER] resolve queries> Query Filter: /opt/hostedtoolcache/CodeQL/2.27.1/x64/codeql/qlpacks/codeql/python-queries/1.8.11/Security/CWE-079/Jinja2WithoutEscaping.ql failed the constraint of precision (was medium).
[2026-10-05 03:48:11] [SPAMMY] resolve queries> Query Filter: Including /opt/hostedtoolcache/CodeQL/2.27.1/x64/codeql/qlpacks/codeql/python-queries/1.8.11/Security/CWE-326/WeakCryptoKey.ql.
[2026-10-05 03:48:11] [SPAMMIER] resolve queries> Query Filter: /opt/hostedtoolcache/CodeQL/2.27.1/x64/codeql/qlpacks/codeql/python-queries/1.8.11/Security/CWE-022/TarSlip.ql failed the constraint of precision (was medium).
[2026-10-05 03:48:11] [SPAMMY] resolve queries> Query Filter: Including /opt/hostedtoolcache/CodeQL/2.27.1/x64/codeql/qlpacks/codeql/python-queries/1.8.11/Security/CWE-022/PathInjection.ql.
[2026-10-05 03:48:11] [SPAMMY] resolve queries> Query Filter: Including /opt/hostedtoolcache/CodeQL/2.27.1/x64/codeql/qlpacks/codeql/python-queries/1.8.11/Security/CWE-116/BadTagFilter.ql.
[2026-10-05 03:48:11] [SPAMMY] resolve queries> Query Filter: Including /opt/hostedtoolcache/CodeQL/2.27.1/x64/codeql/qlpacks/codeql/python-queries/1.8.11/Security/CWE-943/NoSqlInjection.ql.
[2026-10-05 03:48:11] [SPAMMY] resolve queries> Query Filter: Including /opt/hostedtoolcache/CodeQL/2.27.1/x64/codeql/qlpacks/codeql/python-queries/1.8.11/Security/CWE-209/StackTraceExposure.ql.
[2026-10-05 03:48:11] [SPAMMY] resolve queries> Query Filter: Including /opt/hostedtoolcache/CodeQL/2.27.1/x64/codeql/qlpacks/codeql/python-queries/1.8.11/Security/CWE-643/XpathInjection.ql.
[2026-10-05 03:48:11] [SPAMMY] resolve queries> Query Filter: Including /opt/hostedtoolcache/CodeQL/2.27.1/x64/codeql/qlpacks/codeql/python-queries/1.8.11/Security/CWE-094/CodeInjection.ql.
[2026-10-05 03:48:11] [SPAMMY] resolve queries> Query Filter: Including /opt/hostedtoolcache/CodeQL/2.27.1/x64/codeql/qlpacks/codeql/python-queries/1.8.11/Security/CWE-377/InsecureTemporaryFile.ql.
[2026-10-05 03:48:11] [SPAMMY] resolve queries> Query Filter: Including /opt/hostedtoolcache/CodeQL/2.27.1/x64/codeql/qlpacks/codeql/python-queries/1.8.11/Security/CWE-730/PolynomialReDoS.ql.
[2026-10-05 03:48:11] [SPAMMY] resolve queries> Query Filter: Including /opt/hostedtoolcache/CodeQL/2.27.1/x64/codeql/qlpacks/codeql/python-queries/1.8.11/Security/CWE-730/ReDoS.ql.
[2026-10-05 03:48:11] [SPAMMY] resolve queries> Query Filter: Including /opt/hostedtoolcache/CodeQL/2.27.1/x64/codeql/qlpacks/codeql/python-queries/1.8.11/Security/CWE-730/RegexInjection.ql.
[2026-10-05 03:48:11] [SPAMMIER] resolve queries> Query Filter: /opt/hostedtoolcache/CodeQL/2.27.1/x64/codeql/qlpacks/codeql/python-queries/1.8.11/Security/CWE-020-ExternalAPIs/UntrustedDataToExternalAPI.ql failed the constraint of precision (was low).
[2026-10-05 03:48:11] [SPAMMIER] resolve queries> Query Filter: /opt/hostedtoolcache/CodeQL/2.27.1/x64/codeql/qlpacks/codeql/python-queries/1.8.11/Security/CWE-020-ExternalAPIs/ExternalAPIsUsedWithUntrustedData.ql failed the constraint of kind (was table).
[2026-10-05 03:48:11] [SPAMMY] resolve queries> Query Filter: Including /opt/hostedtoolcache/CodeQL/2.27.1/x64/codeql/qlpacks/codeql/python-queries/1.8.11/Security/CWE-295/MissingHostKeyValidation.ql.
[2026-10-05 03:48:11] [SPAMMIER] resolve queries> Query Filter: /opt/hostedtoolcache/CodeQL/2.27.1/x64/codeql/qlpacks/codeql/python-queries/1.8.11/Security/CWE-295/RequestWithoutValidation.ql failed the constraint of precision (was medium).
[2026-10-05 03:48:11] [SPAMMY] resolve queries> Query Filter: Including /opt/hostedtoolcache/CodeQL/2.27.1/x64/codeql/qlpacks/codeql/python-queries/1.8.11/Security/CWE-601/UrlRedirect.ql.
[2026-10-05 03:48:11] [SPAMMY] resolve queries> Query Filter: Including /opt/hostedtoolcache/CodeQL/2.27.1/x64/codeql/qlpacks/codeql/python-queries/1.8.11/Security/CWE-611/Xxe.ql.
[2026-10-05 03:48:11] [SPAMMY] resolve queries> Query Filter: Including /opt/hostedtoolcache/CodeQL/2.27.1/x64/codeql/qlpacks/codeql/python-queries/1.8.11/Security/CWE-1275/SameSiteNoneCookie.ql.
[2026-10-05 03:48:11] [SPAMMY] resolve queries> Query Filter: Including /opt/hostedtoolcache/CodeQL/2.27.1/x64/codeql/qlpacks/codeql/python-queries/1.8.11/Security/CWE-352/CSRFProtectionDisabled.ql.
[2026-10-05 03:48:11] [SPAMMY] resolve queries> Query Filter: Including /opt/hostedtoolcache/CodeQL/2.27.1/x64/codeql/qlpacks/codeql/python-queries/1.8.11/Security/CWE-312/CleartextStorage.ql.
[2026-10-05 03:48:11] [SPAMMY] resolve queries> Query Filter: Including /opt/hostedtoolcache/CodeQL/2.27.1/x64/codeql/qlpacks/codeql/python-queries/1.8.11/Security/CWE-312/CleartextLogging.ql.
[2026-10-05 03:48:11] [SPAMMY] resolve queries> Query Filter: Including /opt/hostedtoolcache/CodeQL/2.27.1/x64/codeql/qlpacks/codeql/python-queries/1.8.11/Security/CWE-776/XmlBomb.ql.
[2026-10-05 03:48:11] [SPAMMY] resolve queries> Query Filter: Including /opt/hostedtoolcache/CodeQL/2.27.1/x64/codeql/qlpacks/codeql/python-queries/1.8.11/Security/CWE-1004/NonHttpOnlyCookie.ql.
[2026-10-05 03:48:11] [SPAMMY] resolve queries> Query Filter: Including /opt/hostedtoolcache/CodeQL/2.27.1/x64/codeql/qlpacks/codeql/python-queries/1.8.11/Security/CWE-502/UnsafeDeserialization.ql.
[2026-10-05 03:48:11] [SPAMMY] resolve queries> Query Filter: Including /opt/hostedtoolcache/CodeQL/2.27.1/x64/codeql/qlpacks/codeql/python-queries/1.8.11/Security/CWE-089/SqlInjection.ql.
[2026-10-05 03:48:11] [SPAMMY] resolve queries> Query Filter: Including /opt/hostedtoolcache/CodeQL/2.27.1/x64/codeql/qlpacks/codeql/python-queries/1.8.11/Security/CVE-2018-1281/BindToAllInterfaces.ql.
[2026-10-05 03:48:11] [SPAMMIER] resolve queries> Query Filter: /opt/hostedtoolcache/CodeQL/2.27.1/x64/codeql/qlpacks/codeql/python-queries/1.8.11/Security/CWE-732/WeakFilePermissions.ql failed the constraint of precision (was medium).
[2026-10-05 03:48:11] [SPAMMY] resolve queries> Query Filter: Including /opt/hostedtoolcache/CodeQL/2.27.1/x64/codeql/qlpacks/codeql/python-queries/1.8.11/Security/CWE-078/CommandInjection.ql.
[2026-10-05 03:48:11] [SPAMMIER] resolve queries> Query Filter: /opt/hostedtoolcache/CodeQL/2.27.1/x64/codeql/qlpacks/codeql/python-queries/1.8.11/Security/CWE-078/UnsafeShellCommandConstruction.ql failed the constraint of precision (was medium).
[2026-10-05 03:48:11] [SPAMMY] resolve queries> Query Filter: Including /opt/hostedtoolcache/CodeQL/2.27.1/x64/codeql/qlpacks/codeql/python-queries/1.8.11/Security/CWE-074/TemplateInjection.ql.
[2026-10-05 03:48:11] [SPAMMIER] resolve queries> Query Filter: /opt/hostedtoolcache/CodeQL/2.27.1/x64/codeql/qlpacks/codeql/python-queries/1.8.11/Security/CWE-117/LogInjection.ql failed the constraint of precision (was medium).
[2026-10-05 03:48:11] [SPAMMY] resolve queries> Query Filter: Including /opt/hostedtoolcache/CodeQL/2.27.1/x64/codeql/qlpacks/codeql/python-queries/1.8.11/Security/CWE-215/FlaskDebug.ql.
[2026-10-05 03:48:11] [SPAMMY] resolve queries> Query Filter: Including /opt/hostedtoolcache/CodeQL/2.27.1/x64/codeql/qlpacks/codeql/python-queries/1.8.11/Security/CWE-090/LdapInjection.ql.
[2026-10-05 03:48:11] [SPAMMIER] resolve queries> Query Filter: /opt/hostedtoolcache/CodeQL/2.27.1/x64/codeql/qlpacks/codeql/python-queries/1.8.11/Security/CWE-798/HardcodedCredentials.ql failed the constraint of precision (was low).
[2026-10-05 03:48:11] [SPAMMY] resolve queries> Query Filter: Including /opt/hostedtoolcache/CodeQL/2.27.1/x64/codeql/qlpacks/codeql/python-queries/1.8.11/Security/CWE-327/WeakSensitiveDataHashing.ql.
[2026-10-05 03:48:11] [SPAMMY] resolve queries> Query Filter: Including /opt/hostedtoolcache/CodeQL/2.27.1/x64/codeql/qlpacks/codeql/python-queries/1.8.11/Security/CWE-327/InsecureProtocol.ql.
[2026-10-05 03:48:11] [SPAMMY] resolve queries> Query Filter: Including /opt/hostedtoolcache/CodeQL/2.27.1/x64/codeql/qlpacks/codeql/python-queries/1.8.11/Security/CWE-327/BrokenCryptoAlgorithm.ql.
[2026-10-05 03:48:11] [SPAMMY] resolve queries> Query Filter: Including /opt/hostedtoolcache/CodeQL/2.27.1/x64/codeql/qlpacks/codeql/python-queries/1.8.11/Security/CWE-327/InsecureDefaultProtocol.ql.
[2026-10-05 03:48:11] [SPAMMY] resolve queries> Query Filter: Including /opt/hostedtoolcache/CodeQL/2.27.1/x64/codeql/qlpacks/codeql/python-queries/1.8.11/Security/CWE-614/InsecureCookie.ql.
[2026-10-05 03:48:11] [SPAMMY] resolve queries> Query Filter: Including /opt/hostedtoolcache/CodeQL/2.27.1/x64/codeql/qlpacks/codeql/python-queries/1.8.11/Security/CWE-285/PamAuthorization.ql.
[2026-10-05 03:48:11] [SPAMMY] resolve queries> Query Filter: Including /opt/hostedtoolcache/CodeQL/2.27.1/x64/codeql/qlpacks/codeql/python-queries/1.8.11/Security/CWE-020/IncompleteUrlSubstringSanitization.ql.
[2026-10-05 03:48:11] [SPAMMY] resolve queries> Query Filter: Including /opt/hostedtoolcache/CodeQL/2.27.1/x64/codeql/qlpacks/codeql/python-queries/1.8.11/Security/CWE-020/IncompleteHostnameRegExp.ql.
[2026-10-05 03:48:11] [SPAMMY] resolve queries> Query Filter: Including /opt/hostedtoolcache/CodeQL/2.27.1/x64/codeql/qlpacks/codeql/python-queries/1.8.11/Security/CWE-020/OverlyLargeRange.ql.
[2026-10-05 03:48:11] [SPAMMY] resolve queries> Query Filter: Including /opt/hostedtoolcache/CodeQL/2.27.1/x64/codeql/qlpacks/codeql/python-queries/1.8.11/Security/CWE-020/CookieInjection.ql.
[2026-10-05 03:48:11] [SPAMMY] resolve queries> Query Filter: Including /opt/hostedtoolcache/CodeQL/2.27.1/x64/codeql/qlpacks/codeql/python-queries/1.8.11/Security/CWE-113/HeaderInjection.ql.
[2026-10-05 03:48:11] [SPAMMIER] resolve queries> Query Filter: /opt/hostedtoolcache/CodeQL/2.27.1/x64/codeql/qlpacks/codeql/python-queries/1.8.11/analysis/KeyPointsToFailure.ql failed the constraint of precision (not present).
[2026-10-05 03:48:11] [SPAMMIER] resolve queries> Query Filter: /opt/hostedtoolcache/CodeQL/2.27.1/x64/codeql/qlpacks/codeql/python-queries/1.8.11/analysis/CallGraphEfficiency.ql failed the constraint of kind (not present).
[2026-10-05 03:48:11] [SPAMMIER] resolve queries> Query Filter: /opt/hostedtoolcache/CodeQL/2.27.1/x64/codeql/qlpacks/codeql/python-queries/1.8.11/analysis/TypeHierarchyFailure.ql failed the constraint of precision (not present).
[2026-10-05 03:48:11] [SPAMMIER] resolve queries> Query Filter: /opt/hostedtoolcache/CodeQL/2.27.1/x64/codeql/qlpacks/codeql/python-queries/1.8.11/analysis/ImportFailure.ql failed the constraint of precision (not present).
[2026-10-05 03:48:11] [SPAMMIER] resolve queries> Query Filter: /opt/hostedtoolcache/CodeQL/2.27.1/x64/codeql/qlpacks/codeql/python-queries/1.8.11/analysis/PointsToFailure.ql failed the constraint of precision (not present).
[2026-10-05 03:48:11] [SPAMMIER] resolve queries> Query Filter: /opt/hostedtoolcache/CodeQL/2.27.1/x64/codeql/qlpacks/codeql/python-queries/1.8.11/analysis/ContextEfficiency.ql failed the constraint of kind (not present).
[2026-10-05 03:48:11] [SPAMMIER] resolve queries> Query Filter: /opt/hostedtoolcache/CodeQL/2.27.1/x64/codeql/qlpacks/codeql/python-queries/1.8.11/analysis/Summary.ql failed the constraint of kind (not present).
[2026-10-05 03:48:11] [SPAMMIER] resolve queries> Query Filter: /opt/hostedtoolcache/CodeQL/2.27.1/x64/codeql/qlpacks/codeql/python-queries/1.8.11/analysis/Efficiency.ql failed the constraint of kind (not present).
[2026-10-05 03:48:11] [SPAMMIER] resolve queries> Query Filter: /opt/hostedtoolcache/CodeQL/2.27.1/x64/codeql/qlpacks/codeql/python-queries/1.8.11/analysis/Pruned.ql failed the constraint of kind (not present).
[2026-10-05 03:48:11] [SPAMMIER] resolve queries> Query Filter: /opt/hostedtoolcache/CodeQL/2.27.1/x64/codeql/qlpacks/codeql/python-queries/1.8.11/analysis/Consistency.ql failed the constraint of kind (not present).
[2026-10-05 03:48:11] [SPAMMIER] resolve queries> Query Filter: /opt/hostedtoolcache/CodeQL/2.27.1/x64/codeql/qlpacks/codeql/python-queries/1.8.11/analysis/TypeInferenceFailure.ql failed the constraint of precision (not present).
[2026-10-05 03:48:11] [SPAMMIER] resolve queries> Query Filter: /opt/hostedtoolcache/CodeQL/2.27.1/x64/codeql/qlpacks/codeql/python-queries/1.8.11/analysis/FailedInference.ql failed the constraint of kind (not present).
[2026-10-05 03:48:11] [SPAMMIER] resolve queries> Query Filter: /opt/hostedtoolcache/CodeQL/2.27.1/x64/codeql/qlpacks/codeql/python-queries/1.8.11/analysis/CallGraphMarginalEfficiency.ql failed the constraint of kind (not present).
[2026-10-05 03:48:11] [SPAMMIER] resolve queries> Query Filter: /opt/hostedtoolcache/CodeQL/2.27.1/x64/codeql/qlpacks/codeql/python-queries/1.8.11/analysis/Definitions.ql failed the constraint of kind (was definitions).
[2026-10-05 03:48:11] [SPAMMIER] resolve queries> Query Filter: /opt/hostedtoolcache/CodeQL/2.27.1/x64/codeql/qlpacks/codeql/python-queries/1.8.11/analysis/RatioOfDefinitions.ql failed the constraint of kind (not present).
[2026-10-05 03:48:11] [SPAMMIER] resolve queries> Query Filter: /opt/hostedtoolcache/CodeQL/2.27.1/x64/codeql/qlpacks/codeql/python-queries/1.8.11/analysis/ContextMarginalEfficiency.ql failed the constraint of kind (not present).
[2026-10-05 03:48:11] [SPAMMIER] resolve queries> Query Filter: /opt/hostedtoolcache/CodeQL/2.27.1/x64/codeql/qlpacks/codeql/python-queries/1.8.11/AlertSuppression.ql failed the constraint of kind (was alert-suppression).
[2026-10-05 03:48:11] [SPAMMIER] resolve queries> Query Filter: /opt/hostedtoolcache/CodeQL/2.27.1/x64/codeql/qlpacks/codeql/python-queries/1.8.11/Resources/FileNotAlwaysClosed.ql failed 'tags contain` constraint [quality, reliability, correctness, performance, external/cwe/cwe-772]
[2026-10-05 03:48:11] [SPAMMIER] resolve queries> Resolution instruction: include.
[2026-10-05 03:48:11] [SPAMMY] resolve queries> Query Filter: Including by constraints kind=diagnostic.
[2026-10-05 03:48:11] [SPAMMY] resolve queries> Query Filter: Including /opt/hostedtoolcache/CodeQL/2.27.1/x64/codeql/qlpacks/codeql/python-queries/1.8.11/Diagnostics/ExtractionWarnings.ql.
[2026-10-05 03:48:11] [SPAMMY] resolve queries> Query Filter: Including /opt/hostedtoolcache/CodeQL/2.27.1/x64/codeql/qlpacks/codeql/python-queries/1.8.11/Diagnostics/ExtractedFiles.ql.
[2026-10-05 03:48:11] [SPAMMIER] resolve queries> Query Filter: /opt/hostedtoolcache/CodeQL/2.27.1/x64/codeql/qlpacks/codeql/python-queries/1.8.11/Lexical/FCommentedOutCode.ql failed the constraint of kind (was treemap).
[2026-10-05 03:48:11] [SPAMMIER] resolve queries> Query Filter: /opt/hostedtoolcache/CodeQL/2.27.1/x64/codeql/qlpacks/codeql/python-queries/1.8.11/Lexical/CommentedOutCode.ql failed the constraint of kind (was problem).
[2026-10-05 03:48:11] [SPAMMIER] resolve queries> Query Filter: /opt/hostedtoolcache/CodeQL/2.27.1/x64/codeql/qlpacks/codeql/python-queries/1.8.11/Lexical/ToDoComment.ql failed the constraint of kind (was problem).
[2026-10-05 03:48:11] [SPAMMIER] resolve queries> Query Filter: /opt/hostedtoolcache/CodeQL/2.27.1/x64/codeql/qlpacks/codeql/python-queries/1.8.11/Lexical/OldOctalLiteral.ql failed the constraint of kind (was problem).
[2026-10-05 03:48:11] [SPAMMIER] resolve queries> Query Filter: /opt/hostedtoolcache/CodeQL/2.27.1/x64/codeql/qlpacks/codeql/python-queries/1.8.11/Metrics/Dependencies/ExternalDependenciesSourceLinks.ql failed the constraint of kind (was source-link).
[2026-10-05 03:48:11] [SPAMMIER] resolve queries> Query Filter: /opt/hostedtoolcache/CodeQL/2.27.1/x64/codeql/qlpacks/codeql/python-queries/1.8.11/Metrics/Dependencies/ExternalDependencies.ql failed the constraint of kind (was treemap).
[2026-10-05 03:48:11] [SPAMMIER] resolve queries> Query Filter: /opt/hostedtoolcache/CodeQL/2.27.1/x64/codeql/qlpacks/codeql/python-queries/1.8.11/Metrics/NumberOfParametersWithoutDefault.ql failed the constraint of kind (was treemap).
[2026-10-05 03:48:11] [SPAMMIER] resolve queries> Query Filter: /opt/hostedtoolcache/CodeQL/2.27.1/x64/codeql/qlpacks/codeql/python-queries/1.8.11/Metrics/TransitiveImports.ql failed the constraint of kind (was treemap).
[2026-10-05 03:48:11] [SPAMMIER] resolve queries> Query Filter: /opt/hostedtoolcache/CodeQL/2.27.1/x64/codeql/qlpacks/codeql/python-queries/1.8.11/Metrics/FunctionStatementNestingDepth.ql failed the constraint of kind (was treemap).
[2026-10-05 03:48:11] [SPAMMIER] resolve queries> Query Filter: /opt/hostedtoolcache/CodeQL/2.27.1/x64/codeql/qlpacks/codeql/python-queries/1.8.11/Metrics/ClassAfferentCoupling.ql failed the constraint of kind (was treemap).
[2026-10-05 03:48:11] [SPAMMIER] resolve queries> Query Filter: /opt/hostedtoolcache/CodeQL/2.27.1/x64/codeql/qlpacks/codeql/python-queries/1.8.11/Metrics/FLinesOfComments.ql failed the constraint of kind (was treemap).
[2026-10-05 03:48:11] [SPAMMIER] resolve queries> Query Filter: /opt/hostedtoolcache/CodeQL/2.27.1/x64/codeql/qlpacks/codeql/python-queries/1.8.11/Metrics/FLinesOfDuplicatedCode.ql failed the constraint of kind (was treemap).
[2026-10-05 03:48:11] [SPAMMIER] resolve queries> Query Filter: /opt/hostedtoolcache/CodeQL/2.27.1/x64/codeql/qlpacks/codeql/python-queries/1.8.11/Metrics/CommentRatio.ql failed the constraint of kind (was treemap).
[2026-10-05 03:48:11] [SPAMMIER] resolve queries> Query Filter: /opt/hostedtoolcache/CodeQL/2.27.1/x64/codeql/qlpacks/codeql/python-queries/1.8.11/Metrics/DirectImports.ql failed the constraint of kind (was treemap).
[2026-10-05 03:48:11] [SPAMMIER] resolve queries> Query Filter: /opt/hostedtoolcache/CodeQL/2.27.1/x64/codeql/qlpacks/codeql/python-queries/1.8.11/Metrics/FunctionNumberOfCalls.ql failed the constraint of kind (was treemap).
[2026-10-05 03:48:11] [SPAMMIER] resolve queries> Query Filter: /opt/hostedtoolcache/CodeQL/2.27.1/x64/codeql/qlpacks/codeql/python-queries/1.8.11/Metrics/FNumberOfTests.ql failed the constraint of kind (was treemap).
[2026-10-05 03:48:11] [SPAMMIER] resolve queries> Query Filter: /opt/hostedtoolcache/CodeQL/2.27.1/x64/codeql/qlpacks/codeql/python-queries/1.8.11/Metrics/FLinesOfCode.ql failed the constraint of kind (was treemap).
[2026-10-05 03:48:11] [SPAMMIER] resolve queries> Query Filter: /opt/hostedtoolcache/CodeQL/2.27.1/x64/codeql/qlpacks/codeql/python-queries/1.8.11/Metrics/External/CommitDisplayStrings.ql failed the constraint of kind (was display-string).
[2026-10-05 03:48:11] [SPAMMIER] resolve queries> Query Filter: /opt/hostedtoolcache/CodeQL/2.27.1/x64/codeql/qlpacks/codeql/python-queries/1.8.11/Metrics/External/CommitSourceLinks.ql failed the constraint of kind (was source-link).
[2026-10-05 03:48:11] [SPAMMIER] resolve queries> Query Filter: /opt/hostedtoolcache/CodeQL/2.27.1/x64/codeql/qlpacks/codeql/python-queries/1.8.11/Metrics/CLinesOfCode.ql failed the constraint of kind (was treemap).
[2026-10-05 03:48:11] [SPAMMIER] resolve queries> Query Filter: /opt/hostedtoolcache/CodeQL/2.27.1/x64/codeql/qlpacks/codeql/python-queries/1.8.11/Metrics/ModuleAfferentCoupling.ql failed the constraint of kind (was treemap).
[2026-10-05 03:48:11] [SPAMMIER] resolve queries> Query Filter: /opt/hostedtoolcache/CodeQL/2.27.1/x64/codeql/qlpacks/codeql/python-queries/1.8.11/Metrics/LackofCohesionInMethodsCK.ql failed the constraint of kind (was treemap).
[2026-10-05 03:48:11] [SPAMMIER] resolve queries> Query Filter: /opt/hostedtoolcache/CodeQL/2.27.1/x64/codeql/qlpacks/codeql/python-queries/1.8.11/Metrics/FFunctionsAndMethods.ql failed the constraint of kind (was treemap).
[2026-10-05 03:48:11] [SPAMMIER] resolve queries> Query Filter: /opt/hostedtoolcache/CodeQL/2.27.1/x64/codeql/qlpacks/codeql/python-queries/1.8.11/Metrics/CyclomaticComplexity.ql failed the constraint of kind (was treemap).
[2026-10-05 03:48:11] [SPAMMIER] resolve queries> Query Filter: /opt/hostedtoolcache/CodeQL/2.27.1/x64/codeql/qlpacks/codeql/python-queries/1.8.11/Metrics/NumberOfStatements.ql failed the constraint of kind (was treemap).
[2026-10-05 03:48:11] [SPAMMIER] resolve queries> Query Filter: /opt/hostedtoolcache/CodeQL/2.27.1/x64/codeql/qlpacks/codeql/python-queries/1.8.11/Metrics/FLines.ql failed the constraint of kind (was treemap).
[2026-10-05 03:48:11] [SPAMMIER] resolve queries> Query Filter: /opt/hostedtoolcache/CodeQL/2.27.1/x64/codeql/qlpacks/codeql/python-queries/1.8.11/Metrics/ClassEfferentCoupling.ql failed the constraint of kind (was treemap).
[2026-10-05 03:48:11] [SPAMMIER] resolve queries> Query Filter: /opt/hostedtoolcache/CodeQL/2.27.1/x64/codeql/qlpacks/codeql/python-queries/1.8.11/Metrics/Internal/ClassDisplayStrings.ql failed the constraint of kind (was display-string).
[2026-10-05 03:48:11] [SPAMMIER] resolve queries> Query Filter: /opt/hostedtoolcache/CodeQL/2.27.1/x64/codeql/qlpacks/codeql/python-queries/1.8.11/Metrics/Internal/CallableDisplayStrings.ql failed the constraint of kind (was display-string).
[2026-10-05 03:48:11] [SPAMMIER] resolve queries> Query Filter: /opt/hostedtoolcache/CodeQL/2.27.1/x64/codeql/qlpacks/codeql/python-queries/1.8.11/Metrics/Internal/ClassExtents.ql failed the constraint of kind (was extent).
[2026-10-05 03:48:11] [SPAMMIER] resolve queries> Query Filter: /opt/hostedtoolcache/CodeQL/2.27.1/x64/codeql/qlpacks/codeql/python-queries/1.8.11/Metrics/Internal/CallableExtents.ql failed the constraint of kind (was extent).
[2026-10-05 03:48:11] [SPAMMIER] resolve queries> Query Filter: /opt/hostedtoolcache/CodeQL/2.27.1/x64/codeql/qlpacks/codeql/python-queries/1.8.11/Metrics/Internal/TypeAnnotations.ql failed the constraint of kind (was table).
[2026-10-05 03:48:11] [SPAMMIER] resolve queries> Query Filter: /opt/hostedtoolcache/CodeQL/2.27.1/x64/codeql/qlpacks/codeql/python-queries/1.8.11/Metrics/Internal/ClassSourceLinks.ql failed the constraint of kind (was source-link).
[2026-10-05 03:48:11] [SPAMMIER] resolve queries> Query Filter: /opt/hostedtoolcache/CodeQL/2.27.1/x64/codeql/qlpacks/codeql/python-queries/1.8.11/Metrics/Internal/CallableSourceLinks.ql failed the constraint of kind (was source-link).
[2026-10-05 03:48:11] [SPAMMIER] resolve queries> Query Filter: /opt/hostedtoolcache/CodeQL/2.27.1/x64/codeql/qlpacks/codeql/python-queries/1.8.11/Metrics/FLinesOfSimilarCode.ql failed the constraint of kind (was treemap).
[2026-10-05 03:48:11] [SPAMMIER] resolve queries> Query Filter: /opt/hostedtoolcache/CodeQL/2.27.1/x64/codeql/qlpacks/codeql/python-queries/1.8.11/Metrics/DocStringRatio.ql failed the constraint of kind (was treemap).
[2026-10-05 03:48:11] [SPAMMIER] resolve queries> Query Filter: /opt/hostedtoolcache/CodeQL/2.27.1/x64/codeql/qlpacks/codeql/python-queries/1.8.11/Metrics/LackofCohesionInMethodsHM.ql failed the constraint of kind (was treemap).
[2026-10-05 03:48:11] [SPAMMIER] resolve queries> Query Filter: /opt/hostedtoolcache/CodeQL/2.27.1/x64/codeql/qlpacks/codeql/python-queries/1.8.11/Metrics/ModuleEfferentCoupling.ql failed the constraint of kind (was treemap).
[2026-10-05 03:48:11] [SPAMMIER] resolve queries> Query Filter: /opt/hostedtoolcache/CodeQL/2.27.1/x64/codeql/qlpacks/codeql/python-queries/1.8.11/Metrics/History/HLinesAdded.ql failed the constraint of kind (was treemap).
[2026-10-05 03:48:11] [SPAMMIER] resolve queries> Query Filter: /opt/hostedtoolcache/CodeQL/2.27.1/x64/codeql/qlpacks/codeql/python-queries/1.8.11/Metrics/History/HNumberOfRecentChangedFiles.ql failed the constraint of kind (was treemap).
[2026-10-05 03:48:11] [SPAMMIER] resolve queries> Query Filter: /opt/hostedtoolcache/CodeQL/2.27.1/x64/codeql/qlpacks/codeql/python-queries/1.8.11/Metrics/History/HNumberOfCoCommits.ql failed the constraint of kind (was treemap).
[2026-10-05 03:48:11] [SPAMMIER] resolve queries> Query Filter: /opt/hostedtoolcache/CodeQL/2.27.1/x64/codeql/qlpacks/codeql/python-queries/1.8.11/Metrics/History/HChurn.ql failed the constraint of kind (was treemap).
[2026-10-05 03:48:11] [SPAMMIER] resolve queries> Query Filter: /opt/hostedtoolcache/CodeQL/2.27.1/x64/codeql/qlpacks/codeql/python-queries/1.8.11/Metrics/History/HNumberOfReCommits.ql failed the constraint of kind (was treemap).
[2026-10-05 03:48:11] [SPAMMIER] resolve queries> Query Filter: /opt/hostedtoolcache/CodeQL/2.27.1/x64/codeql/qlpacks/codeql/python-queries/1.8.11/Metrics/History/HNumberOfCommits.ql failed the constraint of kind (was treemap).
[2026-10-05 03:48:11] [SPAMMIER] resolve queries> Query Filter: /opt/hostedtoolcache/CodeQL/2.27.1/x64/codeql/qlpacks/codeql/python-queries/1.8.11/Metrics/History/HNumberOfAuthors.ql failed the constraint of kind (was treemap).
[2026-10-05 03:48:11] [SPAMMIER] resolve queries> Query Filter: /opt/hostedtoolcache/CodeQL/2.27.1/x64/codeql/qlpacks/codeql/python-queries/1.8.11/Metrics/History/HNumberOfRecentAuthors.ql failed the constraint of kind (was treemap).
[2026-10-05 03:48:11] [SPAMMIER] resolve queries> Query Filter: /opt/hostedtoolcache/CodeQL/2.27.1/x64/codeql/qlpacks/codeql/python-queries/1.8.11/Metrics/History/HNumberOfRecentCommits.ql failed the constraint of kind (was treemap).
[2026-10-05 03:48:11] [SPAMMIER] resolve queries> Query Filter: /opt/hostedtoolcache/CodeQL/2.27.1/x64/codeql/qlpacks/codeql/python-queries/1.8.11/Metrics/History/HLinesDeleted.ql failed the constraint of kind (was treemap).
[2026-10-05 03:48:11] [SPAMMIER] resolve queries> Query Filter: /opt/hostedtoolcache/CodeQL/2.27.1/x64/codeql/qlpacks/codeql/python-queries/1.8.11/Metrics/FClasses.ql failed the constraint of kind (was treemap).
[2026-10-05 03:48:11] [SPAMMIER] resolve queries> Query Filter: /opt/hostedtoolcache/CodeQL/2.27.1/x64/codeql/qlpacks/codeql/python-queries/1.8.11/Variables/UnusedLocalVariable.ql failed the constraint of kind (was problem).
[2026-10-05 03:48:11] [SPAMMIER] resolve queries> Query Filter: /opt/hostedtoolcache/CodeQL/2.27.1/x64/codeql/qlpacks/codeql/python-queries/1.8.11/Variables/ShadowBuiltin.ql failed the constraint of kind (was problem).
[2026-10-05 03:48:11] [SPAMMIER] resolve queries> Query Filter: /opt/hostedtoolcache/CodeQL/2.27.1/x64/codeql/qlpacks/codeql/python-queries/1.8.11/Variables/GlobalAtModuleLevel.ql failed the constraint of kind (was problem).
[2026-10-05 03:48:11] [SPAMMIER] resolve queries> Query Filter: /opt/hostedtoolcache/CodeQL/2.27.1/x64/codeql/qlpacks/codeql/python-queries/1.8.11/Variables/UndefinedPlaceHolder.ql failed the constraint of kind (was problem).
[2026-10-05 03:48:11] [SPAMMIER] resolve queries> Query Filter: /opt/hostedtoolcache/CodeQL/2.27.1/x64/codeql/qlpacks/codeql/python-queries/1.8.11/Variables/UninitializedLocal.ql failed the constraint of kind (was problem).
[2026-10-05 03:48:11] [SPAMMIER] resolve queries> Query Filter: /opt/hostedtoolcache/CodeQL/2.27.1/x64/codeql/qlpacks/codeql/python-queries/1.8.11/Variables/SuspiciousUnusedLoopIterationVariable.ql failed the constraint of kind (was problem).
[2026-10-05 03:48:11] [SPAMMIER] resolve queries> Query Filter: /opt/hostedtoolcache/CodeQL/2.27.1/x64/codeql/qlpacks/codeql/python-queries/1.8.11/Variables/UnusedParameter.ql failed the constraint of kind (was problem).
[2026-10-05 03:48:11] [SPAMMIER] resolve queries> Query Filter: /opt/hostedtoolcache/CodeQL/2.27.1/x64/codeql/qlpacks/codeql/python-queries/1.8.11/Variables/Global.ql failed the constraint of kind (was problem).
[2026-10-05 03:48:11] [SPAMMIER] resolve queries> Query Filter: /opt/hostedtoolcache/CodeQL/2.27.1/x64/codeql/qlpacks/codeql/python-queries/1.8.11/Variables/LeakingListComprehension.ql failed the constraint of kind (was problem).
[2026-10-05 03:48:11] [SPAMMIER] resolve queries> Query Filter: /opt/hostedtoolcache/CodeQL/2.27.1/x64/codeql/qlpacks/codeql/python-queries/1.8.11/Variables/UndefinedGlobal.ql failed the constraint of kind (was problem).
[2026-10-05 03:48:11] [SPAMMIER] resolve queries> Query Filter: /opt/hostedtoolcache/CodeQL/2.27.1/x64/codeql/qlpacks/codeql/python-queries/1.8.11/Variables/LoopVariableCapture/LoopVariableCapture.ql failed the constraint of kind (was path-problem).
[2026-10-05 03:48:11] [SPAMMIER] resolve queries> Query Filter: /opt/hostedtoolcache/CodeQL/2.27.1/x64/codeql/qlpacks/codeql/python-queries/1.8.11/Variables/UnusedModuleVariable.ql failed the constraint of kind (was problem).
[2026-10-05 03:48:11] [SPAMMIER] resolve queries> Query Filter: /opt/hostedtoolcache/CodeQL/2.27.1/x64/codeql/qlpacks/codeql/python-queries/1.8.11/Variables/MultiplyDefined.ql failed the constraint of kind (was problem).
[2026-10-05 03:48:11] [SPAMMIER] resolve queries> Query Filter: /opt/hostedtoolcache/CodeQL/2.27.1/x64/codeql/qlpacks/codeql/python-queries/1.8.11/Variables/UndefinedExport.ql failed the constraint of kind (was problem).
[2026-10-05 03:48:11] [SPAMMIER] resolve queries> Query Filter: /opt/hostedtoolcache/CodeQL/2.27.1/x64/codeql/qlpacks/codeql/python-queries/1.8.11/Variables/ShadowGlobal.ql failed the constraint of kind (was problem).
[2026-10-05 03:48:11] [SPAMMIER] resolve queries> Query Filter: /opt/hostedtoolcache/CodeQL/2.27.1/x64/codeql/qlpacks/codeql/python-queries/1.8.11/Imports/ImportandImportFrom.ql failed the constraint of kind (was problem).
[2026-10-05 03:48:11] [SPAMMIER] resolve queries> Query Filter: /opt/hostedtoolcache/CodeQL/2.27.1/x64/codeql/qlpacks/codeql/python-queries/1.8.11/Imports/ModuleLevelCyclicImport.ql failed the constraint of kind (was problem).
[2026-10-05 03:48:11] [SPAMMIER] resolve queries> Query Filter: /opt/hostedtoolcache/CodeQL/2.27.1/x64/codeql/qlpacks/codeql/python-queries/1.8.11/Imports/CyclicImport.ql failed the constraint of kind (was problem).
[2026-10-05 03:48:11] [SPAMMIER] resolve queries> Query Filter: /opt/hostedtoolcache/CodeQL/2.27.1/x64/codeql/qlpacks/codeql/python-queries/1.8.11/Imports/ImportStarUsed.ql failed the constraint of kind (was problem).
[2026-10-05 03:48:11] [SPAMMIER] resolve queries> Query Filter: /opt/hostedtoolcache/CodeQL/2.27.1/x64/codeql/qlpacks/codeql/python-queries/1.8.11/Imports/ImportShadowedByLoopVar.ql failed the constraint of kind (was problem).
[2026-10-05 03:48:11] [SPAMMIER] resolve queries> Query Filter: /opt/hostedtoolcache/CodeQL/2.27.1/x64/codeql/qlpacks/codeql/python-queries/1.8.11/Imports/ModuleImportsItself.ql failed the constraint of kind (was problem).
[2026-10-05 03:48:11] [SPAMMIER] resolve queries> Query Filter: /opt/hostedtoolcache/CodeQL/2.27.1/x64/codeql/qlpacks/codeql/python-queries/1.8.11/Imports/Imports.ql failed the constraint of kind (was problem).
[2026-10-05 03:48:11] [SPAMMIER] resolve queries> Query Filter: /opt/hostedtoolcache/CodeQL/2.27.1/x64/codeql/qlpacks/codeql/python-queries/1.8.11/Imports/DeprecatedModule.ql failed the constraint of kind (was problem).
[2026-10-05 03:48:11] [SPAMMIER] resolve queries> Query Filter: /opt/hostedtoolcache/CodeQL/2.27.1/x64/codeql/qlpacks/codeql/python-queries/1.8.11/Imports/SyntaxError.ql failed the constraint of kind (was problem).
[2026-10-05 03:48:11] [SPAMMIER] resolve queries> Query Filter: /opt/hostedtoolcache/CodeQL/2.27.1/x64/codeql/qlpacks/codeql/python-queries/1.8.11/Imports/MultipleImports.ql failed the constraint of kind (was problem).
[2026-10-05 03:48:11] [SPAMMIER] resolve queries> Query Filter: /opt/hostedtoolcache/CodeQL/2.27.1/x64/codeql/qlpacks/codeql/python-queries/1.8.11/Imports/UnintentionalImport.ql failed the constraint of kind (was problem).
[2026-10-05 03:48:11] [SPAMMIER] resolve queries> Query Filter: /opt/hostedtoolcache/CodeQL/2.27.1/x64/codeql/qlpacks/codeql/python-queries/1.8.11/Imports/FromImportOfMutableAttribute.ql failed the constraint of kind (was problem).
[2026-10-05 03:48:11] [SPAMMIER] resolve queries> Query Filter: /opt/hostedtoolcache/CodeQL/2.27.1/x64/codeql/qlpacks/codeql/python-queries/1.8.11/Imports/UnusedImport.ql failed the constraint of kind (was problem).
[2026-10-05 03:48:11] [SPAMMIER] resolve queries> Query Filter: /opt/hostedtoolcache/CodeQL/2.27.1/x64/codeql/qlpacks/codeql/python-queries/1.8.11/Imports/EncodingError.ql failed the constraint of kind (was problem).
[2026-10-05 03:48:11] [SPAMMIER] resolve queries> Query Filter: /opt/hostedtoolcache/CodeQL/2.27.1/x64/codeql/qlpacks/codeql/python-queries/1.8.11/Classes/CallsToInitDel/SuperclassInitCalledMultipleTimes.ql failed the constraint of kind (was problem).
[2026-10-05 03:48:11] [SPAMMIER] resolve queries> Query Filter: /opt/hostedtoolcache/CodeQL/2.27.1/x64/codeql/qlpacks/codeql/python-queries/1.8.11/Classes/CallsToInitDel/MissingCallToDel.ql failed the constraint of kind (was problem).
[2026-10-05 03:48:11] [SPAMMIER] resolve queries> Query Filter: /opt/hostedtoolcache/CodeQL/2.27.1/x64/codeql/qlpacks/codeql/python-queries/1.8.11/Classes/CallsToInitDel/MissingCallToInit.ql failed the constraint of kind (was problem).
[2026-10-05 03:48:11] [SPAMMIER] resolve queries> Query Filter: /opt/hostedtoolcache/CodeQL/2.27.1/x64/codeql/qlpacks/codeql/python-queries/1.8.11/Classes/CallsToInitDel/SuperclassDelCalledMultipleTimes.ql failed the constraint of kind (was problem).
[2026-10-05 03:48:11] [SPAMMIER] resolve queries> Query Filter: /opt/hostedtoolcache/CodeQL/2.27.1/x64/codeql/qlpacks/codeql/python-queries/1.8.11/Classes/WrongNumberArgumentsInClassInstantiation.ql failed the constraint of kind (was problem).
[2026-10-05 03:48:11] [SPAMMIER] resolve queries> Query Filter: /opt/hostedtoolcache/CodeQL/2.27.1/x64/codeql/qlpacks/codeql/python-queries/1.8.11/Classes/DefineEqualsWhenAddingAttributes.ql failed the constraint of kind (was problem).
[2026-10-05 03:48:11] [SPAMMIER] resolve queries> Query Filter: /opt/hostedtoolcache/CodeQL/2.27.1/x64/codeql/qlpacks/codeql/python-queries/1.8.11/Classes/SubclassShadowing/SubclassShadowing.ql failed the constraint of kind (was problem).
[2026-10-05 03:48:11] [SPAMMIER] resolve queries> Query Filter: /opt/hostedtoolcache/CodeQL/2.27.1/x64/codeql/qlpacks/codeql/python-queries/1.8.11/Classes/OverwritingAttributeInSuperClass.ql failed the constraint of kind (was problem).
[2026-10-05 03:48:11] [SPAMMIER] resolve queries> Query Filter: /opt/hostedtoolcache/CodeQL/2.27.1/x64/codeql/qlpacks/codeql/python-queries/1.8.11/Classes/MutatingDescriptor.ql failed the constraint of kind (was problem).
[2026-10-05 03:48:11] [SPAMMIER] resolve queries> Query Filter: /opt/hostedtoolcache/CodeQL/2.27.1/x64/codeql/qlpacks/codeql/python-queries/1.8.11/Classes/ShouldBeContextManager.ql failed the constraint of kind (was problem).
[2026-10-05 03:48:11] [SPAMMIER] resolve queries> Query Filter: /opt/hostedtoolcache/CodeQL/2.27.1/x64/codeql/qlpacks/codeql/python-queries/1.8.11/Classes/InitCallsSubclass/InitCallsSubclassMethod.ql failed the constraint of kind (was problem).
[2026-10-05 03:48:11] [SPAMMIER] resolve queries> Query Filter: /opt/hostedtoolcache/CodeQL/2.27.1/x64/codeql/qlpacks/codeql/python-queries/1.8.11/Classes/InconsistentMRO.ql failed the constraint of kind (was problem).
[2026-10-05 03:48:11] [SPAMMIER] resolve queries> Query Filter: /opt/hostedtoolcache/CodeQL/2.27.1/x64/codeql/qlpacks/codeql/python-queries/1.8.11/Classes/UndefinedClassAttribute.ql failed the constraint of kind (was problem).
[2026-10-05 03:48:11] [SPAMMIER] resolve queries> Query Filter: /opt/hostedtoolcache/CodeQL/2.27.1/x64/codeql/qlpacks/codeql/python-queries/1.8.11/Classes/PropertyInOldStyleClass.ql failed the constraint of kind (was problem).
[2026-10-05 03:48:11] [SPAMMIER] resolve queries> Query Filter: /opt/hostedtoolcache/CodeQL/2.27.1/x64/codeql/qlpacks/codeql/python-queries/1.8.11/Classes/SuperInOldStyleClass.ql failed the constraint of kind (was problem).
[2026-10-05 03:48:11] [SPAMMIER] resolve queries> Query Filter: /opt/hostedtoolcache/CodeQL/2.27.1/x64/codeql/qlpacks/codeql/python-queries/1.8.11/Classes/Comparisons/EqualsOrNotEquals.ql failed the constraint of kind (was problem).
[2026-10-05 03:48:11] [SPAMMIER] resolve queries> Query Filter: /opt/hostedtoolcache/CodeQL/2.27.1/x64/codeql/qlpacks/codeql/python-queries/1.8.11/Classes/Comparisons/EqualsOrHash.ql failed the constraint of kind (was problem).
[2026-10-05 03:48:11] [SPAMMIER] resolve queries> Query Filter: /opt/hostedtoolcache/CodeQL/2.27.1/x64/codeql/qlpacks/codeql/python-queries/1.8.11/Classes/Comparisons/IncompleteOrdering.ql failed the constraint of kind (was problem).
[2026-10-05 03:48:11] [SPAMMIER] resolve queries> Query Filter: /opt/hostedtoolcache/CodeQL/2.27.1/x64/codeql/qlpacks/codeql/python-queries/1.8.11/Classes/SlotsInOldStyleClass.ql failed the constraint of kind (was problem).
[2026-10-05 03:48:11] [SPAMMIER] resolve queries> Query Filter: /opt/hostedtoolcache/CodeQL/2.27.1/x64/codeql/qlpacks/codeql/python-queries/1.8.11/Classes/ConflictingAttributesInBaseClasses.ql failed the constraint of kind (was problem).
[2026-10-05 03:48:11] [SPAMMIER] resolve queries> Query Filter: /opt/hostedtoolcache/CodeQL/2.27.1/x64/codeql/qlpacks/codeql/python-queries/1.8.11/Classes/MaybeUndefinedClassAttribute.ql failed the constraint of kind (was problem).
[2026-10-05 03:48:11] [SPAMMIER] resolve queries> Query Filter: /opt/hostedtoolcache/CodeQL/2.27.1/x64/codeql/qlpacks/codeql/python-queries/1.8.11/Classes/WrongNameForArgumentInClassInstantiation.ql failed the constraint of kind (was problem).
[2026-10-05 03:48:11] [SPAMMIER] resolve queries> Query Filter: /opt/hostedtoolcache/CodeQL/2.27.1/x64/codeql/qlpacks/codeql/python-queries/1.8.11/Classes/UselessClass.ql failed the constraint of kind (was problem).
[2026-10-05 03:48:11] [SPAMMIER] resolve queries> Query Filter: /opt/hostedtoolcache/CodeQL/2.27.1/x64/codeql/qlpacks/codeql/python-queries/1.8.11/Expressions/ExpectedMappingForFormatString.ql failed the constraint of kind (was problem).
[2026-10-05 03:48:11] [SPAMMIER] resolve queries> Query Filter: /opt/hostedtoolcache/CodeQL/2.27.1/x64/codeql/qlpacks/codeql/python-queries/1.8.11/Expressions/HashedButNoHash.ql failed the constraint of kind (was problem).
[2026-10-05 03:48:11] [SPAMMIER] resolve queries> Query Filter: /opt/hostedtoolcache/CodeQL/2.27.1/x64/codeql/qlpacks/codeql/python-queries/1.8.11/Expressions/UseofApply.ql failed the constraint of kind (was problem).
[2026-10-05 03:48:11] [SPAMMIER] resolve queries> Query Filter: /opt/hostedtoolcache/CodeQL/2.27.1/x64/codeql/qlpacks/codeql/python-queries/1.8.11/Expressions/NonPortableComparisonUsingIs.ql failed the constraint of kind (was problem).
[2026-10-05 03:48:11] [SPAMMIER] resolve queries> Query Filter: /opt/hostedtoolcache/CodeQL/2.27.1/x64/codeql/qlpacks/codeql/python-queries/1.8.11/Expressions/EqualsNone.ql failed the constraint of kind (was problem).
[2026-10-05 03:48:11] [SPAMMIER] resolve queries> Query Filter: /opt/hostedtoolcache/CodeQL/2.27.1/x64/codeql/qlpacks/codeql/python-queries/1.8.11/Expressions/UnintentionalImplicitStringConcatenation.ql failed the constraint of kind (was problem).
[2026-10-05 03:48:11] [SPAMMIER] resolve queries> Query Filter: /opt/hostedtoolcache/CodeQL/2.27.1/x64/codeql/qlpacks/codeql/python-queries/1.8.11/Expressions/WrongNameForArgumentInCall.ql failed the constraint of kind (was problem).
[2026-10-05 03:48:11] [SPAMMIER] resolve queries> Query Filter: /opt/hostedtoolcache/CodeQL/2.27.1/x64/codeql/qlpacks/codeql/python-queries/1.8.11/Expressions/WrongNumberArgumentsInCall.ql failed the constraint of kind (was problem).
[2026-10-05 03:48:11] [SPAMMIER] resolve queries> Query Filter: /opt/hostedtoolcache/CodeQL/2.27.1/x64/codeql/qlpacks/codeql/python-queries/1.8.11/Expressions/ContainsNonContainer.ql failed the constraint of kind (was problem).
[2026-10-05 03:48:11] [SPAMMIER] resolve queries> Query Filter: /opt/hostedtoolcache/CodeQL/2.27.1/x64/codeql/qlpacks/codeql/python-queries/1.8.11/Expressions/TruncatedDivision.ql failed the constraint of kind (was problem).
[2026-10-05 03:48:11] [SPAMMIER] resolve queries> Query Filter: /opt/hostedtoolcache/CodeQL/2.27.1/x64/codeql/qlpacks/codeql/python-queries/1.8.11/Expressions/WrongNumberArgumentsForFormat.ql failed the constraint of kind (was problem).
[2026-10-05 03:48:11] [SPAMMIER] resolve queries> Query Filter: /opt/hostedtoolcache/CodeQL/2.27.1/x64/codeql/qlpacks/codeql/python-queries/1.8.11/Expressions/Formatting/UnusedArgumentIn3101Format.ql failed the constraint of kind (was problem).
[2026-10-05 03:48:11] [SPAMMIER] resolve queries> Query Filter: /opt/hostedtoolcache/CodeQL/2.27.1/x64/codeql/qlpacks/codeql/python-queries/1.8.11/Expressions/Formatting/MixedExplicitImplicitIn3101Format.ql failed the constraint of kind (was problem).
[2026-10-05 03:48:11] [SPAMMIER] resolve queries> Query Filter: /opt/hostedtoolcache/CodeQL/2.27.1/x64/codeql/qlpacks/codeql/python-queries/1.8.11/Expressions/Formatting/WrongNumberArgumentsFor3101Format.ql failed the constraint of kind (was problem).
[2026-10-05 03:48:11] [SPAMMIER] resolve queries> Query Filter: /opt/hostedtoolcache/CodeQL/2.27.1/x64/codeql/qlpacks/codeql/python-queries/1.8.11/Expressions/Formatting/UnusedNamedArgumentIn3101Format.ql failed the constraint of kind (was problem).
[2026-10-05 03:48:11] [SPAMMIER] resolve queries> Query Filter: /opt/hostedtoolcache/CodeQL/2.27.1/x64/codeql/qlpacks/codeql/python-queries/1.8.11/Expressions/Formatting/WrongNameInArgumentsFor3101Format.ql failed the constraint of kind (was problem).
[2026-10-05 03:48:11] [SPAMMIER] resolve queries> Query Filter: /opt/hostedtoolcache/CodeQL/2.27.1/x64/codeql/qlpacks/codeql/python-queries/1.8.11/Expressions/IncorrectComparisonUsingIs.ql failed the constraint of kind (was problem).
[2026-10-05 03:48:11] [SPAMMIER] resolve queries> Query Filter: /opt/hostedtoolcache/CodeQL/2.27.1/x64/codeql/qlpacks/codeql/python-queries/1.8.11/Expressions/CompareIdenticalValuesMissingSelf.ql failed the constraint of kind (was problem).
[2026-10-05 03:48:11] [SPAMMIER] resolve queries> Query Filter: /opt/hostedtoolcache/CodeQL/2.27.1/x64/codeql/qlpacks/codeql/python-queries/1.8.11/Expressions/Comparisons/UselessComparisonTest.ql failed the constraint of kind (was problem).
[2026-10-05 03:48:11] [SPAMMIER] resolve queries> Query Filter: /opt/hostedtoolcache/CodeQL/2.27.1/x64/codeql/qlpacks/codeql/python-queries/1.8.11/Expressions/CallToSuperWrongClass.ql failed the constraint of kind (was problem).
[2026-10-05 03:48:11] [SPAMMIER] resolve queries> Query Filter: /opt/hostedtoolcache/CodeQL/2.27.1/x64/codeql/qlpacks/codeql/python-queries/1.8.11/Expressions/CompareConstants.ql failed the constraint of kind (was problem).
[2026-10-05 03:48:11] [SPAMMIER] resolve queries> Query Filter: /opt/hostedtoolcache/CodeQL/2.27.1/x64/codeql/qlpacks/codeql/python-queries/1.8.11/Expressions/UnsupportedFormatCharacter.ql failed the constraint of kind (was problem).
[2026-10-05 03:48:11] [SPAMMIER] resolve queries> Query Filter: /opt/hostedtoolcache/CodeQL/2.27.1/x64/codeql/qlpacks/codeql/python-queries/1.8.11/Expressions/CompareIdenticalValues.ql failed the constraint of kind (was problem).
[2026-10-05 03:48:11] [SPAMMIER] resolve queries> Query Filter: /opt/hostedtoolcache/CodeQL/2.27.1/x64/codeql/qlpacks/codeql/python-queries/1.8.11/Expressions/Regex/UnmatchableDollar.ql failed the constraint of kind (was problem).
[2026-10-05 03:48:11] [SPAMMIER] resolve queries> Query Filter: /opt/hostedtoolcache/CodeQL/2.27.1/x64/codeql/qlpacks/codeql/python-queries/1.8.11/Expressions/Regex/BackspaceEscape.ql failed the constraint of kind (was problem).
[2026-10-05 03:48:11] [SPAMMIER] resolve queries> Query Filter: /opt/hostedtoolcache/CodeQL/2.27.1/x64/codeql/qlpacks/codeql/python-queries/1.8.11/Expressions/Regex/UnmatchableCaret.ql failed the constraint of kind (was problem).
[2026-10-05 03:48:11] [SPAMMIER] resolve queries> Query Filter: /opt/hostedtoolcache/CodeQL/2.27.1/x64/codeql/qlpacks/codeql/python-queries/1.8.11/Expressions/Regex/MissingPartSpecialGroup.ql failed the constraint of kind (was problem).
[2026-10-05 03:48:11] [SPAMMIER] resolve queries> Query Filter: /opt/hostedtoolcache/CodeQL/2.27.1/x64/codeql/qlpacks/codeql/python-queries/1.8.11/Expressions/Regex/DuplicateCharacterInSet.ql failed the constraint of kind (was problem).
[2026-10-05 03:48:11] [SPAMMIER] resolve queries> Query Filter: /opt/hostedtoolcache/CodeQL/2.27.1/x64/codeql/qlpacks/codeql/python-queries/1.8.11/Expressions/UnnecessaryLambda.ql failed the constraint of kind (was problem).
[2026-10-05 03:48:11] [SPAMMIER] resolve queries> Query Filter: /opt/hostedtoolcache/CodeQL/2.27.1/x64/codeql/qlpacks/codeql/python-queries/1.8.11/Expressions/DuplicateKeyInDictionaryLiteral.ql failed the constraint of kind (was problem).
[2026-10-05 03:48:11] [SPAMMIER] resolve queries> Query Filter: /opt/hostedtoolcache/CodeQL/2.27.1/x64/codeql/qlpacks/codeql/python-queries/1.8.11/Expressions/ExplicitCallToDel.ql failed the constraint of kind (was problem).
[2026-10-05 03:48:11] [SPAMMIER] resolve queries> Query Filter: /opt/hostedtoolcache/CodeQL/2.27.1/x64/codeql/qlpacks/codeql/python-queries/1.8.11/Expressions/NonCallableCalled.ql failed the constraint of kind (was problem).
[2026-10-05 03:48:11] [SPAMMIER] resolve queries> Query Filter: /opt/hostedtoolcache/CodeQL/2.27.1/x64/codeql/qlpacks/codeql/python-queries/1.8.11/external/DuplicateBlock.ql failed the constraint of kind (was problem).
[2026-10-05 03:48:11] [SPAMMIER] resolve queries> Query Filter: /opt/hostedtoolcache/CodeQL/2.27.1/x64/codeql/qlpacks/codeql/python-queries/1.8.11/external/SimilarFunction.ql failed the constraint of kind (was problem).
[2026-10-05 03:48:11] [SPAMMIER] resolve queries> Query Filter: /opt/hostedtoolcache/CodeQL/2.27.1/x64/codeql/qlpacks/codeql/python-queries/1.8.11/external/MostlyDuplicateFile.ql failed the constraint of kind (was problem).
[2026-10-05 03:48:11] [SPAMMIER] resolve queries> Query Filter: /opt/hostedtoolcache/CodeQL/2.27.1/x64/codeql/qlpacks/codeql/python-queries/1.8.11/external/MostlySimilarFile.ql failed the constraint of kind (was problem).
[2026-10-05 03:48:11] [SPAMMIER] resolve queries> Query Filter: /opt/hostedtoolcache/CodeQL/2.27.1/x64/codeql/qlpacks/codeql/python-queries/1.8.11/external/DuplicateFunction.ql failed the constraint of kind (was problem).
[2026-10-05 03:48:11] [SPAMMIER] resolve queries> Query Filter: /opt/hostedtoolcache/CodeQL/2.27.1/x64/codeql/qlpacks/codeql/python-queries/1.8.11/external/MostlyDuplicateClass.ql failed the constraint of kind (was problem).
[2026-10-05 03:48:11] [SPAMMIER] resolve queries> Query Filter: /opt/hostedtoolcache/CodeQL/2.27.1/x64/codeql/qlpacks/codeql/python-queries/1.8.11/Functions/IncorrectlyOverriddenMethod.ql failed the constraint of kind (was problem).
[2026-10-05 03:48:11] [SPAMMIER] resolve queries> Query Filter: /opt/hostedtoolcache/CodeQL/2.27.1/x64/codeql/qlpacks/codeql/python-queries/1.8.11/Functions/IterReturnsNonSelf.ql failed the constraint of kind (was problem).
[2026-10-05 03:48:11] [SPAMMIER] resolve queries> Query Filter: /opt/hostedtoolcache/CodeQL/2.27.1/x64/codeql/qlpacks/codeql/python-queries/1.8.11/Functions/ReturnValueIgnored.ql failed the constraint of kind (was problem).
[2026-10-05 03:48:11] [SPAMMIER] resolve queries> Query Filter: /opt/hostedtoolcache/CodeQL/2.27.1/x64/codeql/qlpacks/codeql/python-queries/1.8.11/Functions/IncorrectlySpecifiedOverriddenMethod.ql failed the constraint of kind (was problem).
[2026-10-05 03:48:11] [SPAMMIER] resolve queries> Query Filter: /opt/hostedtoolcache/CodeQL/2.27.1/x64/codeql/qlpacks/codeql/python-queries/1.8.11/Functions/DeprecatedSliceMethod.ql failed the constraint of kind (was problem).
[2026-10-05 03:48:11] [SPAMMIER] resolve queries> Query Filter: /opt/hostedtoolcache/CodeQL/2.27.1/x64/codeql/qlpacks/codeql/python-queries/1.8.11/Functions/InitIsGenerator.ql failed the constraint of kind (was problem).
[2026-10-05 03:48:11] [SPAMMIER] resolve queries> Query Filter: /opt/hostedtoolcache/CodeQL/2.27.1/x64/codeql/qlpacks/codeql/python-queries/1.8.11/Functions/NonSelf.ql failed the constraint of kind (was problem).
[2026-10-05 03:48:11] [SPAMMIER] resolve queries> Query Filter: /opt/hostedtoolcache/CodeQL/2.27.1/x64/codeql/qlpacks/codeql/python-queries/1.8.11/Functions/IterReturnsNonIterator.ql failed the constraint of kind (was problem).
[2026-10-05 03:48:11] [SPAMMIER] resolve queries> Query Filter: /opt/hostedtoolcache/CodeQL/2.27.1/x64/codeql/qlpacks/codeql/python-queries/1.8.11/Functions/IncorrectRaiseInSpecialMethod.ql failed the constraint of kind (was problem).
[2026-10-05 03:48:11] [SPAMMIER] resolve queries> Query Filter: /opt/hostedtoolcache/CodeQL/2.27.1/x64/codeql/qlpacks/codeql/python-queries/1.8.11/Functions/UseImplicitNoneReturnValue.ql failed the constraint of kind (was problem).
[2026-10-05 03:48:11] [SPAMMIER] resolve queries> Query Filter: /opt/hostedtoolcache/CodeQL/2.27.1/x64/codeql/qlpacks/codeql/python-queries/1.8.11/Functions/OverlyComplexDelMethod.ql failed the constraint of kind (was problem).
[2026-10-05 03:48:11] [SPAMMIER] resolve queries> Query Filter: /opt/hostedtoolcache/CodeQL/2.27.1/x64/codeql/qlpacks/codeql/python-queries/1.8.11/Functions/ModificationOfParameterWithDefault.ql failed the constraint of kind (was path-problem).
[2026-10-05 03:48:11] [SPAMMIER] resolve queries> Query Filter: /opt/hostedtoolcache/CodeQL/2.27.1/x64/codeql/qlpacks/codeql/python-queries/1.8.11/Functions/SignatureOverriddenMethod.ql failed the constraint of kind (was problem).
[2026-10-05 03:48:11] [SPAMMIER] resolve queries> Query Filter: /opt/hostedtoolcache/CodeQL/2.27.1/x64/codeql/qlpacks/codeql/python-queries/1.8.11/Functions/ExplicitReturnInInit.ql failed the constraint of kind (was problem).
[2026-10-05 03:48:11] [SPAMMIER] resolve queries> Query Filter: /opt/hostedtoolcache/CodeQL/2.27.1/x64/codeql/qlpacks/codeql/python-queries/1.8.11/Functions/SignatureSpecialMethods.ql failed the constraint of kind (was problem).
[2026-10-05 03:48:11] [SPAMMIER] resolve queries> Query Filter: /opt/hostedtoolcache/CodeQL/2.27.1/x64/codeql/qlpacks/codeql/python-queries/1.8.11/Functions/ReturnConsistentTupleSizes.ql failed the constraint of kind (was problem).
[2026-10-05 03:48:11] [SPAMMIER] resolve queries> Query Filter: /opt/hostedtoolcache/CodeQL/2.27.1/x64/codeql/qlpacks/codeql/python-queries/1.8.11/Functions/ConsistentReturns.ql failed the constraint of kind (was problem).
[2026-10-05 03:48:11] [SPAMMIER] resolve queries> Query Filter: /opt/hostedtoolcache/CodeQL/2.27.1/x64/codeql/qlpacks/codeql/python-queries/1.8.11/Functions/NonCls.ql failed the constraint of kind (was problem).
[2026-10-05 03:48:11] [SPAMMIER] resolve queries> Query Filter: /opt/hostedtoolcache/CodeQL/2.27.1/x64/codeql/qlpacks/codeql/python-queries/1.8.11/utils/modeleditor/FrameworkModeEndpoints.ql failed the constraint of kind (was table).
[2026-10-05 03:48:11] [SPAMMIER] resolve queries> Query Filter: /opt/hostedtoolcache/CodeQL/2.27.1/x64/codeql/qlpacks/codeql/python-queries/1.8.11/Statements/SideEffectInAssert.ql failed the constraint of kind (was problem).
[2026-10-05 03:48:11] [SPAMMIER] resolve queries> Query Filter: /opt/hostedtoolcache/CodeQL/2.27.1/x64/codeql/qlpacks/codeql/python-queries/1.8.11/Statements/StringConcatenationInLoop.ql failed the constraint of kind (was problem).
[2026-10-05 03:48:11] [SPAMMIER] resolve queries> Query Filter: /opt/hostedtoolcache/CodeQL/2.27.1/x64/codeql/qlpacks/codeql/python-queries/1.8.11/Statements/AssertLiteralConstant.ql failed the constraint of kind (was problem).
[2026-10-05 03:48:11] [SPAMMIER] resolve queries> Query Filter: /opt/hostedtoolcache/CodeQL/2.27.1/x64/codeql/qlpacks/codeql/python-queries/1.8.11/Statements/TopLevelPrint.ql failed the constraint of kind (was problem).
[2026-10-05 03:48:11] [SPAMMIER] resolve queries> Query Filter: /opt/hostedtoolcache/CodeQL/2.27.1/x64/codeql/qlpacks/codeql/python-queries/1.8.11/Statements/NonIteratorInForLoop.ql failed the constraint of kind (was problem).
[2026-10-05 03:48:11] [SPAMMIER] resolve queries> Query Filter: /opt/hostedtoolcache/CodeQL/2.27.1/x64/codeql/qlpacks/codeql/python-queries/1.8.11/Statements/AssertOnTuple.ql failed the constraint of kind (was problem).
[2026-10-05 03:48:11] [SPAMMIER] resolve queries> Query Filter: /opt/hostedtoolcache/CodeQL/2.27.1/x64/codeql/qlpacks/codeql/python-queries/1.8.11/Statements/StatementNoEffect.ql failed the constraint of kind (was problem).
[2026-10-05 03:48:11] [SPAMMIER] resolve queries> Query Filter: /opt/hostedtoolcache/CodeQL/2.27.1/x64/codeql/qlpacks/codeql/python-queries/1.8.11/Statements/NestedLoopsSameVariableWithReuse.ql failed the constraint of kind (was problem).
[2026-10-05 03:48:11] [SPAMMIER] resolve queries> Query Filter: /opt/hostedtoolcache/CodeQL/2.27.1/x64/codeql/qlpacks/codeql/python-queries/1.8.11/Statements/UseOfExit.ql failed the constraint of kind (was problem).
[2026-10-05 03:48:11] [SPAMMIER] resolve queries> Query Filter: /opt/hostedtoolcache/CodeQL/2.27.1/x64/codeql/qlpacks/codeql/python-queries/1.8.11/Statements/BreakOrReturnInFinally.ql failed the constraint of kind (was problem).
[2026-10-05 03:48:11] [SPAMMIER] resolve queries> Query Filter: /opt/hostedtoolcache/CodeQL/2.27.1/x64/codeql/qlpacks/codeql/python-queries/1.8.11/Statements/C_StyleParentheses.ql failed the constraint of kind (was problem).
[2026-10-05 03:48:11] [SPAMMIER] resolve queries> Query Filter: /opt/hostedtoolcache/CodeQL/2.27.1/x64/codeql/qlpacks/codeql/python-queries/1.8.11/Statements/IterableStringOrSequence.ql failed the constraint of kind (was problem).
[2026-10-05 03:48:11] [SPAMMIER] resolve queries> Query Filter: /opt/hostedtoolcache/CodeQL/2.27.1/x64/codeql/qlpacks/codeql/python-queries/1.8.11/Statements/ReturnOrYieldOutsideFunction.ql failed the constraint of kind (was problem).
[2026-10-05 03:48:11] [SPAMMIER] resolve queries> Query Filter: /opt/hostedtoolcache/CodeQL/2.27.1/x64/codeql/qlpacks/codeql/python-queries/1.8.11/Statements/UnreachableCode.ql failed the constraint of kind (was problem).
[2026-10-05 03:48:11] [SPAMMIER] resolve queries> Query Filter: /opt/hostedtoolcache/CodeQL/2.27.1/x64/codeql/qlpacks/codeql/python-queries/1.8.11/Statements/NestedLoopsSameVariable.ql failed the constraint of kind (was problem).
[2026-10-05 03:48:11] [SPAMMIER] resolve queries> Query Filter: /opt/hostedtoolcache/CodeQL/2.27.1/x64/codeql/qlpacks/codeql/python-queries/1.8.11/Statements/UnnecessaryDelete.ql failed the constraint of kind (was problem).
[2026-10-05 03:48:11] [SPAMMIER] resolve queries> Query Filter: /opt/hostedtoolcache/CodeQL/2.27.1/x64/codeql/qlpacks/codeql/python-queries/1.8.11/Statements/UnnecessaryElseClause.ql failed the constraint of kind (was problem).
[2026-10-05 03:48:11] [SPAMMIER] resolve queries> Query Filter: /opt/hostedtoolcache/CodeQL/2.27.1/x64/codeql/qlpacks/codeql/python-queries/1.8.11/Statements/DocStrings.ql failed the constraint of kind (was problem).
[2026-10-05 03:48:11] [SPAMMIER] resolve queries> Query Filter: /opt/hostedtoolcache/CodeQL/2.27.1/x64/codeql/qlpacks/codeql/python-queries/1.8.11/Statements/ModificationOfLocals.ql failed the constraint of kind (was problem).
[2026-10-05 03:48:11] [SPAMMIER] resolve queries> Query Filter: /opt/hostedtoolcache/CodeQL/2.27.1/x64/codeql/qlpacks/codeql/python-queries/1.8.11/Statements/MismatchInMultipleAssignment.ql failed the constraint of kind (was problem).
[2026-10-05 03:48:11] [SPAMMIER] resolve queries> Query Filter: /opt/hostedtoolcache/CodeQL/2.27.1/x64/codeql/qlpacks/codeql/python-queries/1.8.11/Statements/ExecUsed.ql failed the constraint of kind (was problem).
[2026-10-05 03:48:11] [SPAMMIER] resolve queries> Query Filter: /opt/hostedtoolcache/CodeQL/2.27.1/x64/codeql/qlpacks/codeql/python-queries/1.8.11/Statements/RedundantAssignment.ql failed the constraint of kind (was problem).
[2026-10-05 03:48:11] [SPAMMIER] resolve queries> Query Filter: /opt/hostedtoolcache/CodeQL/2.27.1/x64/codeql/qlpacks/codeql/python-queries/1.8.11/Statements/UnnecessaryPass.ql failed the constraint of kind (was problem).
[2026-10-05 03:48:11] [SPAMMIER] resolve queries> Query Filter: /opt/hostedtoolcache/CodeQL/2.27.1/x64/codeql/qlpacks/codeql/python-queries/1.8.11/Statements/UnusedExceptionObject.ql failed the constraint of kind (was problem).
[2026-10-05 03:48:11] [SPAMMIER] resolve queries> Query Filter: /opt/hostedtoolcache/CodeQL/2.27.1/x64/codeql/qlpacks/codeql/python-queries/1.8.11/Statements/ShouldUseWithStatement.ql failed the constraint of kind (was problem).
[2026-10-05 03:48:11] [SPAMMIER] resolve queries> Query Filter: /opt/hostedtoolcache/CodeQL/2.27.1/x64/codeql/qlpacks/codeql/python-queries/1.8.11/Statements/ConstantInConditional.ql failed the constraint of kind (was problem).
[2026-10-05 03:48:11] [SPAMMIER] resolve queries> Query Filter: /opt/hostedtoolcache/CodeQL/2.27.1/x64/codeql/qlpacks/codeql/python-queries/1.8.11/Filters/ClassifyFiles.ql failed the constraint of kind (was file-classifier).
[2026-10-05 03:48:11] [SPAMMIER] resolve queries> Query Filter: /opt/hostedtoolcache/CodeQL/2.27.1/x64/codeql/qlpacks/codeql/python-queries/1.8.11/experimental/cryptography/example_alerts/WeakKDFSaltSize.ql failed the constraint of kind (was problem).
[2026-10-05 03:48:11] [SPAMMIER] resolve queries> Query Filter: /opt/hostedtoolcache/CodeQL/2.27.1/x64/codeql/qlpacks/codeql/python-queries/1.8.11/experimental/cryptography/example_alerts/WeakHashes.ql failed the constraint of kind (was problem).
[2026-10-05 03:48:11] [SPAMMIER] resolve queries> Query Filter: /opt/hostedtoolcache/CodeQL/2.27.1/x64/codeql/qlpacks/codeql/python-queries/1.8.11/experimental/cryptography/example_alerts/WeakAsymmetricPadding.ql failed the constraint of kind (was problem).
[2026-10-05 03:48:11] [SPAMMIER] resolve queries> Query Filter: /opt/hostedtoolcache/CodeQL/2.27.1/x64/codeql/qlpacks/codeql/python-queries/1.8.11/experimental/cryptography/example_alerts/WeakKDFIteration.ql failed the constraint of kind (was problem).
[2026-10-05 03:48:11] [SPAMMIER] resolve queries> Query Filter: /opt/hostedtoolcache/CodeQL/2.27.1/x64/codeql/qlpacks/codeql/python-queries/1.8.11/experimental/cryptography/example_alerts/WeakEllipticCurve.ql failed the constraint of kind (was problem).
[2026-10-05 03:48:11] [SPAMMIER] resolve queries> Query Filter: /opt/hostedtoolcache/CodeQL/2.27.1/x64/codeql/qlpacks/codeql/python-queries/1.8.11/experimental/cryptography/example_alerts/WeakKDFSaltGen.ql failed the constraint of kind (was problem).
[2026-10-05 03:48:11] [SPAMMIER] resolve queries> Query Filter: /opt/hostedtoolcache/CodeQL/2.27.1/x64/codeql/qlpacks/codeql/python-queries/1.8.11/experimental/cryptography/example_alerts/WeakBlockMode.ql failed the constraint of kind (was problem).
[2026-10-05 03:48:11] [SPAMMIER] resolve queries> Query Filter: /opt/hostedtoolcache/CodeQL/2.27.1/x64/codeql/qlpacks/codeql/python-queries/1.8.11/experimental/cryptography/example_alerts/UnknownAsymmetricKeyGen.ql failed the constraint of kind (was problem).
[2026-10-05 03:48:11] [SPAMMIER] resolve queries> Query Filter: /opt/hostedtoolcache/CodeQL/2.27.1/x64/codeql/qlpacks/codeql/python-queries/1.8.11/experimental/cryptography/example_alerts/WeakBlockModeIVorNonce.ql failed the constraint of kind (was problem).
[2026-10-05 03:48:11] [SPAMMIER] resolve queries> Query Filter: /opt/hostedtoolcache/CodeQL/2.27.1/x64/codeql/qlpacks/codeql/python-queries/1.8.11/experimental/cryptography/example_alerts/WeakKDFMode.ql failed the constraint of kind (was problem).
[2026-10-05 03:48:11] [SPAMMIER] resolve queries> Query Filter: /opt/hostedtoolcache/CodeQL/2.27.1/x64/codeql/qlpacks/codeql/python-queries/1.8.11/experimental/cryptography/example_alerts/WeakKDFKeyLength.ql failed the constraint of kind (was problem).
[2026-10-05 03:48:11] [SPAMMIER] resolve queries> Query Filter: /opt/hostedtoolcache/CodeQL/2.27.1/x64/codeql/qlpacks/codeql/python-queries/1.8.11/experimental/cryptography/example_alerts/WeakKDFAlgorithm.ql failed the constraint of kind (was problem).
[2026-10-05 03:48:11] [SPAMMIER] resolve queries> Query Filter: /opt/hostedtoolcache/CodeQL/2.27.1/x64/codeql/qlpacks/codeql/python-queries/1.8.11/experimental/cryptography/example_alerts/WeakSymmetricEncryption.ql failed the constraint of kind (was problem).
[2026-10-05 03:48:11] [SPAMMIER] resolve queries> Query Filter: /opt/hostedtoolcache/CodeQL/2.27.1/x64/codeql/qlpacks/codeql/python-queries/1.8.11/experimental/cryptography/example_alerts/WeakAsymmetricKeyGen.ql failed the constraint of kind (was problem).
[2026-10-05 03:48:11] [SPAMMIER] resolve queries> Query Filter: /opt/hostedtoolcache/CodeQL/2.27.1/x64/codeql/qlpacks/codeql/python-queries/1.8.11/experimental/cryptography/inventory/old_models/AllCryptoAlgorithms.ql failed the constraint of kind (was problem).
[2026-10-05 03:48:11] [SPAMMIER] resolve queries> Query Filter: /opt/hostedtoolcache/CodeQL/2.27.1/x64/codeql/qlpacks/codeql/python-queries/1.8.11/experimental/cryptography/inventory/old_models/HashingAlgorithms.ql failed the constraint of kind (was problem).
[2026-10-05 03:48:11] [SPAMMIER] resolve queries> Query Filter: /opt/hostedtoolcache/CodeQL/2.27.1/x64/codeql/qlpacks/codeql/python-queries/1.8.11/experimental/cryptography/inventory/old_models/BlockModeAlgorithms.ql failed the constraint of kind (was problem).
[2026-10-05 03:48:11] [SPAMMIER] resolve queries> Query Filter: /opt/hostedtoolcache/CodeQL/2.27.1/x64/codeql/qlpacks/codeql/python-queries/1.8.11/experimental/cryptography/inventory/new_models/BlockModeKnownIVsOrNonces.ql failed the constraint of kind (was problem).
[2026-10-05 03:48:11] [SPAMMIER] resolve queries> Query Filter: /opt/hostedtoolcache/CodeQL/2.27.1/x64/codeql/qlpacks/codeql/python-queries/1.8.11/experimental/cryptography/inventory/new_models/EllipticCurveAlgorithms.ql failed the constraint of kind (was problem).
[2026-10-05 03:48:11] [SPAMMIER] resolve queries> Query Filter: /opt/hostedtoolcache/CodeQL/2.27.1/x64/codeql/qlpacks/codeql/python-queries/1.8.11/experimental/cryptography/inventory/new_models/KeyDerivationAlgorithms.ql failed the constraint of kind (was problem).
[2026-10-05 03:48:11] [SPAMMIER] resolve queries> Query Filter: /opt/hostedtoolcache/CodeQL/2.27.1/x64/codeql/qlpacks/codeql/python-queries/1.8.11/Exceptions/IllegalRaise.ql failed the constraint of kind (was problem).
[2026-10-05 03:48:11] [SPAMMIER] resolve queries> Query Filter: /opt/hostedtoolcache/CodeQL/2.27.1/x64/codeql/qlpacks/codeql/python-queries/1.8.11/Exceptions/UnguardedNextInGenerator.ql failed the constraint of kind (was problem).
[2026-10-05 03:48:11] [SPAMMIER] resolve queries> Query Filter: /opt/hostedtoolcache/CodeQL/2.27.1/x64/codeql/qlpacks/codeql/python-queries/1.8.11/Exceptions/IncorrectExceptOrder.ql failed the constraint of kind (was problem).
[2026-10-05 03:48:11] [SPAMMIER] resolve queries> Query Filter: /opt/hostedtoolcache/CodeQL/2.27.1/x64/codeql/qlpacks/codeql/python-queries/1.8.11/Exceptions/CatchingBaseException.ql failed the constraint of kind (was problem).
[2026-10-05 03:48:11] [SPAMMIER] resolve queries> Query Filter: /opt/hostedtoolcache/CodeQL/2.27.1/x64/codeql/qlpacks/codeql/python-queries/1.8.11/Exceptions/EmptyExcept.ql failed the constraint of kind (was problem).
[2026-10-05 03:48:11] [SPAMMIER] resolve queries> Query Filter: /opt/hostedtoolcache/CodeQL/2.27.1/x64/codeql/qlpacks/codeql/python-queries/1.8.11/Exceptions/NotImplementedIsNotAnException.ql failed the constraint of kind (was problem).
[2026-10-05 03:48:11] [SPAMMIER] resolve queries> Query Filter: /opt/hostedtoolcache/CodeQL/2.27.1/x64/codeql/qlpacks/codeql/python-queries/1.8.11/Security/CWE-918/PartialServerSideRequestForgery.ql failed the constraint of kind (was path-problem).
[2026-10-05 03:48:11] [SPAMMIER] resolve queries> Query Filter: /opt/hostedtoolcache/CodeQL/2.27.1/x64/codeql/qlpacks/codeql/python-queries/1.8.11/Security/CWE-079/Jinja2WithoutEscaping.ql failed the constraint of kind (was problem).
[2026-10-05 03:48:11] [SPAMMIER] resolve queries> Query Filter: /opt/hostedtoolcache/CodeQL/2.27.1/x64/codeql/qlpacks/codeql/python-queries/1.8.11/Security/CWE-022/TarSlip.ql failed the constraint of kind (was path-problem).
[2026-10-05 03:48:11] [SPAMMIER] resolve queries> Query Filter: /opt/hostedtoolcache/CodeQL/2.27.1/x64/codeql/qlpacks/codeql/python-queries/1.8.11/Security/CWE-020-ExternalAPIs/UntrustedDataToExternalAPI.ql failed the constraint of kind (was path-problem).
[2026-10-05 03:48:11] [SPAMMIER] resolve queries> Query Filter: /opt/hostedtoolcache/CodeQL/2.27.1/x64/codeql/qlpacks/codeql/python-queries/1.8.11/Security/CWE-020-ExternalAPIs/ExternalAPIsUsedWithUntrustedData.ql failed the constraint of kind (was table).
[2026-10-05 03:48:11] [SPAMMIER] resolve queries> Query Filter: /opt/hostedtoolcache/CodeQL/2.27.1/x64/codeql/qlpacks/codeql/python-queries/1.8.11/Security/CWE-295/RequestWithoutValidation.ql failed the constraint of kind (was problem).
[2026-10-05 03:48:11] [SPAMMIER] resolve queries> Query Filter: /opt/hostedtoolcache/CodeQL/2.27.1/x64/codeql/qlpacks/codeql/python-queries/1.8.11/Security/CWE-732/WeakFilePermissions.ql failed the constraint of kind (was problem).
[2026-10-05 03:48:11] [SPAMMIER] resolve queries> Query Filter: /opt/hostedtoolcache/CodeQL/2.27.1/x64/codeql/qlpacks/codeql/python-queries/1.8.11/Security/CWE-078/UnsafeShellCommandConstruction.ql failed the constraint of kind (was path-problem).
[2026-10-05 03:48:11] [SPAMMIER] resolve queries> Query Filter: /opt/hostedtoolcache/CodeQL/2.27.1/x64/codeql/qlpacks/codeql/python-queries/1.8.11/Security/CWE-117/LogInjection.ql failed the constraint of kind (was path-problem).
[2026-10-05 03:48:11] [SPAMMIER] resolve queries> Query Filter: /opt/hostedtoolcache/CodeQL/2.27.1/x64/codeql/qlpacks/codeql/python-queries/1.8.11/Security/CWE-798/HardcodedCredentials.ql failed the constraint of kind (was path-problem).
[2026-10-05 03:48:11] [SPAMMIER] resolve queries> Query Filter: /opt/hostedtoolcache/CodeQL/2.27.1/x64/codeql/qlpacks/codeql/python-queries/1.8.11/analysis/KeyPointsToFailure.ql failed the constraint of kind (was problem).
[2026-10-05 03:48:11] [SPAMMIER] resolve queries> Query Filter: /opt/hostedtoolcache/CodeQL/2.27.1/x64/codeql/qlpacks/codeql/python-queries/1.8.11/analysis/CallGraphEfficiency.ql failed the constraint of kind (not present).
[2026-10-05 03:48:11] [SPAMMIER] resolve queries> Query Filter: /opt/hostedtoolcache/CodeQL/2.27.1/x64/codeql/qlpacks/codeql/python-queries/1.8.11/analysis/TypeHierarchyFailure.ql failed the constraint of kind (was problem).
[2026-10-05 03:48:11] [SPAMMIER] resolve queries> Query Filter: /opt/hostedtoolcache/CodeQL/2.27.1/x64/codeql/qlpacks/codeql/python-queries/1.8.11/analysis/ImportFailure.ql failed the constraint of kind (was problem).
[2026-10-05 03:48:11] [SPAMMIER] resolve queries> Query Filter: /opt/hostedtoolcache/CodeQL/2.27.1/x64/codeql/qlpacks/codeql/python-queries/1.8.11/analysis/PointsToFailure.ql failed the constraint of kind (was problem).
[2026-10-05 03:48:11] [SPAMMIER] resolve queries> Query Filter: /opt/hostedtoolcache/CodeQL/2.27.1/x64/codeql/qlpacks/codeql/python-queries/1.8.11/analysis/ContextEfficiency.ql failed the constraint of kind (not present).
[2026-10-05 03:48:11] [SPAMMIER] resolve queries> Query Filter: /opt/hostedtoolcache/CodeQL/2.27.1/x64/codeql/qlpacks/codeql/python-queries/1.8.11/analysis/Summary.ql failed the constraint of kind (not present).
[2026-10-05 03:48:11] [SPAMMIER] resolve queries> Query Filter: /opt/hostedtoolcache/CodeQL/2.27.1/x64/codeql/qlpacks/codeql/python-queries/1.8.11/analysis/Efficiency.ql failed the constraint of kind (not present).
[2026-10-05 03:48:11] [SPAMMIER] resolve queries> Query Filter: /opt/hostedtoolcache/CodeQL/2.27.1/x64/codeql/qlpacks/codeql/python-queries/1.8.11/analysis/Pruned.ql failed the constraint of kind (not present).
[2026-10-05 03:48:11] [SPAMMIER] resolve queries> Query Filter: /opt/hostedtoolcache/CodeQL/2.27.1/x64/codeql/qlpacks/codeql/python-queries/1.8.11/analysis/Consistency.ql failed the constraint of kind (not present).
[2026-10-05 03:48:11] [SPAMMIER] resolve queries> Query Filter: /opt/hostedtoolcache/CodeQL/2.27.1/x64/codeql/qlpacks/codeql/python-queries/1.8.11/analysis/TypeInferenceFailure.ql failed the constraint of kind (was problem).
[2026-10-05 03:48:11] [SPAMMIER] resolve queries> Query Filter: /opt/hostedtoolcache/CodeQL/2.27.1/x64/codeql/qlpacks/codeql/python-queries/1.8.11/analysis/FailedInference.ql failed the constraint of kind (not present).
[2026-10-05 03:48:11] [SPAMMIER] resolve queries> Query Filter: /opt/hostedtoolcache/CodeQL/2.27.1/x64/codeql/qlpacks/codeql/python-queries/1.8.11/analysis/CallGraphMarginalEfficiency.ql failed the constraint of kind (not present).
[2026-10-05 03:48:11] [SPAMMIER] resolve queries> Query Filter: /opt/hostedtoolcache/CodeQL/2.27.1/x64/codeql/qlpacks/codeql/python-queries/1.8.11/analysis/Definitions.ql failed the constraint of kind (was definitions).
[2026-10-05 03:48:11] [SPAMMIER] resolve queries> Query Filter: /opt/hostedtoolcache/CodeQL/2.27.1/x64/codeql/qlpacks/codeql/python-queries/1.8.11/analysis/RatioOfDefinitions.ql failed the constraint of kind (not present).
[2026-10-05 03:48:11] [SPAMMIER] resolve queries> Query Filter: /opt/hostedtoolcache/CodeQL/2.27.1/x64/codeql/qlpacks/codeql/python-queries/1.8.11/analysis/ContextMarginalEfficiency.ql failed the constraint of kind (not present).
[2026-10-05 03:48:11] [SPAMMIER] resolve queries> Query Filter: /opt/hostedtoolcache/CodeQL/2.27.1/x64/codeql/qlpacks/codeql/python-queries/1.8.11/AlertSuppression.ql failed the constraint of kind (was alert-suppression).
[2026-10-05 03:48:11] [SPAMMIER] resolve queries> Query Filter: /opt/hostedtoolcache/CodeQL/2.27.1/x64/codeql/qlpacks/codeql/python-queries/1.8.11/Resources/FileNotAlwaysClosed.ql failed the constraint of kind (was problem).
[2026-10-05 03:48:11] [SPAMMIER] resolve queries> Resolution instruction: include.
[2026-10-05 03:48:11] [SPAMMY] resolve queries> Query Filter: Including by constraints kind=metric; tags contain=summary.
[2026-10-05 03:48:11] [SPAMMIER] resolve queries> Query Filter: /opt/hostedtoolcache/CodeQL/2.27.1/x64/codeql/qlpacks/codeql/python-queries/1.8.11/Lexical/FCommentedOutCode.ql failed the constraint of kind (was treemap).
[2026-10-05 03:48:11] [SPAMMIER] resolve queries> Query Filter: /opt/hostedtoolcache/CodeQL/2.27.1/x64/codeql/qlpacks/codeql/python-queries/1.8.11/Lexical/CommentedOutCode.ql failed the constraint of kind (was problem).
[2026-10-05 03:48:11] [SPAMMIER] resolve queries> Query Filter: /opt/hostedtoolcache/CodeQL/2.27.1/x64/codeql/qlpacks/codeql/python-queries/1.8.11/Lexical/ToDoComment.ql failed the constraint of kind (was problem).
[2026-10-05 03:48:11] [SPAMMIER] resolve queries> Query Filter: /opt/hostedtoolcache/CodeQL/2.27.1/x64/codeql/qlpacks/codeql/python-queries/1.8.11/Lexical/OldOctalLiteral.ql failed the constraint of kind (was problem).
[2026-10-05 03:48:11] [SPAMMIER] resolve queries> Query Filter: /opt/hostedtoolcache/CodeQL/2.27.1/x64/codeql/qlpacks/codeql/python-queries/1.8.11/Metrics/Dependencies/ExternalDependenciesSourceLinks.ql failed the constraint of kind (was source-link).
[2026-10-05 03:48:11] [SPAMMIER] resolve queries> Query Filter: /opt/hostedtoolcache/CodeQL/2.27.1/x64/codeql/qlpacks/codeql/python-queries/1.8.11/Metrics/Dependencies/ExternalDependencies.ql failed the constraint of kind (was treemap).
[2026-10-05 03:48:11] [SPAMMIER] resolve queries> Query Filter: /opt/hostedtoolcache/CodeQL/2.27.1/x64/codeql/qlpacks/codeql/python-queries/1.8.11/Metrics/NumberOfParametersWithoutDefault.ql failed the constraint of kind (was treemap).
[2026-10-05 03:48:11] [SPAMMIER] resolve queries> Query Filter: /opt/hostedtoolcache/CodeQL/2.27.1/x64/codeql/qlpacks/codeql/python-queries/1.8.11/Metrics/TransitiveImports.ql failed the constraint of kind (was treemap).
[2026-10-05 03:48:11] [SPAMMIER] resolve queries> Query Filter: /opt/hostedtoolcache/CodeQL/2.27.1/x64/codeql/qlpacks/codeql/python-queries/1.8.11/Metrics/FunctionStatementNestingDepth.ql failed the constraint of kind (was treemap).
[2026-10-05 03:48:11] [SPAMMIER] resolve queries> Query Filter: /opt/hostedtoolcache/CodeQL/2.27.1/x64/codeql/qlpacks/codeql/python-queries/1.8.11/Metrics/ClassAfferentCoupling.ql failed the constraint of kind (was treemap).
[2026-10-05 03:48:11] [SPAMMIER] resolve queries> Query Filter: /opt/hostedtoolcache/CodeQL/2.27.1/x64/codeql/qlpacks/codeql/python-queries/1.8.11/Metrics/FLinesOfComments.ql failed the constraint of kind (was treemap).
[2026-10-05 03:48:11] [SPAMMIER] resolve queries> Query Filter: /opt/hostedtoolcache/CodeQL/2.27.1/x64/codeql/qlpacks/codeql/python-queries/1.8.11/Metrics/FLinesOfDuplicatedCode.ql failed the constraint of kind (was treemap).
[2026-10-05 03:48:11] [SPAMMIER] resolve queries> Query Filter: /opt/hostedtoolcache/CodeQL/2.27.1/x64/codeql/qlpacks/codeql/python-queries/1.8.11/Metrics/CommentRatio.ql failed the constraint of kind (was treemap).
[2026-10-05 03:48:11] [SPAMMIER] resolve queries> Query Filter: /opt/hostedtoolcache/CodeQL/2.27.1/x64/codeql/qlpacks/codeql/python-queries/1.8.11/Metrics/DirectImports.ql failed the constraint of kind (was treemap).
[2026-10-05 03:48:11] [SPAMMIER] resolve queries> Query Filter: /opt/hostedtoolcache/CodeQL/2.27.1/x64/codeql/qlpacks/codeql/python-queries/1.8.11/Metrics/FunctionNumberOfCalls.ql failed the constraint of kind (was treemap).
[2026-10-05 03:48:11] [SPAMMIER] resolve queries> Query Filter: /opt/hostedtoolcache/CodeQL/2.27.1/x64/codeql/qlpacks/codeql/python-queries/1.8.11/Metrics/FNumberOfTests.ql failed the constraint of kind (was treemap).
[2026-10-05 03:48:11] [SPAMMIER] resolve queries> Query Filter: /opt/hostedtoolcache/CodeQL/2.27.1/x64/codeql/qlpacks/codeql/python-queries/1.8.11/Metrics/FLinesOfCode.ql failed the constraint of kind (was treemap).
[2026-10-05 03:48:11] [SPAMMIER] resolve queries> Query Filter: /opt/hostedtoolcache/CodeQL/2.27.1/x64/codeql/qlpacks/codeql/python-queries/1.8.11/Metrics/External/CommitDisplayStrings.ql failed the constraint of kind (was display-string).
[2026-10-05 03:48:11] [SPAMMIER] resolve queries> Query Filter: /opt/hostedtoolcache/CodeQL/2.27.1/x64/codeql/qlpacks/codeql/python-queries/1.8.11/Metrics/External/CommitSourceLinks.ql failed the constraint of kind (was source-link).
[2026-10-05 03:48:11] [SPAMMIER] resolve queries> Query Filter: /opt/hostedtoolcache/CodeQL/2.27.1/x64/codeql/qlpacks/codeql/python-queries/1.8.11/Metrics/CLinesOfCode.ql failed the constraint of kind (was treemap).
[2026-10-05 03:48:11] [SPAMMIER] resolve queries> Query Filter: /opt/hostedtoolcache/CodeQL/2.27.1/x64/codeql/qlpacks/codeql/python-queries/1.8.11/Metrics/ModuleAfferentCoupling.ql failed the constraint of kind (was treemap).
[2026-10-05 03:48:11] [SPAMMIER] resolve queries> Query Filter: /opt/hostedtoolcache/CodeQL/2.27.1/x64/codeql/qlpacks/codeql/python-queries/1.8.11/Metrics/LackofCohesionInMethodsCK.ql failed the constraint of kind (was treemap).
[2026-10-05 03:48:11] [SPAMMIER] resolve queries> Query Filter: /opt/hostedtoolcache/CodeQL/2.27.1/x64/codeql/qlpacks/codeql/python-queries/1.8.11/Metrics/FFunctionsAndMethods.ql failed the constraint of kind (was treemap).
[2026-10-05 03:48:11] [SPAMMIER] resolve queries> Query Filter: /opt/hostedtoolcache/CodeQL/2.27.1/x64/codeql/qlpacks/codeql/python-queries/1.8.11/Metrics/CyclomaticComplexity.ql failed the constraint of kind (was treemap).
[2026-10-05 03:48:11] [SPAMMIER] resolve queries> Query Filter: /opt/hostedtoolcache/CodeQL/2.27.1/x64/codeql/qlpacks/codeql/python-queries/1.8.11/Metrics/NumberOfStatements.ql failed the constraint of kind (was treemap).
[2026-10-05 03:48:11] [SPAMMIER] resolve queries> Query Filter: /opt/hostedtoolcache/CodeQL/2.27.1/x64/codeql/qlpacks/codeql/python-queries/1.8.11/Metrics/FLines.ql failed the constraint of kind (was treemap).
[2026-10-05 03:48:11] [SPAMMIER] resolve queries> Query Filter: /opt/hostedtoolcache/CodeQL/2.27.1/x64/codeql/qlpacks/codeql/python-queries/1.8.11/Metrics/ClassEfferentCoupling.ql failed the constraint of kind (was treemap).
[2026-10-05 03:48:11] [SPAMMIER] resolve queries> Query Filter: /opt/hostedtoolcache/CodeQL/2.27.1/x64/codeql/qlpacks/codeql/python-queries/1.8.11/Metrics/Internal/ClassDisplayStrings.ql failed the constraint of kind (was display-string).
[2026-10-05 03:48:11] [SPAMMIER] resolve queries> Query Filter: /opt/hostedtoolcache/CodeQL/2.27.1/x64/codeql/qlpacks/codeql/python-queries/1.8.11/Metrics/Internal/CallableDisplayStrings.ql failed the constraint of kind (was display-string).
[2026-10-05 03:48:11] [SPAMMIER] resolve queries> Query Filter: /opt/hostedtoolcache/CodeQL/2.27.1/x64/codeql/qlpacks/codeql/python-queries/1.8.11/Metrics/Internal/ClassExtents.ql failed the constraint of kind (was extent).
[2026-10-05 03:48:11] [SPAMMIER] resolve queries> Query Filter: /opt/hostedtoolcache/CodeQL/2.27.1/x64/codeql/qlpacks/codeql/python-queries/1.8.11/Metrics/Internal/CallableExtents.ql failed the constraint of kind (was extent).
[2026-10-05 03:48:11] [SPAMMIER] resolve queries> Query Filter: /opt/hostedtoolcache/CodeQL/2.27.1/x64/codeql/qlpacks/codeql/python-queries/1.8.11/Metrics/Internal/TypeAnnotations.ql failed the constraint of kind (was table).
[2026-10-05 03:48:11] [SPAMMIER] resolve queries> Query Filter: /opt/hostedtoolcache/CodeQL/2.27.1/x64/codeql/qlpacks/codeql/python-queries/1.8.11/Metrics/Internal/ClassSourceLinks.ql failed the constraint of kind (was source-link).
[2026-10-05 03:48:11] [SPAMMIER] resolve queries> Query Filter: /opt/hostedtoolcache/CodeQL/2.27.1/x64/codeql/qlpacks/codeql/python-queries/1.8.11/Metrics/Internal/CallableSourceLinks.ql failed the constraint of kind (was source-link).
[2026-10-05 03:48:11] [SPAMMIER] resolve queries> Query Filter: /opt/hostedtoolcache/CodeQL/2.27.1/x64/codeql/qlpacks/codeql/python-queries/1.8.11/Metrics/FLinesOfSimilarCode.ql failed the constraint of kind (was treemap).
[2026-10-05 03:48:11] [SPAMMIER] resolve queries> Query Filter: /opt/hostedtoolcache/CodeQL/2.27.1/x64/codeql/qlpacks/codeql/python-queries/1.8.11/Metrics/DocStringRatio.ql failed the constraint of kind (was treemap).
[2026-10-05 03:48:11] [SPAMMIER] resolve queries> Query Filter: /opt/hostedtoolcache/CodeQL/2.27.1/x64/codeql/qlpacks/codeql/python-queries/1.8.11/Metrics/LackofCohesionInMethodsHM.ql failed the constraint of kind (was treemap).
[2026-10-05 03:48:11] [SPAMMIER] resolve queries> Query Filter: /opt/hostedtoolcache/CodeQL/2.27.1/x64/codeql/qlpacks/codeql/python-queries/1.8.11/Metrics/ModuleEfferentCoupling.ql failed the constraint of kind (was treemap).
[2026-10-05 03:48:11] [SPAMMIER] resolve queries> Query Filter: /opt/hostedtoolcache/CodeQL/2.27.1/x64/codeql/qlpacks/codeql/python-queries/1.8.11/Metrics/History/HLinesAdded.ql failed the constraint of kind (was treemap).
[2026-10-05 03:48:11] [SPAMMIER] resolve queries> Query Filter: /opt/hostedtoolcache/CodeQL/2.27.1/x64/codeql/qlpacks/codeql/python-queries/1.8.11/Metrics/History/HNumberOfRecentChangedFiles.ql failed the constraint of kind (was treemap).
[2026-10-05 03:48:11] [SPAMMIER] resolve queries> Query Filter: /opt/hostedtoolcache/CodeQL/2.27.1/x64/codeql/qlpacks/codeql/python-queries/1.8.11/Metrics/History/HNumberOfCoCommits.ql failed the constraint of kind (was treemap).
[2026-10-05 03:48:11] [SPAMMIER] resolve queries> Query Filter: /opt/hostedtoolcache/CodeQL/2.27.1/x64/codeql/qlpacks/codeql/python-queries/1.8.11/Metrics/History/HChurn.ql failed the constraint of kind (was treemap).
[2026-10-05 03:48:11] [SPAMMIER] resolve queries> Query Filter: /opt/hostedtoolcache/CodeQL/2.27.1/x64/codeql/qlpacks/codeql/python-queries/1.8.11/Metrics/History/HNumberOfReCommits.ql failed the constraint of kind (was treemap).
[2026-10-05 03:48:11] [SPAMMIER] resolve queries> Query Filter: /opt/hostedtoolcache/CodeQL/2.27.1/x64/codeql/qlpacks/codeql/python-queries/1.8.11/Metrics/History/HNumberOfCommits.ql failed the constraint of kind (was treemap).
[2026-10-05 03:48:11] [SPAMMIER] resolve queries> Query Filter: /opt/hostedtoolcache/CodeQL/2.27.1/x64/codeql/qlpacks/codeql/python-queries/1.8.11/Metrics/History/HNumberOfAuthors.ql failed the constraint of kind (was treemap).
[2026-10-05 03:48:11] [SPAMMIER] resolve queries> Query Filter: /opt/hostedtoolcache/CodeQL/2.27.1/x64/codeql/qlpacks/codeql/python-queries/1.8.11/Metrics/History/HNumberOfRecentAuthors.ql failed the constraint of kind (was treemap).
[2026-10-05 03:48:11] [SPAMMIER] resolve queries> Query Filter: /opt/hostedtoolcache/CodeQL/2.27.1/x64/codeql/qlpacks/codeql/python-queries/1.8.11/Metrics/History/HNumberOfRecentCommits.ql failed the constraint of kind (was treemap).
[2026-10-05 03:48:11] [SPAMMIER] resolve queries> Query Filter: /opt/hostedtoolcache/CodeQL/2.27.1/x64/codeql/qlpacks/codeql/python-queries/1.8.11/Metrics/History/HLinesDeleted.ql failed the constraint of kind (was treemap).
[2026-10-05 03:48:11] [SPAMMIER] resolve queries> Query Filter: /opt/hostedtoolcache/CodeQL/2.27.1/x64/codeql/qlpacks/codeql/python-queries/1.8.11/Metrics/FClasses.ql failed the constraint of kind (was treemap).
[2026-10-05 03:48:11] [SPAMMIER] resolve queries> Query Filter: /opt/hostedtoolcache/CodeQL/2.27.1/x64/codeql/qlpacks/codeql/python-queries/1.8.11/Variables/UnusedLocalVariable.ql failed the constraint of kind (was problem).
[2026-10-05 03:48:11] [SPAMMIER] resolve queries> Query Filter: /opt/hostedtoolcache/CodeQL/2.27.1/x64/codeql/qlpacks/codeql/python-queries/1.8.11/Variables/ShadowBuiltin.ql failed the constraint of kind (was problem).
[2026-10-05 03:48:11] [SPAMMIER] resolve queries> Query Filter: /opt/hostedtoolcache/CodeQL/2.27.1/x64/codeql/qlpacks/codeql/python-queries/1.8.11/Variables/GlobalAtModuleLevel.ql failed the constraint of kind (was problem).
[2026-10-05 03:48:11] [SPAMMIER] resolve queries> Query Filter: /opt/hostedtoolcache/CodeQL/2.27.1/x64/codeql/qlpacks/codeql/python-queries/1.8.11/Variables/UndefinedPlaceHolder.ql failed the constraint of kind (was problem).
[2026-10-05 03:48:11] [SPAMMIER] resolve queries> Query Filter: /opt/hostedtoolcache/CodeQL/2.27.1/x64/codeql/qlpacks/codeql/python-queries/1.8.11/Variables/UninitializedLocal.ql failed the constraint of kind (was problem).
[2026-10-05 03:48:11] [SPAMMIER] resolve queries> Query Filter: /opt/hostedtoolcache/CodeQL/2.27.1/x64/codeql/qlpacks/codeql/python-queries/1.8.11/Variables/SuspiciousUnusedLoopIterationVariable.ql failed the constraint of kind (was problem).
[2026-10-05 03:48:11] [SPAMMIER] resolve queries> Query Filter: /opt/hostedtoolcache/CodeQL/2.27.1/x64/codeql/qlpacks/codeql/python-queries/1.8.11/Variables/UnusedParameter.ql failed the constraint of kind (was problem).
[2026-10-05 03:48:11] [SPAMMIER] resolve queries> Query Filter: /opt/hostedtoolcache/CodeQL/2.27.1/x64/codeql/qlpacks/codeql/python-queries/1.8.11/Variables/Global.ql failed the constraint of kind (was problem).
[2026-10-05 03:48:11] [SPAMMIER] resolve queries> Query Filter: /opt/hostedtoolcache/CodeQL/2.27.1/x64/codeql/qlpacks/codeql/python-queries/1.8.11/Variables/LeakingListComprehension.ql failed the constraint of kind (was problem).
[2026-10-05 03:48:11] [SPAMMIER] resolve queries> Query Filter: /opt/hostedtoolcache/CodeQL/2.27.1/x64/codeql/qlpacks/codeql/python-queries/1.8.11/Variables/UndefinedGlobal.ql failed the constraint of kind (was problem).
[2026-10-05 03:48:11] [SPAMMIER] resolve queries> Query Filter: /opt/hostedtoolcache/CodeQL/2.27.1/x64/codeql/qlpacks/codeql/python-queries/1.8.11/Variables/LoopVariableCapture/LoopVariableCapture.ql failed the constraint of kind (was path-problem).
[2026-10-05 03:48:11] [SPAMMIER] resolve queries> Query Filter: /opt/hostedtoolcache/CodeQL/2.27.1/x64/codeql/qlpacks/codeql/python-queries/1.8.11/Variables/UnusedModuleVariable.ql failed the constraint of kind (was problem).
[2026-10-05 03:48:11] [SPAMMIER] resolve queries> Query Filter: /opt/hostedtoolcache/CodeQL/2.27.1/x64/codeql/qlpacks/codeql/python-queries/1.8.11/Variables/MultiplyDefined.ql failed the constraint of kind (was problem).
[2026-10-05 03:48:11] [SPAMMIER] resolve queries> Query Filter: /opt/hostedtoolcache/CodeQL/2.27.1/x64/codeql/qlpacks/codeql/python-queries/1.8.11/Variables/UndefinedExport.ql failed the constraint of kind (was problem).
[2026-10-05 03:48:11] [SPAMMIER] resolve queries> Query Filter: /opt/hostedtoolcache/CodeQL/2.27.1/x64/codeql/qlpacks/codeql/python-queries/1.8.11/Variables/ShadowGlobal.ql failed the constraint of kind (was problem).
[2026-10-05 03:48:11] [SPAMMIER] resolve queries> Query Filter: /opt/hostedtoolcache/CodeQL/2.27.1/x64/codeql/qlpacks/codeql/python-queries/1.8.11/Imports/ImportandImportFrom.ql failed the constraint of kind (was problem).
[2026-10-05 03:48:11] [SPAMMIER] resolve queries> Query Filter: /opt/hostedtoolcache/CodeQL/2.27.1/x64/codeql/qlpacks/codeql/python-queries/1.8.11/Imports/ModuleLevelCyclicImport.ql failed the constraint of kind (was problem).
[2026-10-05 03:48:11] [SPAMMIER] resolve queries> Query Filter: /opt/hostedtoolcache/CodeQL/2.27.1/x64/codeql/qlpacks/codeql/python-queries/1.8.11/Imports/CyclicImport.ql failed the constraint of kind (was problem).
[2026-10-05 03:48:11] [SPAMMIER] resolve queries> Query Filter: /opt/hostedtoolcache/CodeQL/2.27.1/x64/codeql/qlpacks/codeql/python-queries/1.8.11/Imports/ImportStarUsed.ql failed the constraint of kind (was problem).
[2026-10-05 03:48:11] [SPAMMIER] resolve queries> Query Filter: /opt/hostedtoolcache/CodeQL/2.27.1/x64/codeql/qlpacks/codeql/python-queries/1.8.11/Imports/ImportShadowedByLoopVar.ql failed the constraint of kind (was problem).
[2026-10-05 03:48:11] [SPAMMIER] resolve queries> Query Filter: /opt/hostedtoolcache/CodeQL/2.27.1/x64/codeql/qlpacks/codeql/python-queries/1.8.11/Imports/ModuleImportsItself.ql failed the constraint of kind (was problem).
[2026-10-05 03:48:11] [SPAMMIER] resolve queries> Query Filter: /opt/hostedtoolcache/CodeQL/2.27.1/x64/codeql/qlpacks/codeql/python-queries/1.8.11/Imports/Imports.ql failed the constraint of kind (was problem).
[2026-10-05 03:48:11] [SPAMMIER] resolve queries> Query Filter: /opt/hostedtoolcache/CodeQL/2.27.1/x64/codeql/qlpacks/codeql/python-queries/1.8.11/Imports/DeprecatedModule.ql failed the constraint of kind (was problem).
[2026-10-05 03:48:11] [SPAMMIER] resolve queries> Query Filter: /opt/hostedtoolcache/CodeQL/2.27.1/x64/codeql/qlpacks/codeql/python-queries/1.8.11/Imports/SyntaxError.ql failed the constraint of kind (was problem).
[2026-10-05 03:48:11] [SPAMMIER] resolve queries> Query Filter: /opt/hostedtoolcache/CodeQL/2.27.1/x64/codeql/qlpacks/codeql/python-queries/1.8.11/Imports/MultipleImports.ql failed the constraint of kind (was problem).
[2026-10-05 03:48:11] [SPAMMIER] resolve queries> Query Filter: /opt/hostedtoolcache/CodeQL/2.27.1/x64/codeql/qlpacks/codeql/python-queries/1.8.11/Imports/UnintentionalImport.ql failed the constraint of kind (was problem).
[2026-10-05 03:48:11] [SPAMMIER] resolve queries> Query Filter: /opt/hostedtoolcache/CodeQL/2.27.1/x64/codeql/qlpacks/codeql/python-queries/1.8.11/Imports/FromImportOfMutableAttribute.ql failed the constraint of kind (was problem).
[2026-10-05 03:48:11] [SPAMMIER] resolve queries> Query Filter: /opt/hostedtoolcache/CodeQL/2.27.1/x64/codeql/qlpacks/codeql/python-queries/1.8.11/Imports/UnusedImport.ql failed the constraint of kind (was problem).
[2026-10-05 03:48:11] [SPAMMIER] resolve queries> Query Filter: /opt/hostedtoolcache/CodeQL/2.27.1/x64/codeql/qlpacks/codeql/python-queries/1.8.11/Imports/EncodingError.ql failed the constraint of kind (was problem).
[2026-10-05 03:48:11] [SPAMMIER] resolve queries> Query Filter: /opt/hostedtoolcache/CodeQL/2.27.1/x64/codeql/qlpacks/codeql/python-queries/1.8.11/Classes/CallsToInitDel/SuperclassInitCalledMultipleTimes.ql failed the constraint of kind (was problem).
[2026-10-05 03:48:11] [SPAMMIER] resolve queries> Query Filter: /opt/hostedtoolcache/CodeQL/2.27.1/x64/codeql/qlpacks/codeql/python-queries/1.8.11/Classes/CallsToInitDel/MissingCallToDel.ql failed the constraint of kind (was problem).
[2026-10-05 03:48:11] [SPAMMIER] resolve queries> Query Filter: /opt/hostedtoolcache/CodeQL/2.27.1/x64/codeql/qlpacks/codeql/python-queries/1.8.11/Classes/CallsToInitDel/MissingCallToInit.ql failed the constraint of kind (was problem).
[2026-10-05 03:48:11] [SPAMMIER] resolve queries> Query Filter: /opt/hostedtoolcache/CodeQL/2.27.1/x64/codeql/qlpacks/codeql/python-queries/1.8.11/Classes/CallsToInitDel/SuperclassDelCalledMultipleTimes.ql failed the constraint of kind (was problem).
[2026-10-05 03:48:11] [SPAMMIER] resolve queries> Query Filter: /opt/hostedtoolcache/CodeQL/2.27.1/x64/codeql/qlpacks/codeql/python-queries/1.8.11/Classes/WrongNumberArgumentsInClassInstantiation.ql failed the constraint of kind (was problem).
[2026-10-05 03:48:11] [SPAMMIER] resolve queries> Query Filter: /opt/hostedtoolcache/CodeQL/2.27.1/x64/codeql/qlpacks/codeql/python-queries/1.8.11/Classes/DefineEqualsWhenAddingAttributes.ql failed the constraint of kind (was problem).
[2026-10-05 03:48:11] [SPAMMIER] resolve queries> Query Filter: /opt/hostedtoolcache/CodeQL/2.27.1/x64/codeql/qlpacks/codeql/python-queries/1.8.11/Classes/SubclassShadowing/SubclassShadowing.ql failed the constraint of kind (was problem).
[2026-10-05 03:48:11] [SPAMMIER] resolve queries> Query Filter: /opt/hostedtoolcache/CodeQL/2.27.1/x64/codeql/qlpacks/codeql/python-queries/1.8.11/Classes/OverwritingAttributeInSuperClass.ql failed the constraint of kind (was problem).
[2026-10-05 03:48:11] [SPAMMIER] resolve queries> Query Filter: /opt/hostedtoolcache/CodeQL/2.27.1/x64/codeql/qlpacks/codeql/python-queries/1.8.11/Classes/MutatingDescriptor.ql failed the constraint of kind (was problem).
[2026-10-05 03:48:11] [SPAMMIER] resolve queries> Query Filter: /opt/hostedtoolcache/CodeQL/2.27.1/x64/codeql/qlpacks/codeql/python-queries/1.8.11/Classes/ShouldBeContextManager.ql failed the constraint of kind (was problem).
[2026-10-05 03:48:11] [SPAMMIER] resolve queries> Query Filter: /opt/hostedtoolcache/CodeQL/2.27.1/x64/codeql/qlpacks/codeql/python-queries/1.8.11/Classes/InitCallsSubclass/InitCallsSubclassMethod.ql failed the constraint of kind (was problem).
[2026-10-05 03:48:11] [SPAMMIER] resolve queries> Query Filter: /opt/hostedtoolcache/CodeQL/2.27.1/x64/codeql/qlpacks/codeql/python-queries/1.8.11/Classes/InconsistentMRO.ql failed the constraint of kind (was problem).
[2026-10-05 03:48:11] [SPAMMIER] resolve queries> Query Filter: /opt/hostedtoolcache/CodeQL/2.27.1/x64/codeql/qlpacks/codeql/python-queries/1.8.11/Classes/UndefinedClassAttribute.ql failed the constraint of kind (was problem).
[2026-10-05 03:48:11] [SPAMMIER] resolve queries> Query Filter: /opt/hostedtoolcache/CodeQL/2.27.1/x64/codeql/qlpacks/codeql/python-queries/1.8.11/Classes/PropertyInOldStyleClass.ql failed the constraint of kind (was problem).
[2026-10-05 03:48:11] [SPAMMIER] resolve queries> Query Filter: /opt/hostedtoolcache/CodeQL/2.27.1/x64/codeql/qlpacks/codeql/python-queries/1.8.11/Classes/SuperInOldStyleClass.ql failed the constraint of kind (was problem).
[2026-10-05 03:48:11] [SPAMMIER] resolve queries> Query Filter: /opt/hostedtoolcache/CodeQL/2.27.1/x64/codeql/qlpacks/codeql/python-queries/1.8.11/Classes/Comparisons/EqualsOrNotEquals.ql failed the constraint of kind (was problem).
[2026-10-05 03:48:11] [SPAMMIER] resolve queries> Query Filter: /opt/hostedtoolcache/CodeQL/2.27.1/x64/codeql/qlpacks/codeql/python-queries/1.8.11/Classes/Comparisons/EqualsOrHash.ql failed the constraint of kind (was problem).
[2026-10-05 03:48:11] [SPAMMIER] resolve queries> Query Filter: /opt/hostedtoolcache/CodeQL/2.27.1/x64/codeql/qlpacks/codeql/python-queries/1.8.11/Classes/Comparisons/IncompleteOrdering.ql failed the constraint of kind (was problem).
[2026-10-05 03:48:11] [SPAMMIER] resolve queries> Query Filter: /opt/hostedtoolcache/CodeQL/2.27.1/x64/codeql/qlpacks/codeql/python-queries/1.8.11/Classes/SlotsInOldStyleClass.ql failed the constraint of kind (was problem).
[2026-10-05 03:48:11] [SPAMMIER] resolve queries> Query Filter: /opt/hostedtoolcache/CodeQL/2.27.1/x64/codeql/qlpacks/codeql/python-queries/1.8.11/Classes/ConflictingAttributesInBaseClasses.ql failed the constraint of kind (was problem).
[2026-10-05 03:48:11] [SPAMMIER] resolve queries> Query Filter: /opt/hostedtoolcache/CodeQL/2.27.1/x64/codeql/qlpacks/codeql/python-queries/1.8.11/Classes/MaybeUndefinedClassAttribute.ql failed the constraint of kind (was problem).
[2026-10-05 03:48:11] [SPAMMIER] resolve queries> Query Filter: /opt/hostedtoolcache/CodeQL/2.27.1/x64/codeql/qlpacks/codeql/python-queries/1.8.11/Classes/WrongNameForArgumentInClassInstantiation.ql failed the constraint of kind (was problem).
[2026-10-05 03:48:11] [SPAMMIER] resolve queries> Query Filter: /opt/hostedtoolcache/CodeQL/2.27.1/x64/codeql/qlpacks/codeql/python-queries/1.8.11/Classes/UselessClass.ql failed the constraint of kind (was problem).
[2026-10-05 03:48:11] [SPAMMIER] resolve queries> Query Filter: /opt/hostedtoolcache/CodeQL/2.27.1/x64/codeql/qlpacks/codeql/python-queries/1.8.11/Expressions/ExpectedMappingForFormatString.ql failed the constraint of kind (was problem).
[2026-10-05 03:48:11] [SPAMMIER] resolve queries> Query Filter: /opt/hostedtoolcache/CodeQL/2.27.1/x64/codeql/qlpacks/codeql/python-queries/1.8.11/Expressions/HashedButNoHash.ql failed the constraint of kind (was problem).
[2026-10-05 03:48:11] [SPAMMIER] resolve queries> Query Filter: /opt/hostedtoolcache/CodeQL/2.27.1/x64/codeql/qlpacks/codeql/python-queries/1.8.11/Expressions/UseofApply.ql failed the constraint of kind (was problem).
[2026-10-05 03:48:11] [SPAMMIER] resolve queries> Query Filter: /opt/hostedtoolcache/CodeQL/2.27.1/x64/codeql/qlpacks/codeql/python-queries/1.8.11/Expressions/NonPortableComparisonUsingIs.ql failed the constraint of kind (was problem).
[2026-10-05 03:48:11] [SPAMMIER] resolve queries> Query Filter: /opt/hostedtoolcache/CodeQL/2.27.1/x64/codeql/qlpacks/codeql/python-queries/1.8.11/Expressions/EqualsNone.ql failed the constraint of kind (was problem).
[2026-10-05 03:48:11] [SPAMMIER] resolve queries> Query Filter: /opt/hostedtoolcache/CodeQL/2.27.1/x64/codeql/qlpacks/codeql/python-queries/1.8.11/Expressions/UnintentionalImplicitStringConcatenation.ql failed the constraint of kind (was problem).
[2026-10-05 03:48:11] [SPAMMIER] resolve queries> Query Filter: /opt/hostedtoolcache/CodeQL/2.27.1/x64/codeql/qlpacks/codeql/python-queries/1.8.11/Expressions/WrongNameForArgumentInCall.ql failed the constraint of kind (was problem).
[2026-10-05 03:48:11] [SPAMMIER] resolve queries> Query Filter: /opt/hostedtoolcache/CodeQL/2.27.1/x64/codeql/qlpacks/codeql/python-queries/1.8.11/Expressions/WrongNumberArgumentsInCall.ql failed the constraint of kind (was problem).
[2026-10-05 03:48:11] [SPAMMIER] resolve queries> Query Filter: /opt/hostedtoolcache/CodeQL/2.27.1/x64/codeql/qlpacks/codeql/python-queries/1.8.11/Expressions/ContainsNonContainer.ql failed the constraint of kind (was problem).
[2026-10-05 03:48:11] [SPAMMIER] resolve queries> Query Filter: /opt/hostedtoolcache/CodeQL/2.27.1/x64/codeql/qlpacks/codeql/python-queries/1.8.11/Expressions/TruncatedDivision.ql failed the constraint of kind (was problem).
[2026-10-05 03:48:11] [SPAMMIER] resolve queries> Query Filter: /opt/hostedtoolcache/CodeQL/2.27.1/x64/codeql/qlpacks/codeql/python-queries/1.8.11/Expressions/WrongNumberArgumentsForFormat.ql failed the constraint of kind (was problem).
[2026-10-05 03:48:11] [SPAMMIER] resolve queries> Query Filter: /opt/hostedtoolcache/CodeQL/2.27.1/x64/codeql/qlpacks/codeql/python-queries/1.8.11/Expressions/Formatting/UnusedArgumentIn3101Format.ql failed the constraint of kind (was problem).
[2026-10-05 03:48:11] [SPAMMIER] resolve queries> Query Filter: /opt/hostedtoolcache/CodeQL/2.27.1/x64/codeql/qlpacks/codeql/python-queries/1.8.11/Expressions/Formatting/MixedExplicitImplicitIn3101Format.ql failed the constraint of kind (was problem).
[2026-10-05 03:48:11] [SPAMMIER] resolve queries> Query Filter: /opt/hostedtoolcache/CodeQL/2.27.1/x64/codeql/qlpacks/codeql/python-queries/1.8.11/Expressions/Formatting/WrongNumberArgumentsFor3101Format.ql failed the constraint of kind (was problem).
[2026-10-05 03:48:11] [SPAMMIER] resolve queries> Query Filter: /opt/hostedtoolcache/CodeQL/2.27.1/x64/codeql/qlpacks/codeql/python-queries/1.8.11/Expressions/Formatting/UnusedNamedArgumentIn3101Format.ql failed the constraint of kind (was problem).
[2026-10-05 03:48:11] [SPAMMIER] resolve queries> Query Filter: /opt/hostedtoolcache/CodeQL/2.27.1/x64/codeql/qlpacks/codeql/python-queries/1.8.11/Expressions/Formatting/WrongNameInArgumentsFor3101Format.ql failed the constraint of kind (was problem).
[2026-10-05 03:48:11] [SPAMMIER] resolve queries> Query Filter: /opt/hostedtoolcache/CodeQL/2.27.1/x64/codeql/qlpacks/codeql/python-queries/1.8.11/Expressions/IncorrectComparisonUsingIs.ql failed the constraint of kind (was problem).
[2026-10-05 03:48:11] [SPAMMIER] resolve queries> Query Filter: /opt/hostedtoolcache/CodeQL/2.27.1/x64/codeql/qlpacks/codeql/python-queries/1.8.11/Expressions/CompareIdenticalValuesMissingSelf.ql failed the constraint of kind (was problem).
[2026-10-05 03:48:11] [SPAMMIER] resolve queries> Query Filter: /opt/hostedtoolcache/CodeQL/2.27.1/x64/codeql/qlpacks/codeql/python-queries/1.8.11/Expressions/Comparisons/UselessComparisonTest.ql failed the constraint of kind (was problem).
[2026-10-05 03:48:11] [SPAMMIER] resolve queries> Query Filter: /opt/hostedtoolcache/CodeQL/2.27.1/x64/codeql/qlpacks/codeql/python-queries/1.8.11/Expressions/CallToSuperWrongClass.ql failed the constraint of kind (was problem).
[2026-10-05 03:48:11] [SPAMMIER] resolve queries> Query Filter: /opt/hostedtoolcache/CodeQL/2.27.1/x64/codeql/qlpacks/codeql/python-queries/1.8.11/Expressions/CompareConstants.ql failed the constraint of kind (was problem).
[2026-10-05 03:48:11] [SPAMMIER] resolve queries> Query Filter: /opt/hostedtoolcache/CodeQL/2.27.1/x64/codeql/qlpacks/codeql/python-queries/1.8.11/Expressions/UnsupportedFormatCharacter.ql failed the constraint of kind (was problem).
[2026-10-05 03:48:11] [SPAMMIER] resolve queries> Query Filter: /opt/hostedtoolcache/CodeQL/2.27.1/x64/codeql/qlpacks/codeql/python-queries/1.8.11/Expressions/CompareIdenticalValues.ql failed the constraint of kind (was problem).
[2026-10-05 03:48:11] [SPAMMIER] resolve queries> Query Filter: /opt/hostedtoolcache/CodeQL/2.27.1/x64/codeql/qlpacks/codeql/python-queries/1.8.11/Expressions/Regex/UnmatchableDollar.ql failed the constraint of kind (was problem).
[2026-10-05 03:48:11] [SPAMMIER] resolve queries> Query Filter: /opt/hostedtoolcache/CodeQL/2.27.1/x64/codeql/qlpacks/codeql/python-queries/1.8.11/Expressions/Regex/BackspaceEscape.ql failed the constraint of kind (was problem).
[2026-10-05 03:48:11] [SPAMMIER] resolve queries> Query Filter: /opt/hostedtoolcache/CodeQL/2.27.1/x64/codeql/qlpacks/codeql/python-queries/1.8.11/Expressions/Regex/UnmatchableCaret.ql failed the constraint of kind (was problem).
[2026-10-05 03:48:11] [SPAMMIER] resolve queries> Query Filter: /opt/hostedtoolcache/CodeQL/2.27.1/x64/codeql/qlpacks/codeql/python-queries/1.8.11/Expressions/Regex/MissingPartSpecialGroup.ql failed the constraint of kind (was problem).
[2026-10-05 03:48:11] [SPAMMIER] resolve queries> Query Filter: /opt/hostedtoolcache/CodeQL/2.27.1/x64/codeql/qlpacks/codeql/python-queries/1.8.11/Expressions/Regex/DuplicateCharacterInSet.ql failed the constraint of kind (was problem).
[2026-10-05 03:48:11] [SPAMMIER] resolve queries> Query Filter: /opt/hostedtoolcache/CodeQL/2.27.1/x64/codeql/qlpacks/codeql/python-queries/1.8.11/Expressions/UnnecessaryLambda.ql failed the constraint of kind (was problem).
[2026-10-05 03:48:11] [SPAMMIER] resolve queries> Query Filter: /opt/hostedtoolcache/CodeQL/2.27.1/x64/codeql/qlpacks/codeql/python-queries/1.8.11/Expressions/DuplicateKeyInDictionaryLiteral.ql failed the constraint of kind (was problem).
[2026-10-05 03:48:11] [SPAMMIER] resolve queries> Query Filter: /opt/hostedtoolcache/CodeQL/2.27.1/x64/codeql/qlpacks/codeql/python-queries/1.8.11/Expressions/ExplicitCallToDel.ql failed the constraint of kind (was problem).
[2026-10-05 03:48:11] [SPAMMIER] resolve queries> Query Filter: /opt/hostedtoolcache/CodeQL/2.27.1/x64/codeql/qlpacks/codeql/python-queries/1.8.11/Expressions/NonCallableCalled.ql failed the constraint of kind (was problem).
[2026-10-05 03:48:11] [SPAMMIER] resolve queries> Query Filter: /opt/hostedtoolcache/CodeQL/2.27.1/x64/codeql/qlpacks/codeql/python-queries/1.8.11/external/DuplicateBlock.ql failed the constraint of kind (was problem).
[2026-10-05 03:48:11] [SPAMMIER] resolve queries> Query Filter: /opt/hostedtoolcache/CodeQL/2.27.1/x64/codeql/qlpacks/codeql/python-queries/1.8.11/external/SimilarFunction.ql failed the constraint of kind (was problem).
[2026-10-05 03:48:11] [SPAMMIER] resolve queries> Query Filter: /opt/hostedtoolcache/CodeQL/2.27.1/x64/codeql/qlpacks/codeql/python-queries/1.8.11/external/MostlyDuplicateFile.ql failed the constraint of kind (was problem).
[2026-10-05 03:48:11] [SPAMMIER] resolve queries> Query Filter: /opt/hostedtoolcache/CodeQL/2.27.1/x64/codeql/qlpacks/codeql/python-queries/1.8.11/external/MostlySimilarFile.ql failed the constraint of kind (was problem).
[2026-10-05 03:48:11] [SPAMMIER] resolve queries> Query Filter: /opt/hostedtoolcache/CodeQL/2.27.1/x64/codeql/qlpacks/codeql/python-queries/1.8.11/external/DuplicateFunction.ql failed the constraint of kind (was problem).
[2026-10-05 03:48:11] [SPAMMIER] resolve queries> Query Filter: /opt/hostedtoolcache/CodeQL/2.27.1/x64/codeql/qlpacks/codeql/python-queries/1.8.11/external/MostlyDuplicateClass.ql failed the constraint of kind (was problem).
[2026-10-05 03:48:11] [SPAMMIER] resolve queries> Query Filter: /opt/hostedtoolcache/CodeQL/2.27.1/x64/codeql/qlpacks/codeql/python-queries/1.8.11/Functions/IncorrectlyOverriddenMethod.ql failed the constraint of kind (was problem).
[2026-10-05 03:48:11] [SPAMMIER] resolve queries> Query Filter: /opt/hostedtoolcache/CodeQL/2.27.1/x64/codeql/qlpacks/codeql/python-queries/1.8.11/Functions/IterReturnsNonSelf.ql failed the constraint of kind (was problem).
[2026-10-05 03:48:11] [SPAMMIER] resolve queries> Query Filter: /opt/hostedtoolcache/CodeQL/2.27.1/x64/codeql/qlpacks/codeql/python-queries/1.8.11/Functions/ReturnValueIgnored.ql failed the constraint of kind (was problem).
[2026-10-05 03:48:11] [SPAMMIER] resolve queries> Query Filter: /opt/hostedtoolcache/CodeQL/2.27.1/x64/codeql/qlpacks/codeql/python-queries/1.8.11/Functions/IncorrectlySpecifiedOverriddenMethod.ql failed the constraint of kind (was problem).
[2026-10-05 03:48:11] [SPAMMIER] resolve queries> Query Filter: /opt/hostedtoolcache/CodeQL/2.27.1/x64/codeql/qlpacks/codeql/python-queries/1.8.11/Functions/DeprecatedSliceMethod.ql failed the constraint of kind (was problem).
[2026-10-05 03:48:11] [SPAMMIER] resolve queries> Query Filter: /opt/hostedtoolcache/CodeQL/2.27.1/x64/codeql/qlpacks/codeql/python-queries/1.8.11/Functions/InitIsGenerator.ql failed the constraint of kind (was problem).
[2026-10-05 03:48:11] [SPAMMIER] resolve queries> Query Filter: /opt/hostedtoolcache/CodeQL/2.27.1/x64/codeql/qlpacks/codeql/python-queries/1.8.11/Functions/NonSelf.ql failed the constraint of kind (was problem).
[2026-10-05 03:48:11] [SPAMMIER] resolve queries> Query Filter: /opt/hostedtoolcache/CodeQL/2.27.1/x64/codeql/qlpacks/codeql/python-queries/1.8.11/Functions/IterReturnsNonIterator.ql failed the constraint of kind (was problem).
[2026-10-05 03:48:11] [SPAMMIER] resolve queries> Query Filter: /opt/hostedtoolcache/CodeQL/2.27.1/x64/codeql/qlpacks/codeql/python-queries/1.8.11/Functions/IncorrectRaiseInSpecialMethod.ql failed the constraint of kind (was problem).
[2026-10-05 03:48:11] [SPAMMIER] resolve queries> Query Filter: /opt/hostedtoolcache/CodeQL/2.27.1/x64/codeql/qlpacks/codeql/python-queries/1.8.11/Functions/UseImplicitNoneReturnValue.ql failed the constraint of kind (was problem).
[2026-10-05 03:48:11] [SPAMMIER] resolve queries> Query Filter: /opt/hostedtoolcache/CodeQL/2.27.1/x64/codeql/qlpacks/codeql/python-queries/1.8.11/Functions/OverlyComplexDelMethod.ql failed the constraint of kind (was problem).
[2026-10-05 03:48:11] [SPAMMIER] resolve queries> Query Filter: /opt/hostedtoolcache/CodeQL/2.27.1/x64/codeql/qlpacks/codeql/python-queries/1.8.11/Functions/ModificationOfParameterWithDefault.ql failed the constraint of kind (was path-problem).
[2026-10-05 03:48:11] [SPAMMIER] resolve queries> Query Filter: /opt/hostedtoolcache/CodeQL/2.27.1/x64/codeql/qlpacks/codeql/python-queries/1.8.11/Functions/SignatureOverriddenMethod.ql failed the constraint of kind (was problem).
[2026-10-05 03:48:11] [SPAMMIER] resolve queries> Query Filter: /opt/hostedtoolcache/CodeQL/2.27.1/x64/codeql/qlpacks/codeql/python-queries/1.8.11/Functions/ExplicitReturnInInit.ql failed the constraint of kind (was problem).
[2026-10-05 03:48:11] [SPAMMIER] resolve queries> Query Filter: /opt/hostedtoolcache/CodeQL/2.27.1/x64/codeql/qlpacks/codeql/python-queries/1.8.11/Functions/SignatureSpecialMethods.ql failed the constraint of kind (was problem).
[2026-10-05 03:48:11] [SPAMMIER] resolve queries> Query Filter: /opt/hostedtoolcache/CodeQL/2.27.1/x64/codeql/qlpacks/codeql/python-queries/1.8.11/Functions/ReturnConsistentTupleSizes.ql failed the constraint of kind (was problem).
[2026-10-05 03:48:11] [SPAMMIER] resolve queries> Query Filter: /opt/hostedtoolcache/CodeQL/2.27.1/x64/codeql/qlpacks/codeql/python-queries/1.8.11/Functions/ConsistentReturns.ql failed the constraint of kind (was problem).
[2026-10-05 03:48:11] [SPAMMIER] resolve queries> Query Filter: /opt/hostedtoolcache/CodeQL/2.27.1/x64/codeql/qlpacks/codeql/python-queries/1.8.11/Functions/NonCls.ql failed the constraint of kind (was problem).
[2026-10-05 03:48:11] [SPAMMIER] resolve queries> Query Filter: /opt/hostedtoolcache/CodeQL/2.27.1/x64/codeql/qlpacks/codeql/python-queries/1.8.11/utils/modeleditor/FrameworkModeEndpoints.ql failed the constraint of kind (was table).
[2026-10-05 03:48:11] [SPAMMIER] resolve queries> Query Filter: /opt/hostedtoolcache/CodeQL/2.27.1/x64/codeql/qlpacks/codeql/python-queries/1.8.11/Statements/SideEffectInAssert.ql failed the constraint of kind (was problem).
[2026-10-05 03:48:11] [SPAMMIER] resolve queries> Query Filter: /opt/hostedtoolcache/CodeQL/2.27.1/x64/codeql/qlpacks/codeql/python-queries/1.8.11/Statements/StringConcatenationInLoop.ql failed the constraint of kind (was problem).
[2026-10-05 03:48:11] [SPAMMIER] resolve queries> Query Filter: /opt/hostedtoolcache/CodeQL/2.27.1/x64/codeql/qlpacks/codeql/python-queries/1.8.11/Statements/AssertLiteralConstant.ql failed the constraint of kind (was problem).
[2026-10-05 03:48:11] [SPAMMIER] resolve queries> Query Filter: /opt/hostedtoolcache/CodeQL/2.27.1/x64/codeql/qlpacks/codeql/python-queries/1.8.11/Statements/TopLevelPrint.ql failed the constraint of kind (was problem).
[2026-10-05 03:48:11] [SPAMMIER] resolve queries> Query Filter: /opt/hostedtoolcache/CodeQL/2.27.1/x64/codeql/qlpacks/codeql/python-queries/1.8.11/Statements/NonIteratorInForLoop.ql failed the constraint of kind (was problem).
[2026-10-05 03:48:11] [SPAMMIER] resolve queries> Query Filter: /opt/hostedtoolcache/CodeQL/2.27.1/x64/codeql/qlpacks/codeql/python-queries/1.8.11/Statements/AssertOnTuple.ql failed the constraint of kind (was problem).
[2026-10-05 03:48:11] [SPAMMIER] resolve queries> Query Filter: /opt/hostedtoolcache/CodeQL/2.27.1/x64/codeql/qlpacks/codeql/python-queries/1.8.11/Statements/StatementNoEffect.ql failed the constraint of kind (was problem).
[2026-10-05 03:48:11] [SPAMMIER] resolve queries> Query Filter: /opt/hostedtoolcache/CodeQL/2.27.1/x64/codeql/qlpacks/codeql/python-queries/1.8.11/Statements/NestedLoopsSameVariableWithReuse.ql failed the constraint of kind (was problem).
[2026-10-05 03:48:11] [SPAMMIER] resolve queries> Query Filter: /opt/hostedtoolcache/CodeQL/2.27.1/x64/codeql/qlpacks/codeql/python-queries/1.8.11/Statements/UseOfExit.ql failed the constraint of kind (was problem).
[2026-10-05 03:48:11] [SPAMMIER] resolve queries> Query Filter: /opt/hostedtoolcache/CodeQL/2.27.1/x64/codeql/qlpacks/codeql/python-queries/1.8.11/Statements/BreakOrReturnInFinally.ql failed the constraint of kind (was problem).
[2026-10-05 03:48:11] [SPAMMIER] resolve queries> Query Filter: /opt/hostedtoolcache/CodeQL/2.27.1/x64/codeql/qlpacks/codeql/python-queries/1.8.11/Statements/C_StyleParentheses.ql failed the constraint of kind (was problem).
[2026-10-05 03:48:11] [SPAMMIER] resolve queries> Query Filter: /opt/hostedtoolcache/CodeQL/2.27.1/x64/codeql/qlpacks/codeql/python-queries/1.8.11/Statements/IterableStringOrSequence.ql failed the constraint of kind (was problem).
[2026-10-05 03:48:11] [SPAMMY] resolve queries> Query Filter: Excluding by constraints deprecated=//.
[2026-10-05 03:48:11] [SPAMMIER] resolve queries> Query Filter: /opt/hostedtoolcache/CodeQL/2.27.1/x64/codeql/qlpacks/codeql/python-queries/1.8.11/Expressions/UseofInput.ql failed the constraint of deprecated (not present).
[2026-10-05 03:48:11] [SPAMMIER] resolve queries> Query Filter: /opt/hostedtoolcache/CodeQL/2.27.1/x64/codeql/qlpacks/codeql/python-queries/1.8.11/experimental/Security/CWE-208/TimingAttackAgainstHeaderValue/TimingAttackAgainstHeaderValue.ql failed the constraint of deprecated (not present).
[2026-10-05 03:48:11] [SPAMMIER] resolve queries> Query Filter: /opt/hostedtoolcache/CodeQL/2.27.1/x64/codeql/qlpacks/codeql/python-queries/1.8.11/experimental/Security/CWE-022bis/TarSlipImprov.ql failed the constraint of deprecated (not present).
[2026-10-05 03:48:11] [SPAMMIER] resolve queries> Query Filter: /opt/hostedtoolcache/CodeQL/2.27.1/x64/codeql/qlpacks/codeql/python-queries/1.8.11/experimental/Security/CWE-022/ZipSlip.ql failed the constraint of deprecated (not present).
[2026-10-05 03:48:11] [SPAMMIER] resolve queries> Query Filter: /opt/hostedtoolcache/CodeQL/2.27.1/x64/codeql/qlpacks/codeql/python-queries/1.8.11/experimental/Security/CWE-094/Js2Py.ql failed the constraint of deprecated (not present).
[2026-10-05 03:48:11] [SPAMMIER] resolve queries> Query Filter: /opt/hostedtoolcache/CodeQL/2.27.1/x64/codeql/qlpacks/codeql/python-queries/1.8.11/experimental/Security/CWE-942/CorsMisconfigurationMiddleware.ql failed the constraint of deprecated (not present).
[2026-10-05 03:48:11] [SPAMMIER] resolve queries> Query Filter: /opt/hostedtoolcache/CodeQL/2.27.1/x64/codeql/qlpacks/codeql/python-queries/1.8.11/experimental/Security/CWE-338/InsecureRandomness.ql failed the constraint of deprecated (not present).
[2026-10-05 03:48:11] [SPAMMIER] resolve queries> Query Filter: /opt/hostedtoolcache/CodeQL/2.27.1/x64/codeql/qlpacks/codeql/python-queries/1.8.11/experimental/Security/CWE-770/UnicodeDoS.ql failed the constraint of deprecated (not present).
[2026-10-05 03:48:11] [SPAMMIER] resolve queries> Query Filter: /opt/hostedtoolcache/CodeQL/2.27.1/x64/codeql/qlpacks/codeql/python-queries/1.8.11/experimental/Security/CWE-611/SimpleXmlRpcServer.ql failed the constraint of deprecated (not present).
[2026-10-05 03:48:11] [SPAMMIER] resolve queries> Query Filter: /opt/hostedtoolcache/CodeQL/2.27.1/x64/codeql/qlpacks/codeql/python-queries/1.8.11/experimental/Security/CWE-176/UnicodeBypassValidation.ql failed the constraint of deprecated (not present).
[2026-10-05 03:48:11] [SPAMMIER] resolve queries> Query Filter: /opt/hostedtoolcache/CodeQL/2.27.1/x64/codeql/qlpacks/codeql/python-queries/1.8.11/experimental/Security/CWE-287-ConstantSecretKey/WebAppConstantSecretKey.ql failed the constraint of deprecated (not present).
[2026-10-05 03:48:11] [SPAMMIER] resolve queries> Query Filter: /opt/hostedtoolcache/CodeQL/2.27.1/x64/codeql/qlpacks/codeql/python-queries/1.8.11/experimental/Security/CWE-1427/PromptInjection.ql failed the constraint of deprecated (not present).
[2026-10-05 03:48:11] [SPAMMIER] resolve queries> Query Filter: /opt/hostedtoolcache/CodeQL/2.27.1/x64/codeql/qlpacks/codeql/python-queries/1.8.11/experimental/Security/CWE-348/ClientSuppliedIpUsedInSecurityCheck.ql failed the constraint of deprecated (not present).
[2026-10-05 03:48:11] [SPAMMIER] resolve queries> Query Filter: /opt/hostedtoolcache/CodeQL/2.27.1/x64/codeql/qlpacks/codeql/python-queries/1.8.11/experimental/Security/CWE-074/remoteCommandExecution/RemoteCommandExecution.ql failed the constraint of deprecated (not present).
[2026-10-05 03:48:11] [SPAMMIER] resolve queries> Query Filter: /opt/hostedtoolcache/CodeQL/2.27.1/x64/codeql/qlpacks/codeql/python-queries/1.8.11/experimental/Security/CWE-091/XsltInjection.ql failed the constraint of deprecated (not present).
[2026-10-05 03:48:11] [SPAMMIER] resolve queries> Query Filter: /opt/hostedtoolcache/CodeQL/2.27.1/x64/codeql/qlpacks/codeql/python-queries/1.8.11/experimental/Security/CWE-409/DecompressionBombs.ql failed the constraint of deprecated (not present).
[2026-10-05 03:48:11] [SPAMMIER] resolve queries> Query Filter: /opt/hostedtoolcache/CodeQL/2.27.1/x64/codeql/qlpacks/codeql/python-queries/1.8.11/Security/CWE-918/FullServerSideRequestForgery.ql failed the constraint of deprecated (not present).
[2026-10-05 03:48:11] [SPAMMIER] resolve queries> Query Filter: /opt/hostedtoolcache/CodeQL/2.27.1/x64/codeql/qlpacks/codeql/python-queries/1.8.11/Security/CWE-079/ReflectedXss.ql failed the constraint of deprecated (not present).
[2026-10-05 03:48:11] [SPAMMIER] resolve queries> Query Filter: /opt/hostedtoolcache/CodeQL/2.27.1/x64/codeql/qlpacks/codeql/python-queries/1.8.11/Security/CWE-326/WeakCryptoKey.ql failed the constraint of deprecated (not present).
[2026-10-05 03:48:11] [SPAMMIER] resolve queries> Query Filter: /opt/hostedtoolcache/CodeQL/2.27.1/x64/codeql/qlpacks/codeql/python-queries/1.8.11/Security/CWE-022/PathInjection.ql failed the constraint of deprecated (not present).
[2026-10-05 03:48:11] [SPAMMIER] resolve queries> Query Filter: /opt/hostedtoolcache/CodeQL/2.27.1/x64/codeql/qlpacks/codeql/python-queries/1.8.11/Security/CWE-116/BadTagFilter.ql failed the constraint of deprecated (not present).
[2026-10-05 03:48:11] [SPAMMIER] resolve queries> Query Filter: /opt/hostedtoolcache/CodeQL/2.27.1/x64/codeql/qlpacks/codeql/python-queries/1.8.11/Security/CWE-943/NoSqlInjection.ql failed the constraint of deprecated (not present).
[2026-10-05 03:48:11] [SPAMMIER] resolve queries> Query Filter: /opt/hostedtoolcache/CodeQL/2.27.1/x64/codeql/qlpacks/codeql/python-queries/1.8.11/Security/CWE-209/StackTraceExposure.ql failed the constraint of deprecated (not present).
[2026-10-05 03:48:11] [SPAMMIER] resolve queries> Query Filter: /opt/hostedtoolcache/CodeQL/2.27.1/x64/codeql/qlpacks/codeql/python-queries/1.8.11/Security/CWE-643/XpathInjection.ql failed the constraint of deprecated (not present).
[2026-10-05 03:48:11] [SPAMMIER] resolve queries> Query Filter: /opt/hostedtoolcache/CodeQL/2.27.1/x64/codeql/qlpacks/codeql/python-queries/1.8.11/Security/CWE-094/CodeInjection.ql failed the constraint of deprecated (not present).
[2026-10-05 03:48:11] [SPAMMIER] resolve queries> Query Filter: /opt/hostedtoolcache/CodeQL/2.27.1/x64/codeql/qlpacks/codeql/python-queries/1.8.11/Security/CWE-377/InsecureTemporaryFile.ql failed the constraint of deprecated (not present).
[2026-10-05 03:48:11] [SPAMMIER] resolve queries> Query Filter: /opt/hostedtoolcache/CodeQL/2.27.1/x64/codeql/qlpacks/codeql/python-queries/1.8.11/Security/CWE-730/PolynomialReDoS.ql failed the constraint of deprecated (not present).
[2026-10-05 03:48:11] [SPAMMIER] resolve queries> Query Filter: /opt/hostedtoolcache/CodeQL/2.27.1/x64/codeql/qlpacks/codeql/python-queries/1.8.11/Security/CWE-730/ReDoS.ql failed the constraint of deprecated (not present).
[2026-10-05 03:48:11] [SPAMMIER] resolve queries> Query Filter: /opt/hostedtoolcache/CodeQL/2.27.1/x64/codeql/qlpacks/codeql/python-queries/1.8.11/Security/CWE-730/RegexInjection.ql failed the constraint of deprecated (not present).
[2026-10-05 03:48:11] [SPAMMIER] resolve queries> Query Filter: /opt/hostedtoolcache/CodeQL/2.27.1/x64/codeql/qlpacks/codeql/python-queries/1.8.11/Security/CWE-295/MissingHostKeyValidation.ql failed the constraint of deprecated (not present).
[2026-10-05 03:48:11] [SPAMMIER] resolve queries> Query Filter: /opt/hostedtoolcache/CodeQL/2.27.1/x64/codeql/qlpacks/codeql/python-queries/1.8.11/Security/CWE-601/UrlRedirect.ql failed the constraint of deprecated (not present).
[2026-10-05 03:48:11] [SPAMMIER] resolve queries> Query Filter: /opt/hostedtoolcache/CodeQL/2.27.1/x64/codeql/qlpacks/codeql/python-queries/1.8.11/Security/CWE-611/Xxe.ql failed the constraint of deprecated (not present).
[2026-10-05 03:48:11] [SPAMMIER] resolve queries> Query Filter: /opt/hostedtoolcache/CodeQL/2.27.1/x64/codeql/qlpacks/codeql/python-queries/1.8.11/Security/CWE-1275/SameSiteNoneCookie.ql failed the constraint of deprecated (not present).
[2026-10-05 03:48:11] [SPAMMIER] resolve queries> Query Filter: /opt/hostedtoolcache/CodeQL/2.27.1/x64/codeql/qlpacks/codeql/python-queries/1.8.11/Security/CWE-352/CSRFProtectionDisabled.ql failed the constraint of deprecated (not present).
[2026-10-05 03:48:11] [SPAMMIER] resolve queries> Query Filter: /opt/hostedtoolcache/CodeQL/2.27.1/x64/codeql/qlpacks/codeql/python-queries/1.8.11/Security/CWE-312/CleartextStorage.ql failed the constraint of deprecated (not present).
[2026-10-05 03:48:11] [SPAMMIER] resolve queries> Query Filter: /opt/hostedtoolcache/CodeQL/2.27.1/x64/codeql/qlpacks/codeql/python-queries/1.8.11/Security/CWE-312/CleartextLogging.ql failed the constraint of deprecated (not present).
[2026-10-05 03:48:11] [SPAMMIER] resolve queries> Query Filter: /opt/hostedtoolcache/CodeQL/2.27.1/x64/codeql/qlpacks/codeql/python-queries/1.8.11/Security/CWE-776/XmlBomb.ql failed the constraint of deprecated (not present).
[2026-10-05 03:48:11] [SPAMMIER] resolve queries> Query Filter: /opt/hostedtoolcache/CodeQL/2.27.1/x64/codeql/qlpacks/codeql/python-queries/1.8.11/Security/CWE-1004/NonHttpOnlyCookie.ql failed the constraint of deprecated (not present).
[2026-10-05 03:48:11] [SPAMMIER] resolve queries> Query Filter: /opt/hostedtoolcache/CodeQL/2.27.1/x64/codeql/qlpacks/codeql/python-queries/1.8.11/Security/CWE-502/UnsafeDeserialization.ql failed the constraint of deprecated (not present).
[2026-10-05 03:48:11] [SPAMMIER] resolve queries> Query Filter: /opt/hostedtoolcache/CodeQL/2.27.1/x64/codeql/qlpacks/codeql/python-queries/1.8.11/Security/CWE-089/SqlInjection.ql failed the constraint of deprecated (not present).
[2026-10-05 03:48:11] [SPAMMIER] resolve queries> Query Filter: /opt/hostedtoolcache/CodeQL/2.27.1/x64/codeql/qlpacks/codeql/python-queries/1.8.11/Security/CVE-2018-1281/BindToAllInterfaces.ql failed the constraint of deprecated (not present).
[2026-10-05 03:48:11] [SPAMMIER] resolve queries> Query Filter: /opt/hostedtoolcache/CodeQL/2.27.1/x64/codeql/qlpacks/codeql/python-queries/1.8.11/Security/CWE-078/CommandInjection.ql failed the constraint of deprecated (not present).
[2026-10-05 03:48:11] [SPAMMIER] resolve queries> Query Filter: /opt/hostedtoolcache/CodeQL/2.27.1/x64/codeql/qlpacks/codeql/python-queries/1.8.11/Security/CWE-074/TemplateInjection.ql failed the constraint of deprecated (not present).
[2026-10-05 03:48:11] [SPAMMIER] resolve queries> Query Filter: /opt/hostedtoolcache/CodeQL/2.27.1/x64/codeql/qlpacks/codeql/python-queries/1.8.11/Security/CWE-215/FlaskDebug.ql failed the constraint of deprecated (not present).
[2026-10-05 03:48:11] [SPAMMIER] resolve queries> Query Filter: /opt/hostedtoolcache/CodeQL/2.27.1/x64/codeql/qlpacks/codeql/python-queries/1.8.11/Security/CWE-090/LdapInjection.ql failed the constraint of deprecated (not present).
[2026-10-05 03:48:11] [SPAMMIER] resolve queries> Query Filter: /opt/hostedtoolcache/CodeQL/2.27.1/x64/codeql/qlpacks/codeql/python-queries/1.8.11/Security/CWE-327/WeakSensitiveDataHashing.ql failed the constraint of deprecated (not present).
[2026-10-05 03:48:11] [SPAMMIER] resolve queries> Query Filter: /opt/hostedtoolcache/CodeQL/2.27.1/x64/codeql/qlpacks/codeql/python-queries/1.8.11/Security/CWE-327/InsecureProtocol.ql failed the constraint of deprecated (not present).
[2026-10-05 03:48:11] [SPAMMIER] resolve queries> Query Filter: /opt/hostedtoolcache/CodeQL/2.27.1/x64/codeql/qlpacks/codeql/python-queries/1.8.11/Security/CWE-327/BrokenCryptoAlgorithm.ql failed the constraint of deprecated (not present).
[2026-10-05 03:48:11] [SPAMMIER] resolve queries> Query Filter: /opt/hostedtoolcache/CodeQL/2.27.1/x64/codeql/qlpacks/codeql/python-queries/1.8.11/Security/CWE-327/InsecureDefaultProtocol.ql failed the constraint of deprecated (not present).
[2026-10-05 03:48:11] [SPAMMIER] resolve queries> Query Filter: /opt/hostedtoolcache/CodeQL/2.27.1/x64/codeql/qlpacks/codeql/python-queries/1.8.11/Security/CWE-614/InsecureCookie.ql failed the constraint of deprecated (not present).
[2026-10-05 03:48:11] [SPAMMIER] resolve queries> Query Filter: /opt/hostedtoolcache/CodeQL/2.27.1/x64/codeql/qlpacks/codeql/python-queries/1.8.11/Security/CWE-285/PamAuthorization.ql failed the constraint of deprecated (not present).
[2026-10-05 03:48:11] [SPAMMIER] resolve queries> Query Filter: /opt/hostedtoolcache/CodeQL/2.27.1/x64/codeql/qlpacks/codeql/python-queries/1.8.11/Security/CWE-020/IncompleteUrlSubstringSanitization.ql failed the constraint of deprecated (not present).
[2026-10-05 03:48:11] [SPAMMIER] resolve queries> Query Filter: /opt/hostedtoolcache/CodeQL/2.27.1/x64/codeql/qlpacks/codeql/python-queries/1.8.11/Security/CWE-020/IncompleteHostnameRegExp.ql failed the constraint of deprecated (not present).
[2026-10-05 03:48:11] [SPAMMIER] resolve queries> Query Filter: /opt/hostedtoolcache/CodeQL/2.27.1/x64/codeql/qlpacks/codeql/python-queries/1.8.11/Security/CWE-020/OverlyLargeRange.ql failed the constraint of deprecated (not present).
[2026-10-05 03:48:11] [SPAMMIER] resolve queries> Query Filter: /opt/hostedtoolcache/CodeQL/2.27.1/x64/codeql/qlpacks/codeql/python-queries/1.8.11/Security/CWE-020/CookieInjection.ql failed the constraint of deprecated (not present).
[2026-10-05 03:48:11] [SPAMMIER] resolve queries> Query Filter: /opt/hostedtoolcache/CodeQL/2.27.1/x64/codeql/qlpacks/codeql/python-queries/1.8.11/Security/CWE-113/HeaderInjection.ql failed the constraint of deprecated (not present).
[2026-10-05 03:48:11] [SPAMMIER] resolve queries> Query Filter: /opt/hostedtoolcache/CodeQL/2.27.1/x64/codeql/qlpacks/codeql/python-queries/1.8.11/Diagnostics/ExtractionWarnings.ql failed the constraint of deprecated (not present).
[2026-10-05 03:48:11] [SPAMMIER] resolve queries> Query Filter: /opt/hostedtoolcache/CodeQL/2.27.1/x64/codeql/qlpacks/codeql/python-queries/1.8.11/Diagnostics/ExtractedFiles.ql failed the constraint of deprecated (not present).
[2026-10-05 03:48:11] [SPAMMIER] resolve queries> Query Filter: /opt/hostedtoolcache/CodeQL/2.27.1/x64/codeql/qlpacks/codeql/python-queries/1.8.11/Summary/LinesOfUserCode.ql failed the constraint of deprecated (not present).
[2026-10-05 03:48:11] [SPAMMIER] resolve queries> Query Filter: /opt/hostedtoolcache/CodeQL/2.27.1/x64/codeql/qlpacks/codeql/python-queries/1.8.11/Summary/LinesOfCode.ql failed the constraint of deprecated (not present).
[2026-10-05 03:48:11] [SPAMMIER] resolve queries> Resolution instruction: exclude.
[2026-10-05 03:48:11] [SPAMMY] resolve queries> Query Filter: Excluding by constraints query path=/^experimental\/.*/|Metrics/Summaries/FrameworkCoverage.ql|/Diagnostics/Internal/.*/.
[2026-10-05 03:48:11] [SPAMMIER] resolve queries> Query Filter: /opt/hostedtoolcache/CodeQL/2.27.1/x64/codeql/qlpacks/codeql/python-queries/1.8.11/Expressions/UseofInput.ql failed the constraint of query path (was Expressions/UseofInput.ql).
[2026-10-05 03:48:11] [SPAMMY] resolve queries> Query Filter: Excluding /opt/hostedtoolcache/CodeQL/2.27.1/x64/codeql/qlpacks/codeql/python-queries/1.8.11/experimental/Security/CWE-208/TimingAttackAgainstHeaderValue/TimingAttackAgainstHeaderValue.ql.
[2026-10-05 03:48:11] [SPAMMY] resolve queries> Query Filter: Excluding /opt/hostedtoolcache/CodeQL/2.27.1/x64/codeql/qlpacks/codeql/python-queries/1.8.11/experimental/Security/CWE-022bis/TarSlipImprov.ql.
[2026-10-05 03:48:11] [SPAMMY] resolve queries> Query Filter: Excluding /opt/hostedtoolcache/CodeQL/2.27.1/x64/codeql/qlpacks/codeql/python-queries/1.8.11/experimental/Security/CWE-022/ZipSlip.ql.
[2026-10-05 03:48:11] [SPAMMY] resolve queries> Query Filter: Excluding /opt/hostedtoolcache/CodeQL/2.27.1/x64/codeql/qlpacks/codeql/python-queries/1.8.11/experimental/Security/CWE-094/Js2Py.ql.
[2026-10-05 03:48:11] [SPAMMY] resolve queries> Query Filter: Excluding /opt/hostedtoolcache/CodeQL/2.27.1/x64/codeql/qlpacks/codeql/python-queries/1.8.11/experimental/Security/CWE-942/CorsMisconfigurationMiddleware.ql.
[2026-10-05 03:48:11] [SPAMMY] resolve queries> Query Filter: Excluding /opt/hostedtoolcache/CodeQL/2.27.1/x64/codeql/qlpacks/codeql/python-queries/1.8.11/experimental/Security/CWE-338/InsecureRandomness.ql.
[2026-10-05 03:48:11] [SPAMMY] resolve queries> Query Filter: Excluding /opt/hostedtoolcache/CodeQL/2.27.1/x64/codeql/qlpacks/codeql/python-queries/1.8.11/experimental/Security/CWE-770/UnicodeDoS.ql.
[2026-10-05 03:48:11] [SPAMMY] resolve queries> Query Filter: Excluding /opt/hostedtoolcache/CodeQL/2.27.1/x64/codeql/qlpacks/codeql/python-queries/1.8.11/experimental/Security/CWE-611/SimpleXmlRpcServer.ql.
[2026-10-05 03:48:11] [SPAMMY] resolve queries> Query Filter: Excluding /opt/hostedtoolcache/CodeQL/2.27.1/x64/codeql/qlpacks/codeql/python-queries/1.8.11/experimental/Security/CWE-176/UnicodeBypassValidation.ql.
[2026-10-05 03:48:11] [SPAMMY] resolve queries> Query Filter: Excluding /opt/hostedtoolcache/CodeQL/2.27.1/x64/codeql/qlpacks/codeql/python-queries/1.8.11/experimental/Security/CWE-287-ConstantSecretKey/WebAppConstantSecretKey.ql.
[2026-10-05 03:48:11] [SPAMMY] resolve queries> Query Filter: Excluding /opt/hostedtoolcache/CodeQL/2.27.1/x64/codeql/qlpacks/codeql/python-queries/1.8.11/experimental/Security/CWE-1427/PromptInjection.ql.
[2026-10-05 03:48:11] [SPAMMY] resolve queries> Query Filter: Excluding /opt/hostedtoolcache/CodeQL/2.27.1/x64/codeql/qlpacks/codeql/python-queries/1.8.11/experimental/Security/CWE-348/ClientSuppliedIpUsedInSecurityCheck.ql.
[2026-10-05 03:48:11] [SPAMMY] resolve queries> Query Filter: Excluding /opt/hostedtoolcache/CodeQL/2.27.1/x64/codeql/qlpacks/codeql/python-queries/1.8.11/experimental/Security/CWE-074/remoteCommandExecution/RemoteCommandExecution.ql.
[2026-10-05 03:48:11] [SPAMMY] resolve queries> Query Filter: Excluding /opt/hostedtoolcache/CodeQL/2.27.1/x64/codeql/qlpacks/codeql/python-queries/1.8.11/experimental/Security/CWE-091/XsltInjection.ql.
[2026-10-05 03:48:11] [SPAMMY] resolve queries> Query Filter: Excluding /opt/hostedtoolcache/CodeQL/2.27.1/x64/codeql/qlpacks/codeql/python-queries/1.8.11/experimental/Security/CWE-409/DecompressionBombs.ql.
[2026-10-05 03:48:11] [SPAMMIER] resolve queries> Query Filter: /opt/hostedtoolcache/CodeQL/2.27.1/x64/codeql/qlpacks/codeql/python-queries/1.8.11/Security/CWE-918/FullServerSideRequestForgery.ql failed the constraint of query path (was Security/CWE-918/FullServerSideRequestForgery.ql).
[2026-10-05 03:48:11] [SPAMMIER] resolve queries> Query Filter: /opt/hostedtoolcache/CodeQL/2.27.1/x64/codeql/qlpacks/codeql/python-queries/1.8.11/Security/CWE-079/ReflectedXss.ql failed the constraint of query path (was Security/CWE-079/ReflectedXss.ql).
[2026-10-05 03:48:11] [SPAMMIER] resolve queries> Query Filter: /opt/hostedtoolcache/CodeQL/2.27.1/x64/codeql/qlpacks/codeql/python-queries/1.8.11/Security/CWE-326/WeakCryptoKey.ql failed the constraint of query path (was Security/CWE-326/WeakCryptoKey.ql).
[2026-10-05 03:48:11] [SPAMMIER] resolve queries> Query Filter: /opt/hostedtoolcache/CodeQL/2.27.1/x64/codeql/qlpacks/codeql/python-queries/1.8.11/Security/CWE-022/PathInjection.ql failed the constraint of query path (was Security/CWE-022/PathInjection.ql).
[2026-10-05 03:48:11] [SPAMMIER] resolve queries> Query Filter: /opt/hostedtoolcache/CodeQL/2.27.1/x64/codeql/qlpacks/codeql/python-queries/1.8.11/Security/CWE-116/BadTagFilter.ql failed the constraint of query path (was Security/CWE-116/BadTagFilter.ql).
[2026-10-05 03:48:11] [SPAMMIER] resolve queries> Query Filter: /opt/hostedtoolcache/CodeQL/2.27.1/x64/codeql/qlpacks/codeql/python-queries/1.8.11/Security/CWE-943/NoSqlInjection.ql failed the constraint of query path (was Security/CWE-943/NoSqlInjection.ql).
[2026-10-05 03:48:11] [SPAMMIER] resolve queries> Query Filter: /opt/hostedtoolcache/CodeQL/2.27.1/x64/codeql/qlpacks/codeql/python-queries/1.8.11/Security/CWE-209/StackTraceExposure.ql failed the constraint of query path (was Security/CWE-209/StackTraceExposure.ql).
[2026-10-05 03:48:11] [SPAMMIER] resolve queries> Query Filter: /opt/hostedtoolcache/CodeQL/2.27.1/x64/codeql/qlpacks/codeql/python-queries/1.8.11/Security/CWE-643/XpathInjection.ql failed the constraint of query path (was Security/CWE-643/XpathInjection.ql).
[2026-10-05 03:48:11] [SPAMMIER] resolve queries> Query Filter: /opt/hostedtoolcache/CodeQL/2.27.1/x64/codeql/qlpacks/codeql/python-queries/1.8.11/Security/CWE-094/CodeInjection.ql failed the constraint of query path (was Security/CWE-094/CodeInjection.ql).
[2026-10-05 03:48:11] [SPAMMIER] resolve queries> Query Filter: /opt/hostedtoolcache/CodeQL/2.27.1/x64/codeql/qlpacks/codeql/python-queries/1.8.11/Security/CWE-377/InsecureTemporaryFile.ql failed the constraint of query path (was Security/CWE-377/InsecureTemporaryFile.ql).
[2026-10-05 03:48:11] [SPAMMIER] resolve queries> Query Filter: /opt/hostedtoolcache/CodeQL/2.27.1/x64/codeql/qlpacks/codeql/python-queries/1.8.11/Security/CWE-730/PolynomialReDoS.ql failed the constraint of query path (was Security/CWE-730/PolynomialReDoS.ql).
[2026-10-05 03:48:11] [SPAMMIER] resolve queries> Query Filter: /opt/hostedtoolcache/CodeQL/2.27.1/x64/codeql/qlpacks/codeql/python-queries/1.8.11/Security/CWE-730/ReDoS.ql failed the constraint of query path (was Security/CWE-730/ReDoS.ql).
[2026-10-05 03:48:11] [SPAMMIER] resolve queries> Query Filter: /opt/hostedtoolcache/CodeQL/2.27.1/x64/codeql/qlpacks/codeql/python-queries/1.8.11/Security/CWE-730/RegexInjection.ql failed the constraint of query path (was Security/CWE-730/RegexInjection.ql).
[2026-10-05 03:48:11] [SPAMMIER] resolve queries> Query Filter: /opt/hostedtoolcache/CodeQL/2.27.1/x64/codeql/qlpacks/codeql/python-queries/1.8.11/Security/CWE-295/MissingHostKeyValidation.ql failed the constraint of query path (was Security/CWE-295/MissingHostKeyValidation.ql).
[2026-10-05 03:48:11] [SPAMMIER] resolve queries> Query Filter: /opt/hostedtoolcache/CodeQL/2.27.1/x64/codeql/qlpacks/codeql/python-queries/1.8.11/Security/CWE-601/UrlRedirect.ql failed the constraint of query path (was Security/CWE-601/UrlRedirect.ql).
[2026-10-05 03:48:11] [SPAMMIER] resolve queries> Query Filter: /opt/hostedtoolcache/CodeQL/2.27.1/x64/codeql/qlpacks/codeql/python-queries/1.8.11/Security/CWE-611/Xxe.ql failed the constraint of query path (was Security/CWE-611/Xxe.ql).
[2026-10-05 03:48:11] [SPAMMIER] resolve queries> Query Filter: /opt/hostedtoolcache/CodeQL/2.27.1/x64/codeql/qlpacks/codeql/python-queries/1.8.11/Security/CWE-1275/SameSiteNoneCookie.ql failed the constraint of query path (was Security/CWE-1275/SameSiteNoneCookie.ql).
[2026-10-05 03:48:11] [SPAMMIER] resolve queries> Query Filter: /opt/hostedtoolcache/CodeQL/2.27.1/x64/codeql/qlpacks/codeql/python-queries/1.8.11/Security/CWE-352/CSRFProtectionDisabled.ql failed the constraint of query path (was Security/CWE-352/CSRFProtectionDisabled.ql).
[2026-10-05 03:48:11] [SPAMMIER] resolve queries> Query Filter: /opt/hostedtoolcache/CodeQL/2.27.1/x64/codeql/qlpacks/codeql/python-queries/1.8.11/Security/CWE-312/CleartextStorage.ql failed the constraint of query path (was Security/CWE-312/CleartextStorage.ql).
[2026-10-05 03:48:11] [SPAMMIER] resolve queries> Query Filter: /opt/hostedtoolcache/CodeQL/2.27.1/x64/codeql/qlpacks/codeql/python-queries/1.8.11/Security/CWE-312/CleartextLogging.ql failed the constraint of query path (was Security/CWE-312/CleartextLogging.ql).
[2026-10-05 03:48:11] [SPAMMIER] resolve queries> Query Filter: /opt/hostedtoolcache/CodeQL/2.27.1/x64/codeql/qlpacks/codeql/python-queries/1.8.11/Security/CWE-776/XmlBomb.ql failed the constraint of query path (was Security/CWE-776/XmlBomb.ql).
[2026-10-05 03:48:11] [SPAMMIER] resolve queries> Query Filter: /opt/hostedtoolcache/CodeQL/2.27.1/x64/codeql/qlpacks/codeql/python-queries/1.8.11/Security/CWE-1004/NonHttpOnlyCookie.ql failed the constraint of query path (was Security/CWE-1004/NonHttpOnlyCookie.ql).
[2026-10-05 03:48:11] [SPAMMIER] resolve queries> Query Filter: /opt/hostedtoolcache/CodeQL/2.27.1/x64/codeql/qlpacks/codeql/python-queries/1.8.11/Security/CWE-502/UnsafeDeserialization.ql failed the constraint of query path (was Security/CWE-502/UnsafeDeserialization.ql).
[2026-10-05 03:48:11] [SPAMMIER] resolve queries> Query Filter: /opt/hostedtoolcache/CodeQL/2.27.1/x64/codeql/qlpacks/codeql/python-queries/1.8.11/Security/CWE-089/SqlInjection.ql failed the constraint of query path (was Security/CWE-089/SqlInjection.ql).
[2026-10-05 03:48:11] [SPAMMIER] resolve queries> Query Filter: /opt/hostedtoolcache/CodeQL/2.27.1/x64/codeql/qlpacks/codeql/python-queries/1.8.11/Security/CVE-2018-1281/BindToAllInterfaces.ql failed the constraint of query path (was Security/CVE-2018-1281/BindToAllInterfaces.ql).
[2026-10-05 03:48:11] [SPAMMIER] resolve queries> Query Filter: /opt/hostedtoolcache/CodeQL/2.27.1/x64/codeql/qlpacks/codeql/python-queries/1.8.11/Security/CWE-078/CommandInjection.ql failed the constraint of query path (was Security/CWE-078/CommandInjection.ql).
[2026-10-05 03:48:11] [SPAMMIER] resolve queries> Query Filter: /opt/hostedtoolcache/CodeQL/2.27.1/x64/codeql/qlpacks/codeql/python-queries/1.8.11/Security/CWE-074/TemplateInjection.ql failed the constraint of query path (was Security/CWE-074/TemplateInjection.ql).
[2026-10-05 03:48:11] [SPAMMIER] resolve queries> Query Filter: /opt/hostedtoolcache/CodeQL/2.27.1/x64/codeql/qlpacks/codeql/python-queries/1.8.11/Security/CWE-215/FlaskDebug.ql failed the constraint of query path (was Security/CWE-215/FlaskDebug.ql).
[2026-10-05 03:48:11] [SPAMMIER] resolve queries> Query Filter: /opt/hostedtoolcache/CodeQL/2.27.1/x64/codeql/qlpacks/codeql/python-queries/1.8.11/Security/CWE-090/LdapInjection.ql failed the constraint of query path (was Security/CWE-090/LdapInjection.ql).
[2026-10-05 03:48:11] [SPAMMIER] resolve queries> Query Filter: /opt/hostedtoolcache/CodeQL/2.27.1/x64/codeql/qlpacks/codeql/python-queries/1.8.11/Security/CWE-327/WeakSensitiveDataHashing.ql failed the constraint of query path (was Security/CWE-327/WeakSensitiveDataHashing.ql).
[2026-10-05 03:48:11] [SPAMMIER] resolve queries> Query Filter: /opt/hostedtoolcache/CodeQL/2.27.1/x64/codeql/qlpacks/codeql/python-queries/1.8.11/Security/CWE-327/InsecureProtocol.ql failed the constraint of query path (was Security/CWE-327/InsecureProtocol.ql).
[2026-10-05 03:48:11] [SPAMMIER] resolve queries> Query Filter: /opt/hostedtoolcache/CodeQL/2.27.1/x64/codeql/qlpacks/codeql/python-queries/1.8.11/Security/CWE-327/BrokenCryptoAlgorithm.ql failed the constraint of query path (was Security/CWE-327/BrokenCryptoAlgorithm.ql).
[2026-10-05 03:48:11] [SPAMMIER] resolve queries> Query Filter: /opt/hostedtoolcache/CodeQL/2.27.1/x64/codeql/qlpacks/codeql/python-queries/1.8.11/Security/CWE-327/InsecureDefaultProtocol.ql failed the constraint of query path (was Security/CWE-327/InsecureDefaultProtocol.ql).
[2026-10-05 03:48:11] [SPAMMIER] resolve queries> Query Filter: /opt/hostedtoolcache/CodeQL/2.27.1/x64/codeql/qlpacks/codeql/python-queries/1.8.11/Security/CWE-614/InsecureCookie.ql failed the constraint of query path (was Security/CWE-614/InsecureCookie.ql).
[2026-10-05 03:48:11] [SPAMMIER] resolve queries> Query Filter: /opt/hostedtoolcache/CodeQL/2.27.1/x64/codeql/qlpacks/codeql/python-queries/1.8.11/Security/CWE-285/PamAuthorization.ql failed the constraint of query path (was Security/CWE-285/PamAuthorization.ql).
[2026-10-05 03:48:11] [SPAMMIER] resolve queries> Query Filter: /opt/hostedtoolcache/CodeQL/2.27.1/x64/codeql/qlpacks/codeql/python-queries/1.8.11/Security/CWE-020/IncompleteUrlSubstringSanitization.ql failed the constraint of query path (was Security/CWE-020/IncompleteUrlSubstringSanitization.ql).
[2026-10-05 03:48:11] [SPAMMIER] resolve queries> Query Filter: /opt/hostedtoolcache/CodeQL/2.27.1/x64/codeql/qlpacks/codeql/python-queries/1.8.11/Security/CWE-020/IncompleteHostnameRegExp.ql failed the constraint of query path (was Security/CWE-020/IncompleteHostnameRegExp.ql).
[2026-10-05 03:48:11] [SPAMMIER] resolve queries> Query Filter: /opt/hostedtoolcache/CodeQL/2.27.1/x64/codeql/qlpacks/codeql/python-queries/1.8.11/Security/CWE-020/OverlyLargeRange.ql failed the constraint of query path (was Security/CWE-020/OverlyLargeRange.ql).
[2026-10-05 03:48:11] [SPAMMIER] resolve queries> Query Filter: /opt/hostedtoolcache/CodeQL/2.27.1/x64/codeql/qlpacks/codeql/python-queries/1.8.11/Security/CWE-020/CookieInjection.ql failed the constraint of query path (was Security/CWE-020/CookieInjection.ql).
[2026-10-05 03:48:11] [SPAMMIER] resolve queries> Query Filter: /opt/hostedtoolcache/CodeQL/2.27.1/x64/codeql/qlpacks/codeql/python-queries/1.8.11/Security/CWE-113/HeaderInjection.ql failed the constraint of query path (was Security/CWE-113/HeaderInjection.ql).
[2026-10-05 03:48:11] [SPAMMIER] resolve queries> Query Filter: /opt/hostedtoolcache/CodeQL/2.27.1/x64/codeql/qlpacks/codeql/python-queries/1.8.11/Diagnostics/ExtractionWarnings.ql failed the constraint of query path (was Diagnostics/ExtractionWarnings.ql).
[2026-10-05 03:48:11] [SPAMMIER] resolve queries> Query Filter: /opt/hostedtoolcache/CodeQL/2.27.1/x64/codeql/qlpacks/codeql/python-queries/1.8.11/Diagnostics/ExtractedFiles.ql failed the constraint of query path (was Diagnostics/ExtractedFiles.ql).
[2026-10-05 03:48:11] [SPAMMIER] resolve queries> Query Filter: /opt/hostedtoolcache/CodeQL/2.27.1/x64/codeql/qlpacks/codeql/python-queries/1.8.11/Summary/LinesOfUserCode.ql failed the constraint of query path (was Summary/LinesOfUserCode.ql).
[2026-10-05 03:48:11] [SPAMMIER] resolve queries> Query Filter: /opt/hostedtoolcache/CodeQL/2.27.1/x64/codeql/qlpacks/codeql/python-queries/1.8.11/Summary/LinesOfCode.ql failed the constraint of query path (was Summary/LinesOfCode.ql).
[2026-10-05 03:48:11] [SPAMMIER] resolve queries> Resolution instruction: exclude.
[2026-10-05 03:48:11] [SPAMMY] resolve queries> Query Filter: Excluding by constraints tags contain=modeleditor|modelgenerator.
[2026-10-05 03:48:11] [SPAMMIER] resolve queries> Query Filter: /opt/hostedtoolcache/CodeQL/2.27.1/x64/codeql/qlpacks/codeql/python-queries/1.8.11/Expressions/UseofInput.ql failed 'tags contain` constraint [security, correctness, external/cwe/cwe-094, external/cwe/cwe-095]
[2026-10-05 03:48:11] [SPAMMIER] resolve queries> Query Filter: /opt/hostedtoolcache/CodeQL/2.27.1/x64/codeql/qlpacks/codeql/python-queries/1.8.11/Security/CWE-918/FullServerSideRequestForgery.ql failed 'tags contain` constraint [security, external/cwe/cwe-918]
[2026-10-05 03:48:11] [SPAMMIER] resolve queries> Query Filter: /opt/hostedtoolcache/CodeQL/2.27.1/x64/codeql/qlpacks/codeql/python-queries/1.8.11/Security/CWE-079/ReflectedXss.ql failed 'tags contain` constraint [security, external/cwe/cwe-079, external/cwe/cwe-116]
[2026-10-05 03:48:11] [SPAMMIER] resolve queries> Query Filter: /opt/hostedtoolcache/CodeQL/2.27.1/x64/codeql/qlpacks/codeql/python-queries/1.8.11/Security/CWE-326/WeakCryptoKey.ql failed 'tags contain` constraint [security, external/cwe/cwe-326]
[2026-10-05 03:48:11] [SPAMMIER] resolve queries> Query Filter: /opt/hostedtoolcache/CodeQL/2.27.1/x64/codeql/qlpacks/codeql/python-queries/1.8.11/Security/CWE-022/PathInjection.ql failed 'tags contain` constraint [correctness, security, external/cwe/cwe-022, external/cwe/cwe-023, external/cwe/cwe-036, external/cwe/cwe-073, external/cwe/cwe-099]
[2026-10-05 03:48:11] [SPAMMIER] resolve queries> Query Filter: /opt/hostedtoolcache/CodeQL/2.27.1/x64/codeql/qlpacks/codeql/python-queries/1.8.11/Security/CWE-116/BadTagFilter.ql failed 'tags contain` constraint [correctness, security, external/cwe/cwe-116, external/cwe/cwe-020, external/cwe/cwe-185, external/cwe/cwe-186]
[2026-10-05 03:48:11] [SPAMMIER] resolve queries> Query Filter: /opt/hostedtoolcache/CodeQL/2.27.1/x64/codeql/qlpacks/codeql/python-queries/1.8.11/Security/CWE-943/NoSqlInjection.ql failed 'tags contain` constraint [security, external/cwe/cwe-943]
[2026-10-05 03:48:11] [SPAMMIER] resolve queries> Query Filter: /opt/hostedtoolcache/CodeQL/2.27.1/x64/codeql/qlpacks/codeql/python-queries/1.8.11/Security/CWE-209/StackTraceExposure.ql failed 'tags contain` constraint [security, external/cwe/cwe-209, external/cwe/cwe-497]
[2026-10-05 03:48:11] [SPAMMIER] resolve queries> Query Filter: /opt/hostedtoolcache/CodeQL/2.27.1/x64/codeql/qlpacks/codeql/python-queries/1.8.11/Security/CWE-643/XpathInjection.ql failed 'tags contain` constraint [security, external/cwe/cwe-643]
[2026-10-05 03:48:11] [SPAMMIER] resolve queries> Query Filter: /opt/hostedtoolcache/CodeQL/2.27.1/x64/codeql/qlpacks/codeql/python-queries/1.8.11/Security/CWE-094/CodeInjection.ql failed 'tags contain` constraint [security, external/cwe/cwe-094, external/cwe/cwe-095, external/cwe/cwe-116]
[2026-10-05 03:48:11] [SPAMMIER] resolve queries> Query Filter: /opt/hostedtoolcache/CodeQL/2.27.1/x64/codeql/qlpacks/codeql/python-queries/1.8.11/Security/CWE-377/InsecureTemporaryFile.ql failed 'tags contain` constraint [external/cwe/cwe-377, security]
[2026-10-05 03:48:11] [SPAMMIER] resolve queries> Query Filter: /opt/hostedtoolcache/CodeQL/2.27.1/x64/codeql/qlpacks/codeql/python-queries/1.8.11/Security/CWE-730/PolynomialReDoS.ql failed 'tags contain` constraint [security, external/cwe/cwe-1333, external/cwe/cwe-730, external/cwe/cwe-400]
[2026-10-05 03:48:11] [SPAMMIER] resolve queries> Query Filter: /opt/hostedtoolcache/CodeQL/2.27.1/x64/codeql/qlpacks/codeql/python-queries/1.8.11/Security/CWE-730/ReDoS.ql failed 'tags contain` constraint [security, external/cwe/cwe-1333, external/cwe/cwe-730, external/cwe/cwe-400]
[2026-10-05 03:48:11] [SPAMMIER] resolve queries> Query Filter: /opt/hostedtoolcache/CodeQL/2.27.1/x64/codeql/qlpacks/codeql/python-queries/1.8.11/Security/CWE-730/RegexInjection.ql failed 'tags contain` constraint [security, external/cwe/cwe-730, external/cwe/cwe-400]
[2026-10-05 03:48:11] [SPAMMIER] resolve queries> Query Filter: /opt/hostedtoolcache/CodeQL/2.27.1/x64/codeql/qlpacks/codeql/python-queries/1.8.11/Security/CWE-295/MissingHostKeyValidation.ql failed 'tags contain` constraint [security, external/cwe/cwe-295]
[2026-10-05 03:48:11] [SPAMMIER] resolve queries> Query Filter: /opt/hostedtoolcache/CodeQL/2.27.1/x64/codeql/qlpacks/codeql/python-queries/1.8.11/Security/CWE-601/UrlRedirect.ql failed 'tags contain` constraint [security, external/cwe/cwe-601]
[2026-10-05 03:48:11] [SPAMMIER] resolve queries> Query Filter: /opt/hostedtoolcache/CodeQL/2.27.1/x64/codeql/qlpacks/codeql/python-queries/1.8.11/Security/CWE-611/Xxe.ql failed 'tags contain` constraint [security, external/cwe/cwe-611, external/cwe/cwe-827]
[2026-10-05 03:48:11] [SPAMMIER] resolve queries> Query Filter: /opt/hostedtoolcache/CodeQL/2.27.1/x64/codeql/qlpacks/codeql/python-queries/1.8.11/Security/CWE-1275/SameSiteNoneCookie.ql failed 'tags contain` constraint [security, external/cwe/cwe-1275]
[2026-10-05 03:48:11] [SPAMMIER] resolve queries> Query Filter: /opt/hostedtoolcache/CodeQL/2.27.1/x64/codeql/qlpacks/codeql/python-queries/1.8.11/Security/CWE-352/CSRFProtectionDisabled.ql failed 'tags contain` constraint [security, external/cwe/cwe-352]
[2026-10-05 03:48:11] [SPAMMIER] resolve queries> Query Filter: /opt/hostedtoolcache/CodeQL/2.27.1/x64/codeql/qlpacks/codeql/python-queries/1.8.11/Security/CWE-312/CleartextStorage.ql failed 'tags contain` constraint [security, external/cwe/cwe-312, external/cwe/cwe-315, external/cwe/cwe-359]
[2026-10-05 03:48:11] [SPAMMIER] resolve queries> Query Filter: /opt/hostedtoolcache/CodeQL/2.27.1/x64/codeql/qlpacks/codeql/python-queries/1.8.11/Security/CWE-312/CleartextLogging.ql failed 'tags contain` constraint [security, external/cwe/cwe-312, external/cwe/cwe-359, external/cwe/cwe-532]
[2026-10-05 03:48:11] [SPAMMIER] resolve queries> Query Filter: /opt/hostedtoolcache/CodeQL/2.27.1/x64/codeql/qlpacks/codeql/python-queries/1.8.11/Security/CWE-776/XmlBomb.ql failed 'tags contain` constraint [security, external/cwe/cwe-776, external/cwe/cwe-400]
[2026-10-05 03:48:11] [SPAMMIER] resolve queries> Query Filter: /opt/hostedtoolcache/CodeQL/2.27.1/x64/codeql/qlpacks/codeql/python-queries/1.8.11/Security/CWE-1004/NonHttpOnlyCookie.ql failed 'tags contain` constraint [security, external/cwe/cwe-1004]
[2026-10-05 03:48:11] [SPAMMIER] resolve queries> Query Filter: /opt/hostedtoolcache/CodeQL/2.27.1/x64/codeql/qlpacks/codeql/python-queries/1.8.11/Security/CWE-502/UnsafeDeserialization.ql failed 'tags contain` constraint [external/cwe/cwe-502, security, serialization]
[2026-10-05 03:48:11] [SPAMMIER] resolve queries> Query Filter: /opt/hostedtoolcache/CodeQL/2.27.1/x64/codeql/qlpacks/codeql/python-queries/1.8.11/Security/CWE-089/SqlInjection.ql failed 'tags contain` constraint [security, external/cwe/cwe-089]
[2026-10-05 03:48:11] [SPAMMIER] resolve queries> Query Filter: /opt/hostedtoolcache/CodeQL/2.27.1/x64/codeql/qlpacks/codeql/python-queries/1.8.11/Security/CVE-2018-1281/BindToAllInterfaces.ql failed 'tags contain` constraint [security, external/cwe/cwe-200]
[2026-10-05 03:48:11] [SPAMMIER] resolve queries> Query Filter: /opt/hostedtoolcache/CodeQL/2.27.1/x64/codeql/qlpacks/codeql/python-queries/1.8.11/Security/CWE-078/CommandInjection.ql failed 'tags contain` constraint [correctness, security, external/cwe/cwe-078, external/cwe/cwe-088]
[2026-10-05 03:48:11] [SPAMMIER] resolve queries> Query Filter: /opt/hostedtoolcache/CodeQL/2.27.1/x64/codeql/qlpacks/codeql/python-queries/1.8.11/Security/CWE-074/TemplateInjection.ql failed 'tags contain` constraint [security, external/cwe/cwe-074]
[2026-10-05 03:48:11] [SPAMMIER] resolve queries> Query Filter: /opt/hostedtoolcache/CodeQL/2.27.1/x64/codeql/qlpacks/codeql/python-queries/1.8.11/Security/CWE-215/FlaskDebug.ql failed 'tags contain` constraint [security, external/cwe/cwe-215, external/cwe/cwe-489]
[2026-10-05 03:48:11] [SPAMMIER] resolve queries> Query Filter: /opt/hostedtoolcache/CodeQL/2.27.1/x64/codeql/qlpacks/codeql/python-queries/1.8.11/Security/CWE-090/LdapInjection.ql failed 'tags contain` constraint [security, external/cwe/cwe-090]
[2026-10-05 03:48:11] [SPAMMIER] resolve queries> Query Filter: /opt/hostedtoolcache/CodeQL/2.27.1/x64/codeql/qlpacks/codeql/python-queries/1.8.11/Security/CWE-327/WeakSensitiveDataHashing.ql failed 'tags contain` constraint [security, external/cwe/cwe-327, external/cwe/cwe-328, external/cwe/cwe-916]
[2026-10-05 03:48:11] [SPAMMIER] resolve queries> Query Filter: /opt/hostedtoolcache/CodeQL/2.27.1/x64/codeql/qlpacks/codeql/python-queries/1.8.11/Security/CWE-327/InsecureProtocol.ql failed 'tags contain` constraint [security, external/cwe/cwe-327]
[2026-10-05 03:48:11] [SPAMMIER] resolve queries> Query Filter: /opt/hostedtoolcache/CodeQL/2.27.1/x64/codeql/qlpacks/codeql/python-queries/1.8.11/Security/CWE-327/BrokenCryptoAlgorithm.ql failed 'tags contain` constraint [security, external/cwe/cwe-327]
[2026-10-05 03:48:11] [SPAMMIER] resolve queries> Query Filter: /opt/hostedtoolcache/CodeQL/2.27.1/x64/codeql/qlpacks/codeql/python-queries/1.8.11/Security/CWE-327/InsecureDefaultProtocol.ql failed 'tags contain` constraint [security, external/cwe/cwe-327]
[2026-10-05 03:48:11] [SPAMMIER] resolve queries> Query Filter: /opt/hostedtoolcache/CodeQL/2.27.1/x64/codeql/qlpacks/codeql/python-queries/1.8.11/Security/CWE-614/InsecureCookie.ql failed 'tags contain` constraint [security, external/cwe/cwe-614]
[2026-10-05 03:48:11] [SPAMMIER] resolve queries> Query Filter: /opt/hostedtoolcache/CodeQL/2.27.1/x64/codeql/qlpacks/codeql/python-queries/1.8.11/Security/CWE-285/PamAuthorization.ql failed 'tags contain` constraint [security, external/cwe/cwe-285]
[2026-10-05 03:48:11] [SPAMMIER] resolve queries> Query Filter: /opt/hostedtoolcache/CodeQL/2.27.1/x64/codeql/qlpacks/codeql/python-queries/1.8.11/Security/CWE-020/IncompleteUrlSubstringSanitization.ql failed 'tags contain` constraint [correctness, security, external/cwe/cwe-020]
[2026-10-05 03:48:11] [SPAMMIER] resolve queries> Query Filter: /opt/hostedtoolcache/CodeQL/2.27.1/x64/codeql/qlpacks/codeql/python-queries/1.8.11/Security/CWE-020/IncompleteHostnameRegExp.ql failed 'tags contain` constraint [correctness, security, external/cwe/cwe-020]
[2026-10-05 03:48:11] [SPAMMIER] resolve queries> Query Filter: /opt/hostedtoolcache/CodeQL/2.27.1/x64/codeql/qlpacks/codeql/python-queries/1.8.11/Security/CWE-020/OverlyLargeRange.ql failed 'tags contain` constraint [correctness, security, external/cwe/cwe-020]
[2026-10-05 03:48:11] [SPAMMIER] resolve queries> Query Filter: /opt/hostedtoolcache/CodeQL/2.27.1/x64/codeql/qlpacks/codeql/python-queries/1.8.11/Security/CWE-020/CookieInjection.ql failed 'tags contain` constraint [security, external/cwe/cwe-020]
[2026-10-05 03:48:11] [SPAMMIER] resolve queries> Query Filter: /opt/hostedtoolcache/CodeQL/2.27.1/x64/codeql/qlpacks/codeql/python-queries/1.8.11/Security/CWE-113/HeaderInjection.ql failed 'tags contain` constraint [security, external/cwe/cwe-113, external/cwe/cwe-079]
[2026-10-05 03:48:11] [SPAMMIER] resolve queries> Query Filter: /opt/hostedtoolcache/CodeQL/2.27.1/x64/codeql/qlpacks/codeql/python-queries/1.8.11/Diagnostics/ExtractionWarnings.ql failed 'tags contain` constraint []
[2026-10-05 03:48:11] [SPAMMIER] resolve queries> Query Filter: /opt/hostedtoolcache/CodeQL/2.27.1/x64/codeql/qlpacks/codeql/python-queries/1.8.11/Diagnostics/ExtractedFiles.ql failed 'tags contain` constraint [successfully-extracted-files]
[2026-10-05 03:48:11] [SPAMMIER] resolve queries> Query Filter: /opt/hostedtoolcache/CodeQL/2.27.1/x64/codeql/qlpacks/codeql/python-queries/1.8.11/Summary/LinesOfUserCode.ql failed 'tags contain` constraint [summary, lines-of-code, debug]
[2026-10-05 03:48:11] [SPAMMIER] resolve queries> Query Filter: /opt/hostedtoolcache/CodeQL/2.27.1/x64/codeql/qlpacks/codeql/python-queries/1.8.11/Summary/LinesOfCode.ql failed 'tags contain` constraint [summary, telemetry]
[2026-10-05 03:48:11] [SPAMMY] resolve queries> Applying nested suite file '/opt/hostedtoolcache/CodeQL/2.27.1/x64/codeql/qlpacks/codeql/python-queries/1.8.11/.codeql/libraries/codeql/suite-helpers/1.0.58/code-scanning-selectors.yml'.
[2026-10-05 03:48:11] [SPAMMY] resolve queries> Query Filter: Implicitly including /opt/hostedtoolcache/CodeQL/2.27.1/x64/codeql/qlpacks/codeql/python-queries/1.8.11/Expressions/UseofInput.ql.
[2026-10-05 03:48:11] [SPAMMY] resolve queries> Query Filter: Implicitly including /opt/hostedtoolcache/CodeQL/2.27.1/x64/codeql/qlpacks/codeql/python-queries/1.8.11/Security/CWE-918/FullServerSideRequestForgery.ql.
[2026-10-05 03:48:11] [SPAMMY] resolve queries> Query Filter: Implicitly including /opt/hostedtoolcache/CodeQL/2.27.1/x64/codeql/qlpacks/codeql/python-queries/1.8.11/Security/CWE-079/ReflectedXss.ql.
[2026-10-05 03:48:11] [SPAMMY] resolve queries> Query Filter: Implicitly including /opt/hostedtoolcache/CodeQL/2.27.1/x64/codeql/qlpacks/codeql/python-queries/1.8.11/Security/CWE-326/WeakCryptoKey.ql.
[2026-10-05 03:48:11] [SPAMMY] resolve queries> Query Filter: Implicitly including /opt/hostedtoolcache/CodeQL/2.27.1/x64/codeql/qlpacks/codeql/python-queries/1.8.11/Security/CWE-022/PathInjection.ql.
[2026-10-05 03:48:11] [SPAMMY] resolve queries> Query Filter: Implicitly including /opt/hostedtoolcache/CodeQL/2.27.1/x64/codeql/qlpacks/codeql/python-queries/1.8.11/Security/CWE-116/BadTagFilter.ql.
[2026-10-05 03:48:11] [SPAMMY] resolve queries> Query Filter: Implicitly including /opt/hostedtoolcache/CodeQL/2.27.1/x64/codeql/qlpacks/codeql/python-queries/1.8.11/Security/CWE-943/NoSqlInjection.ql.
[2026-10-05 03:48:11] [SPAMMY] resolve queries> Query Filter: Implicitly including /opt/hostedtoolcache/CodeQL/2.27.1/x64/codeql/qlpacks/codeql/python-queries/1.8.11/Security/CWE-209/StackTraceExposure.ql.
[2026-10-05 03:48:11] [SPAMMY] resolve queries> Query Filter: Implicitly including /opt/hostedtoolcache/CodeQL/2.27.1/x64/codeql/qlpacks/codeql/python-queries/1.8.11/Security/CWE-643/XpathInjection.ql.
[2026-10-05 03:48:11] [SPAMMY] resolve queries> Query Filter: Implicitly including /opt/hostedtoolcache/CodeQL/2.27.1/x64/codeql/qlpacks/codeql/python-queries/1.8.11/Security/CWE-094/CodeInjection.ql.
[2026-10-05 03:48:11] [SPAMMY] resolve queries> Query Filter: Implicitly including /opt/hostedtoolcache/CodeQL/2.27.1/x64/codeql/qlpacks/codeql/python-queries/1.8.11/Security/CWE-377/InsecureTemporaryFile.ql.
[2026-10-05 03:48:11] [SPAMMY] resolve queries> Query Filter: Implicitly including /opt/hostedtoolcache/CodeQL/2.27.1/x64/codeql/qlpacks/codeql/python-queries/1.8.11/Security/CWE-730/PolynomialReDoS.ql.
[2026-10-05 03:48:11] [SPAMMY] resolve queries> Query Filter: Implicitly including /opt/hostedtoolcache/CodeQL/2.27.1/x64/codeql/qlpacks/codeql/python-queries/1.8.11/Security/CWE-730/ReDoS.ql.
[2026-10-05 03:48:11] [SPAMMY] resolve queries> Query Filter: Implicitly including /opt/hostedtoolcache/CodeQL/2.27.1/x64/codeql/qlpacks/codeql/python-queries/1.8.11/Security/CWE-730/RegexInjection.ql.
[2026-10-05 03:48:11] [SPAMMY] resolve queries> Query Filter: Implicitly including /opt/hostedtoolcache/CodeQL/2.27.1/x64/codeql/qlpacks/codeql/python-queries/1.8.11/Security/CWE-295/MissingHostKeyValidation.ql.
[2026-10-05 03:48:11] [SPAMMY] resolve queries> Query Filter: Implicitly including /opt/hostedtoolcache/CodeQL/2.27.1/x64/codeql/qlpacks/codeql/python-queries/1.8.11/Security/CWE-601/UrlRedirect.ql.
[2026-10-05 03:48:11] [SPAMMY] resolve queries> Query Filter: Implicitly including /opt/hostedtoolcache/CodeQL/2.27.1/x64/codeql/qlpacks/codeql/python-queries/1.8.11/Security/CWE-611/Xxe.ql.
[2026-10-05 03:48:11] [SPAMMY] resolve queries> Query Filter: Implicitly including /opt/hostedtoolcache/CodeQL/2.27.1/x64/codeql/qlpacks/codeql/python-queries/1.8.11/Security/CWE-1275/SameSiteNoneCookie.ql.
[2026-10-05 03:48:11] [SPAMMY] resolve queries> Query Filter: Implicitly including /opt/hostedtoolcache/CodeQL/2.27.1/x64/codeql/qlpacks/codeql/python-queries/1.8.11/Security/CWE-352/CSRFProtectionDisabled.ql.
[2026-10-05 03:48:11] [SPAMMY] resolve queries> Query Filter: Implicitly including /opt/hostedtoolcache/CodeQL/2.27.1/x64/codeql/qlpacks/codeql/python-queries/1.8.11/Security/CWE-312/CleartextStorage.ql.
[2026-10-05 03:48:11] [SPAMMY] resolve queries> Query Filter: Implicitly including /opt/hostedtoolcache/CodeQL/2.27.1/x64/codeql/qlpacks/codeql/python-queries/1.8.11/Security/CWE-312/CleartextLogging.ql.
[2026-10-05 03:48:11] [SPAMMY] resolve queries> Query Filter: Implicitly including /opt/hostedtoolcache/CodeQL/2.27.1/x64/codeql/qlpacks/codeql/python-queries/1.8.11/Security/CWE-776/XmlBomb.ql.
[2026-10-05 03:48:11] [SPAMMY] resolve queries> Query Filter: Implicitly including /opt/hostedtoolcache/CodeQL/2.27.1/x64/codeql/qlpacks/codeql/python-queries/1.8.11/Security/CWE-1004/NonHttpOnlyCookie.ql.
[2026-10-05 03:48:11] [SPAMMY] resolve queries> Query Filter: Implicitly including /opt/hostedtoolcache/CodeQL/2.27.1/x64/codeql/qlpacks/codeql/python-queries/1.8.11/Security/CWE-502/UnsafeDeserialization.ql.
[2026-10-05 03:48:11] [SPAMMY] resolve queries> Query Filter: Implicitly including /opt/hostedtoolcache/CodeQL/2.27.1/x64/codeql/qlpacks/codeql/python-queries/1.8.11/Security/CWE-089/SqlInjection.ql.
[2026-10-05 03:48:11] [SPAMMY] resolve queries> Query Filter: Implicitly including /opt/hostedtoolcache/CodeQL/2.27.1/x64/codeql/qlpacks/codeql/python-queries/1.8.11/Security/CVE-2018-1281/BindToAllInterfaces.ql.
[2026-10-05 03:48:11] [SPAMMY] resolve queries> Query Filter: Implicitly including /opt/hostedtoolcache/CodeQL/2.27.1/x64/codeql/qlpacks/codeql/python-queries/1.8.11/Security/CWE-078/CommandInjection.ql.
[2026-10-05 03:48:11] [SPAMMY] resolve queries> Query Filter: Implicitly including /opt/hostedtoolcache/CodeQL/2.27.1/x64/codeql/qlpacks/codeql/python-queries/1.8.11/Security/CWE-074/TemplateInjection.ql.
[2026-10-05 03:48:11] [SPAMMY] resolve queries> Query Filter: Implicitly including /opt/hostedtoolcache/CodeQL/2.27.1/x64/codeql/qlpacks/codeql/python-queries/1.8.11/Security/CWE-215/FlaskDebug.ql.
[2026-10-05 03:48:11] [SPAMMY] resolve queries> Query Filter: Implicitly including /opt/hostedtoolcache/CodeQL/2.27.1/x64/codeql/qlpacks/codeql/python-queries/1.8.11/Security/CWE-090/LdapInjection.ql.
[2026-10-05 03:48:11] [SPAMMY] resolve queries> Query Filter: Implicitly including /opt/hostedtoolcache/CodeQL/2.27.1/x64/codeql/qlpacks/codeql/python-queries/1.8.11/Security/CWE-327/WeakSensitiveDataHashing.ql.
[2026-10-05 03:48:11] [SPAMMY] resolve queries> Query Filter: Implicitly including /opt/hostedtoolcache/CodeQL/2.27.1/x64/codeql/qlpacks/codeql/python-queries/1.8.11/Security/CWE-327/InsecureProtocol.ql.
[2026-10-05 03:48:11] [SPAMMY] resolve queries> Query Filter: Implicitly including /opt/hostedtoolcache/CodeQL/2.27.1/x64/codeql/qlpacks/codeql/python-queries/1.8.11/Security/CWE-327/BrokenCryptoAlgorithm.ql.
[2026-10-05 03:48:11] [SPAMMY] resolve queries> Query Filter: Implicitly including /opt/hostedtoolcache/CodeQL/2.27.1/x64/codeql/qlpacks/codeql/python-queries/1.8.11/Security/CWE-327/InsecureDefaultProtocol.ql.
[2026-10-05 03:48:11] [SPAMMY] resolve queries> Query Filter: Implicitly including /opt/hostedtoolcache/CodeQL/2.27.1/x64/codeql/qlpacks/codeql/python-queries/1.8.11/Security/CWE-614/InsecureCookie.ql.
[2026-10-05 03:48:11] [SPAMMY] resolve queries> Query Filter: Implicitly including /opt/hostedtoolcache/CodeQL/2.27.1/x64/codeql/qlpacks/codeql/python-queries/1.8.11/Security/CWE-285/PamAuthorization.ql.
[2026-10-05 03:48:11] [SPAMMY] resolve queries> Query Filter: Implicitly including /opt/hostedtoolcache/CodeQL/2.27.1/x64/codeql/qlpacks/codeql/python-queries/1.8.11/Security/CWE-020/IncompleteUrlSubstringSanitization.ql.
[2026-10-05 03:48:11] [SPAMMY] resolve queries> Query Filter: Implicitly including /opt/hostedtoolcache/CodeQL/2.27.1/x64/codeql/qlpacks/codeql/python-queries/1.8.11/Security/CWE-020/IncompleteHostnameRegExp.ql.
[2026-10-05 03:48:11] [SPAMMY] resolve queries> Query Filter: Implicitly including /opt/hostedtoolcache/CodeQL/2.27.1/x64/codeql/qlpacks/codeql/python-queries/1.8.11/Security/CWE-020/OverlyLargeRange.ql.
[2026-10-05 03:48:11] [SPAMMY] resolve queries> Query Filter: Implicitly including /opt/hostedtoolcache/CodeQL/2.27.1/x64/codeql/qlpacks/codeql/python-queries/1.8.11/Security/CWE-020/CookieInjection.ql.
[2026-10-05 03:48:11] [SPAMMY] resolve queries> Query Filter: Implicitly including /opt/hostedtoolcache/CodeQL/2.27.1/x64/codeql/qlpacks/codeql/python-queries/1.8.11/Security/CWE-113/HeaderInjection.ql.
[2026-10-05 03:48:11] [SPAMMY] resolve queries> Query Filter: Implicitly including /opt/hostedtoolcache/CodeQL/2.27.1/x64/codeql/qlpacks/codeql/python-queries/1.8.11/Diagnostics/ExtractionWarnings.ql.
[2026-10-05 03:48:11] [SPAMMY] resolve queries> Query Filter: Implicitly including /opt/hostedtoolcache/CodeQL/2.27.1/x64/codeql/qlpacks/codeql/python-queries/1.8.11/Diagnostics/ExtractedFiles.ql.
[2026-10-05 03:48:11] [SPAMMY] resolve queries> Query Filter: Implicitly including /opt/hostedtoolcache/CodeQL/2.27.1/x64/codeql/qlpacks/codeql/python-queries/1.8.11/Summary/LinesOfUserCode.ql.
[2026-10-05 03:48:11] [SPAMMY] resolve queries> Query Filter: Implicitly including /opt/hostedtoolcache/CodeQL/2.27.1/x64/codeql/qlpacks/codeql/python-queries/1.8.11/Summary/LinesOfCode.ql.
[2026-10-05 03:48:11] [DETAILS] resolve queries> Got 45 queries from /home/runner/work/Unitary-Manifold-/Unitary-Manifold-.
[2026-10-05 03:48:11] Calling plumbing command: codeql resolve library-path --qlconfig-file=/home/runner/work/Unitary-Manifold-/Unitary-Manifold-/qlconfig.yml --query=/opt/hostedtoolcache/CodeQL/2.27.1/x64/codeql/qlpacks/codeql/python-queries/1.8.11/Expressions/UseofInput.ql --find-extractors --full-library-path=none --dbscheme=none --format=json
[2026-10-05 03:48:11] [DETAILS] resolve library-path> Resolving query at normalized path /opt/hostedtoolcache/CodeQL/2.27.1/x64/codeql/qlpacks/codeql/python-queries/1.8.11/Expressions/UseofInput.ql.
[2026-10-05 03:48:11] [DETAILS] resolve library-path> Found enclosing pack 'codeql/python-queries' at /opt/hostedtoolcache/CodeQL/2.27.1/x64/codeql/qlpacks/codeql/python-queries/1.8.11.
[2026-10-05 03:48:11] [DETAILS] resolve library-path> Adding compilation cache at /home/runner/.codeql/compile-cache.
[2026-10-05 03:48:11] [DETAILS] resolve library-path> Resolving library dependencies from /opt/hostedtoolcache/CodeQL/2.27.1/x64/codeql/qlpacks/codeql/python-queries/1.8.11/qlpack.yml.
[2026-10-05 03:48:11] [SPAMMY] resolve library-path> [INCOMPATIBILITY] codeql/python-queries: not 1.8.11 {root: codeql/python-queries@1.8.11}
[2026-10-05 03:48:11] [SPAMMY] resolve library-path> [DERIVATION] codeql/python-queries: 1.8.11 {codeql/python-queries: not 1.8.11 {root: codeql/python-queries@1.8.11}}
[2026-10-05 03:48:11] [SPAMMY] resolve library-path> [INCOMPATIBILITY] codeql/python-queries: * [*], codeql/python-all: not * [*] {dependency: codeql/python-queries@* [*] requires codeql/python-all@7.2.6}
[2026-10-05 03:48:11] [SPAMMY] resolve library-path> [INCOMPATIBILITY] codeql/python-queries: * [*], codeql/suite-helpers: not * [*] {dependency: codeql/python-queries@* [*] requires codeql/suite-helpers@1.0.58}
[2026-10-05 03:48:11] [SPAMMY] resolve library-path> [DECISION 1] codeql/python-queries: 1.8.11
[2026-10-05 03:48:11] [SPAMMY] resolve library-path> [DERIVATION] codeql/suite-helpers: * [*] {codeql/python-queries: * [*], codeql/suite-helpers: not * [*] {dependency: codeql/python-queries@* [*] requires codeql/suite-helpers@1.0.58}}
[2026-10-05 03:48:11] [SPAMMY] resolve library-path> [DERIVATION] codeql/python-all: * [*] {codeql/python-queries: * [*], codeql/python-all: not * [*] {dependency: codeql/python-queries@* [*] requires codeql/python-all@7.2.6}}
[2026-10-05 03:48:11] [SPAMMY] resolve library-path> [INCOMPATIBILITY] codeql/python-all: * [*], codeql/concepts: not * [*] {dependency: codeql/python-all@* [*] requires codeql/concepts@0.0.32}
[2026-10-05 03:48:11] [SPAMMY] resolve library-path> [INCOMPATIBILITY] codeql/python-all: * [*], codeql/dataflow: not * [*] {dependency: codeql/python-all@* [*] requires codeql/dataflow@2.1.14}
[2026-10-05 03:48:11] [SPAMMY] resolve library-path> [INCOMPATIBILITY] codeql/python-all: * [*], codeql/mad: not * [*] {dependency: codeql/python-all@* [*] requires codeql/mad@1.0.58}
[2026-10-05 03:48:11] [SPAMMY] resolve library-path> [INCOMPATIBILITY] codeql/python-all: * [*], codeql/regex: not * [*] {dependency: codeql/python-all@* [*] requires codeql/regex@1.0.58}
[2026-10-05 03:48:11] [SPAMMY] resolve library-path> [INCOMPATIBILITY] codeql/python-all: * [*], codeql/threat-models: not * [*] {dependency: codeql/python-all@* [*] requires codeql/threat-models@1.0.58}
[2026-10-05 03:48:11] [SPAMMY] resolve library-path> [INCOMPATIBILITY] codeql/python-all: * [*], codeql/tutorial: not * [*] {dependency: codeql/python-all@* [*] requires codeql/tutorial@1.0.58}
[2026-10-05 03:48:11] [SPAMMY] resolve library-path> [INCOMPATIBILITY] codeql/python-all: * [*], codeql/util: not * [*] {dependency: codeql/python-all@* [*] requires codeql/util@2.0.45}
[2026-10-05 03:48:11] [SPAMMY] resolve library-path> [INCOMPATIBILITY] codeql/python-all: * [*], codeql/xml: not * [*] {dependency: codeql/python-all@* [*] requires codeql/xml@1.0.58}
[2026-10-05 03:48:11] [SPAMMY] resolve library-path> [INCOMPATIBILITY] codeql/python-all: * [*], codeql/yaml: not * [*] {dependency: codeql/python-all@* [*] requires codeql/yaml@1.0.58}
[2026-10-05 03:48:11] [SPAMMY] resolve library-path> [DECISION 2] codeql/python-all: 7.2.6
[2026-10-05 03:48:11] [SPAMMY] resolve library-path> [DERIVATION] codeql/yaml: * [*] {codeql/python-all: * [*], codeql/yaml: not * [*] {dependency: codeql/python-all@* [*] requires codeql/yaml@1.0.58}}
[2026-10-05 03:48:11] [SPAMMY] resolve library-path> [DERIVATION] codeql/xml: * [*] {codeql/python-all: * [*], codeql/xml: not * [*] {dependency: codeql/python-all@* [*] requires codeql/xml@1.0.58}}
[2026-10-05 03:48:11] [SPAMMY] resolve library-path> [DERIVATION] codeql/util: * [*] {codeql/python-all: * [*], codeql/util: not * [*] {dependency: codeql/python-all@* [*] requires codeql/util@2.0.45}}
[2026-10-05 03:48:11] [SPAMMY] resolve library-path> [DERIVATION] codeql/tutorial: * [*] {codeql/python-all: * [*], codeql/tutorial: not * [*] {dependency: codeql/python-all@* [*] requires codeql/tutorial@1.0.58}}
[2026-10-05 03:48:11] [SPAMMY] resolve library-path> [DERIVATION] codeql/threat-models: * [*] {codeql/python-all: * [*], codeql/threat-models: not * [*] {dependency: codeql/python-all@* [*] requires codeql/threat-models@1.0.58}}
[2026-10-05 03:48:11] [SPAMMY] resolve library-path> [DERIVATION] codeql/regex: * [*] {codeql/python-all: * [*], codeql/regex: not * [*] {dependency: codeql/python-all@* [*] requires codeql/regex@1.0.58}}
[2026-10-05 03:48:11] [SPAMMY] resolve library-path> [DERIVATION] codeql/mad: * [*] {codeql/python-all: * [*], codeql/mad: not * [*] {dependency: codeql/python-all@* [*] requires codeql/mad@1.0.58}}
[2026-10-05 03:48:11] [SPAMMY] resolve library-path> [DERIVATION] codeql/dataflow: * [*] {codeql/python-all: * [*], codeql/dataflow: not * [*] {dependency: codeql/python-all@* [*] requires codeql/dataflow@2.1.14}}
[2026-10-05 03:48:11] [SPAMMY] resolve library-path> [DERIVATION] codeql/concepts: * [*] {codeql/python-all: * [*], codeql/concepts: not * [*] {dependency: codeql/python-all@* [*] requires codeql/concepts@0.0.32}}
[2026-10-05 03:48:11] [SPAMMY] resolve library-path> [INCOMPATIBILITY] codeql/concepts: * [*], codeql/dataflow: not * [*] {dependency: codeql/concepts@* [*] requires codeql/dataflow@2.1.14}
[2026-10-05 03:48:11] [SPAMMY] resolve library-path> [INCOMPATIBILITY] codeql/concepts: * [*], codeql/util: not * [*] {dependency: codeql/concepts@* [*] requires codeql/util@2.0.45}
[2026-10-05 03:48:11] [SPAMMY] resolve library-path> [DECISION 3] codeql/concepts: 0.0.32
[2026-10-05 03:48:11] [SPAMMY] resolve library-path> [INCOMPATIBILITY] codeql/dataflow: * [*], codeql/controlflow: not * [*] {dependency: codeql/dataflow@* [*] requires codeql/controlflow@2.0.42}
[2026-10-05 03:48:11] [SPAMMY] resolve library-path> [INCOMPATIBILITY] codeql/dataflow: * [*], codeql/ssa: not * [*] {dependency: codeql/dataflow@* [*] requires codeql/ssa@2.0.34}
[2026-10-05 03:48:11] [SPAMMY] resolve library-path> [INCOMPATIBILITY] codeql/dataflow: * [*], codeql/typetracking: not * [*] {dependency: codeql/dataflow@* [*] requires codeql/typetracking@2.0.42}
[2026-10-05 03:48:11] [SPAMMY] resolve library-path> [INCOMPATIBILITY] codeql/dataflow: * [*], codeql/util: not * [*] {dependency: codeql/dataflow@* [*] requires codeql/util@2.0.45}
[2026-10-05 03:48:11] [SPAMMY] resolve library-path> [DECISION 4] codeql/dataflow: 2.1.14
[2026-10-05 03:48:11] [SPAMMY] resolve library-path> [DERIVATION] codeql/typetracking: * [*] {codeql/dataflow: * [*], codeql/typetracking: not * [*] {dependency: codeql/dataflow@* [*] requires codeql/typetracking@2.0.42}}
[2026-10-05 03:48:11] [SPAMMY] resolve library-path> [DERIVATION] codeql/ssa: * [*] {codeql/dataflow: * [*], codeql/ssa: not * [*] {dependency: codeql/dataflow@* [*] requires codeql/ssa@2.0.34}}
[2026-10-05 03:48:11] [SPAMMY] resolve library-path> [DERIVATION] codeql/controlflow: * [*] {codeql/dataflow: * [*], codeql/controlflow: not * [*] {dependency: codeql/dataflow@* [*] requires codeql/controlflow@2.0.42}}
[2026-10-05 03:48:11] [SPAMMY] resolve library-path> [INCOMPATIBILITY] codeql/controlflow: * [*], codeql/util: not * [*] {dependency: codeql/controlflow@* [*] requires codeql/util@2.0.45}
[2026-10-05 03:48:11] [SPAMMY] resolve library-path> [DECISION 5] codeql/controlflow: 2.0.42
[2026-10-05 03:48:11] [SPAMMY] resolve library-path> [INCOMPATIBILITY] codeql/mad: * [*], codeql/dataflow: not * [*] {dependency: codeql/mad@* [*] requires codeql/dataflow@2.1.14}
[2026-10-05 03:48:11] [SPAMMY] resolve library-path> [INCOMPATIBILITY] codeql/mad: * [*], codeql/util: not * [*] {dependency: codeql/mad@* [*] requires codeql/util@2.0.45}
[2026-10-05 03:48:11] [SPAMMY] resolve library-path> [DECISION 6] codeql/mad: 1.0.58
[2026-10-05 03:48:11] [SPAMMY] resolve library-path> [INCOMPATIBILITY] codeql/regex: * [*], codeql/util: not * [*] {dependency: codeql/regex@* [*] requires codeql/util@2.0.45}
[2026-10-05 03:48:11] [SPAMMY] resolve library-path> [DECISION 7] codeql/regex: 1.0.58
[2026-10-05 03:48:11] [SPAMMY] resolve library-path> [INCOMPATIBILITY] codeql/ssa: * [*], codeql/controlflow: not * [*] {dependency: codeql/ssa@* [*] requires codeql/controlflow@2.0.42}
[2026-10-05 03:48:11] [SPAMMY] resolve library-path> [INCOMPATIBILITY] codeql/ssa: * [*], codeql/util: not * [*] {dependency: codeql/ssa@* [*] requires codeql/util@2.0.45}
[2026-10-05 03:48:11] [SPAMMY] resolve library-path> [DECISION 8] codeql/ssa: 2.0.34
[2026-10-05 03:48:11] [SPAMMY] resolve library-path> [DECISION 9] codeql/suite-helpers: 1.0.58
[2026-10-05 03:48:11] [SPAMMY] resolve library-path> [DECISION 10] codeql/threat-models: 1.0.58
[2026-10-05 03:48:11] [SPAMMY] resolve library-path> [DECISION 11] codeql/tutorial: 1.0.58
[2026-10-05 03:48:11] [SPAMMY] resolve library-path> [INCOMPATIBILITY] codeql/typetracking: * [*], codeql/util: not * [*] {dependency: codeql/typetracking@* [*] requires codeql/util@2.0.45}
[2026-10-05 03:48:11] [SPAMMY] resolve library-path> [DECISION 12] codeql/typetracking: 2.0.42
[2026-10-05 03:48:11] [SPAMMY] resolve library-path> [DECISION 13] codeql/util: 2.0.45
[2026-10-05 03:48:11] [SPAMMY] resolve library-path> [INCOMPATIBILITY] codeql/xml: * [*], codeql/util: not * [*] {dependency: codeql/xml@* [*] requires codeql/util@2.0.45}
[2026-10-05 03:48:11] [SPAMMY] resolve library-path> [DECISION 14] codeql/xml: 1.0.58
[2026-10-05 03:48:11] [SPAMMY] resolve library-path> [DECISION 15] codeql/yaml: 1.0.58
[2026-10-05 03:48:11] [DETAILS] resolve library-path> QL pack dependencies for /opt/hostedtoolcache/CodeQL/2.27.1/x64/codeql/qlpacks/codeql/python-queries/1.8.11 resolved OK.
[2026-10-05 03:48:11] [DETAILS] resolve library-path> Dbscheme was explicitly overridden as /home/runner/work/Unitary-Manifold-/Unitary-Manifold-/none
[2026-10-05 03:48:11] [DETAILS] resolve library-path> Library path was overridden on command line.
[2026-10-05 03:48:11] Plumbing command codeql resolve library-path completed:
                      {
                        "libraryPath" : [
                          "/home/runner/work/Unitary-Manifold-/Unitary-Manifold-/none"
                        ],
                        "dbscheme" : "/home/runner/work/Unitary-Manifold-/Unitary-Manifold-/none",
                        "compilationCache" : [
                          "/home/runner/.codeql/compile-cache"
                        ],
                        "relativeName" : "codeql/python-queries/Expressions/UseofInput.ql",
                        "extractors" : [
                          "python"
                        ],
                        "qlPackName" : "codeql/python-queries"
                      }
[2026-10-05 03:48:11] Calling plumbing command: codeql resolve library-path --qlconfig-file=/home/runner/work/Unitary-Manifold-/Unitary-Manifold-/qlconfig.yml --query=/opt/hostedtoolcache/CodeQL/2.27.1/x64/codeql/qlpacks/codeql/python-queries/1.8.11/Security/CWE-918/FullServerSideRequestForgery.ql --find-extractors --full-library-path=none --dbscheme=none --format=json
[2026-10-05 03:48:11] [DETAILS] resolve library-path> Resolving query at normalized path /opt/hostedtoolcache/CodeQL/2.27.1/x64/codeql/qlpacks/codeql/python-queries/1.8.11/Security/CWE-918/FullServerSideRequestForgery.ql.
[2026-10-05 03:48:11] [DETAILS] resolve library-path> Found enclosing pack 'codeql/python-queries' at /opt/hostedtoolcache/CodeQL/2.27.1/x64/codeql/qlpacks/codeql/python-queries/1.8.11.
[2026-10-05 03:48:11] [DETAILS] resolve library-path> Adding compilation cache at /home/runner/.codeql/compile-cache.
[2026-10-05 03:48:11] [DETAILS] resolve library-path> QL pack dependencies for /opt/hostedtoolcache/CodeQL/2.27.1/x64/codeql/qlpacks/codeql/python-queries/1.8.11 found in cache.
[2026-10-05 03:48:11] [DETAILS] resolve library-path> Dbscheme was explicitly overridden as /home/runner/work/Unitary-Manifold-/Unitary-Manifold-/none
[2026-10-05 03:48:11] [DETAILS] resolve library-path> Library path was overridden on command line.
[2026-10-05 03:48:11] Plumbing command codeql resolve library-path completed:
                      {
                        "libraryPath" : [
                          "/home/runner/work/Unitary-Manifold-/Unitary-Manifold-/none"
                        ],
                        "dbscheme" : "/home/runner/work/Unitary-Manifold-/Unitary-Manifold-/none",
                        "compilationCache" : [
                          "/home/runner/.codeql/compile-cache"
                        ],
                        "relativeName" : "codeql/python-queries/Security/CWE-918/FullServerSideRequestForgery.ql",
                        "extractors" : [
                          "python"
                        ],
                        "qlPackName" : "codeql/python-queries"
                      }
[2026-10-05 03:48:11] Calling plumbing command: codeql resolve library-path --qlconfig-file=/home/runner/work/Unitary-Manifold-/Unitary-Manifold-/qlconfig.yml --query=/opt/hostedtoolcache/CodeQL/2.27.1/x64/codeql/qlpacks/codeql/python-queries/1.8.11/Security/CWE-079/ReflectedXss.ql --find-extractors --full-library-path=none --dbscheme=none --format=json
[2026-10-05 03:48:11] [DETAILS] resolve library-path> Resolving query at normalized path /opt/hostedtoolcache/CodeQL/2.27.1/x64/codeql/qlpacks/codeql/python-queries/1.8.11/Security/CWE-079/ReflectedXss.ql.
[2026-10-05 03:48:11] [DETAILS] resolve library-path> Found enclosing pack 'codeql/python-queries' at /opt/hostedtoolcache/CodeQL/2.27.1/x64/codeql/qlpacks/codeql/python-queries/1.8.11.
[2026-10-05 03:48:11] [DETAILS] resolve library-path> Adding compilation cache at /home/runner/.codeql/compile-cache.
[2026-10-05 03:48:11] [DETAILS] resolve library-path> QL pack dependencies for /opt/hostedtoolcache/CodeQL/2.27.1/x64/codeql/qlpacks/codeql/python-queries/1.8.11 found in cache.
[2026-10-05 03:48:11] [DETAILS] resolve library-path> Dbscheme was explicitly overridden as /home/runner/work/Unitary-Manifold-/Unitary-Manifold-/none
[2026-10-05 03:48:11] [DETAILS] resolve library-path> Library path was overridden on command line.
[2026-10-05 03:48:11] Plumbing command codeql resolve library-path completed:
                      {
                        "libraryPath" : [
                          "/home/runner/work/Unitary-Manifold-/Unitary-Manifold-/none"
                        ],
                        "dbscheme" : "/home/runner/work/Unitary-Manifold-/Unitary-Manifold-/none",
                        "compilationCache" : [
                          "/home/runner/.codeql/compile-cache"
                        ],
                        "relativeName" : "codeql/python-queries/Security/CWE-079/ReflectedXss.ql",
                        "extractors" : [
                          "python"
                        ],
                        "qlPackName" : "codeql/python-queries"
                      }
[2026-10-05 03:48:11] Calling plumbing command: codeql resolve library-path --qlconfig-file=/home/runner/work/Unitary-Manifold-/Unitary-Manifold-/qlconfig.yml --query=/opt/hostedtoolcache/CodeQL/2.27.1/x64/codeql/qlpacks/codeql/python-queries/1.8.11/Security/CWE-326/WeakCryptoKey.ql --find-extractors --full-library-path=none --dbscheme=none --format=json
[2026-10-05 03:48:11] [DETAILS] resolve library-path> Resolving query at normalized path /opt/hostedtoolcache/CodeQL/2.27.1/x64/codeql/qlpacks/codeql/python-queries/1.8.11/Security/CWE-326/WeakCryptoKey.ql.
[2026-10-05 03:48:11] [DETAILS] resolve library-path> Found enclosing pack 'codeql/python-queries' at /opt/hostedtoolcache/CodeQL/2.27.1/x64/codeql/qlpacks/codeql/python-queries/1.8.11.
[2026-10-05 03:48:11] [DETAILS] resolve library-path> Adding compilation cache at /home/runner/.codeql/compile-cache.
[2026-10-05 03:48:11] [DETAILS] resolve library-path> QL pack dependencies for /opt/hostedtoolcache/CodeQL/2.27.1/x64/codeql/qlpacks/codeql/python-queries/1.8.11 found in cache.
[2026-10-05 03:48:11] [DETAILS] resolve library-path> Dbscheme was explicitly overridden as /home/runner/work/Unitary-Manifold-/Unitary-Manifold-/none
[2026-10-05 03:48:11] [DETAILS] resolve library-path> Library path was overridden on command line.
[2026-10-05 03:48:11] Plumbing command codeql resolve library-path completed:
                      {
                        "libraryPath" : [
                          "/home/runner/work/Unitary-Manifold-/Unitary-Manifold-/none"
                        ],
                        "dbscheme" : "/home/runner/work/Unitary-Manifold-/Unitary-Manifold-/none",
                        "compilationCache" : [
                          "/home/runner/.codeql/compile-cache"
                        ],
                        "relativeName" : "codeql/python-queries/Security/CWE-326/WeakCryptoKey.ql",
                        "extractors" : [
                          "python"
                        ],
                        "qlPackName" : "codeql/python-queries"
                      }
[2026-10-05 03:48:11] Calling plumbing command: codeql resolve library-path --qlconfig-file=/home/runner/work/Unitary-Manifold-/Unitary-Manifold-/qlconfig.yml --query=/opt/hostedtoolcache/CodeQL/2.27.1/x64/codeql/qlpacks/codeql/python-queries/1.8.11/Security/CWE-022/PathInjection.ql --find-extractors --full-library-path=none --dbscheme=none --format=json
[2026-10-05 03:48:11] [DETAILS] resolve library-path> Resolving query at normalized path /opt/hostedtoolcache/CodeQL/2.27.1/x64/codeql/qlpacks/codeql/python-queries/1.8.11/Security/CWE-022/PathInjection.ql.
[2026-10-05 03:48:11] [DETAILS] resolve library-path> Found enclosing pack 'codeql/python-queries' at /opt/hostedtoolcache/CodeQL/2.27.1/x64/codeql/qlpacks/codeql/python-queries/1.8.11.
[2026-10-05 03:48:11] [DETAILS] resolve library-path> Adding compilation cache at /home/runner/.codeql/compile-cache.
[2026-10-05 03:48:11] [DETAILS] resolve library-path> QL pack dependencies for /opt/hostedtoolcache/CodeQL/2.27.1/x64/codeql/qlpacks/codeql/python-queries/1.8.11 found in cache.
[2026-10-05 03:48:11] [DETAILS] resolve library-path> Dbscheme was explicitly overridden as /home/runner/work/Unitary-Manifold-/Unitary-Manifold-/none
[2026-10-05 03:48:11] [DETAILS] resolve library-path> Library path was overridden on command line.
[2026-10-05 03:48:11] Plumbing command codeql resolve library-path completed:
                      {
                        "libraryPath" : [
                          "/home/runner/work/Unitary-Manifold-/Unitary-Manifold-/none"
                        ],
                        "dbscheme" : "/home/runner/work/Unitary-Manifold-/Unitary-Manifold-/none",
                        "compilationCache" : [
                          "/home/runner/.codeql/compile-cache"
                        ],
                        "relativeName" : "codeql/python-queries/Security/CWE-022/PathInjection.ql",
                        "extractors" : [
                          "python"
                        ],
                        "qlPackName" : "codeql/python-queries"
                      }
[2026-10-05 03:48:11] Calling plumbing command: codeql resolve library-path --qlconfig-file=/home/runner/work/Unitary-Manifold-/Unitary-Manifold-/qlconfig.yml --query=/opt/hostedtoolcache/CodeQL/2.27.1/x64/codeql/qlpacks/codeql/python-queries/1.8.11/Security/CWE-116/BadTagFilter.ql --find-extractors --full-library-path=none --dbscheme=none --format=json
[2026-10-05 03:48:11] [DETAILS] resolve library-path> Resolving query at normalized path /opt/hostedtoolcache/CodeQL/2.27.1/x64/codeql/qlpacks/codeql/python-queries/1.8.11/Security/CWE-116/BadTagFilter.ql.
[2026-10-05 03:48:11] [DETAILS] resolve library-path> Found enclosing pack 'codeql/python-queries' at /opt/hostedtoolcache/CodeQL/2.27.1/x64/codeql/qlpacks/codeql/python-queries/1.8.11.
[2026-10-05 03:48:11] [DETAILS] resolve library-path> Adding compilation cache at /home/runner/.codeql/compile-cache.
[2026-10-05 03:48:11] [DETAILS] resolve library-path> QL pack dependencies for /opt/hostedtoolcache/CodeQL/2.27.1/x64/codeql/qlpacks/codeql/python-queries/1.8.11 found in cache.
[2026-10-05 03:48:11] [DETAILS] resolve library-path> Dbscheme was explicitly overridden as /home/runner/work/Unitary-Manifold-/Unitary-Manifold-/none
[2026-10-05 03:48:11] [DETAILS] resolve library-path> Library path was overridden on command line.
[2026-10-05 03:48:11] Plumbing command codeql resolve library-path completed:
                      {
                        "libraryPath" : [
                          "/home/runner/work/Unitary-Manifold-/Unitary-Manifold-/none"
                        ],
                        "dbscheme" : "/home/runner/work/Unitary-Manifold-/Unitary-Manifold-/none",
                        "compilationCache" : [
                          "/home/runner/.codeql/compile-cache"
                        ],
                        "relativeName" : "codeql/python-queries/Security/CWE-116/BadTagFilter.ql",
                        "extractors" : [
                          "python"
                        ],
                        "qlPackName" : "codeql/python-queries"
                      }
[2026-10-05 03:48:11] Calling plumbing command: codeql resolve library-path --qlconfig-file=/home/runner/work/Unitary-Manifold-/Unitary-Manifold-/qlconfig.yml --query=/opt/hostedtoolcache/CodeQL/2.27.1/x64/codeql/qlpacks/codeql/python-queries/1.8.11/Security/CWE-943/NoSqlInjection.ql --find-extractors --full-library-path=none --dbscheme=none --format=json
[2026-10-05 03:48:11] [DETAILS] resolve library-path> Resolving query at normalized path /opt/hostedtoolcache/CodeQL/2.27.1/x64/codeql/qlpacks/codeql/python-queries/1.8.11/Security/CWE-943/NoSqlInjection.ql.
[2026-10-05 03:48:11] [DETAILS] resolve library-path> Found enclosing pack 'codeql/python-queries' at /opt/hostedtoolcache/CodeQL/2.27.1/x64/codeql/qlpacks/codeql/python-queries/1.8.11.
[2026-10-05 03:48:11] [DETAILS] resolve library-path> Adding compilation cache at /home/runner/.codeql/compile-cache.
[2026-10-05 03:48:11] [DETAILS] resolve library-path> QL pack dependencies for /opt/hostedtoolcache/CodeQL/2.27.1/x64/codeql/qlpacks/codeql/python-queries/1.8.11 found in cache.
[2026-10-05 03:48:11] [DETAILS] resolve library-path> Dbscheme was explicitly overridden as /home/runner/work/Unitary-Manifold-/Unitary-Manifold-/none
[2026-10-05 03:48:11] [DETAILS] resolve library-path> Library path was overridden on command line.
[2026-10-05 03:48:11] Plumbing command codeql resolve library-path completed:
                      {
                        "libraryPath" : [
                          "/home/runner/work/Unitary-Manifold-/Unitary-Manifold-/none"
                        ],
                        "dbscheme" : "/home/runner/work/Unitary-Manifold-/Unitary-Manifold-/none",
                        "compilationCache" : [
                          "/home/runner/.codeql/compile-cache"
                        ],
                        "relativeName" : "codeql/python-queries/Security/CWE-943/NoSqlInjection.ql",
                        "extractors" : [
                          "python"
                        ],
                        "qlPackName" : "codeql/python-queries"
                      }
[2026-10-05 03:48:11] Calling plumbing command: codeql resolve library-path --qlconfig-file=/home/runner/work/Unitary-Manifold-/Unitary-Manifold-/qlconfig.yml --query=/opt/hostedtoolcache/CodeQL/2.27.1/x64/codeql/qlpacks/codeql/python-queries/1.8.11/Security/CWE-209/StackTraceExposure.ql --find-extractors --full-library-path=none --dbscheme=none --format=json
[2026-10-05 03:48:11] [DETAILS] resolve library-path> Resolving query at normalized path /opt/hostedtoolcache/CodeQL/2.27.1/x64/codeql/qlpacks/codeql/python-queries/1.8.11/Security/CWE-209/StackTraceExposure.ql.
[2026-10-05 03:48:11] [DETAILS] resolve library-path> Found enclosing pack 'codeql/python-queries' at /opt/hostedtoolcache/CodeQL/2.27.1/x64/codeql/qlpacks/codeql/python-queries/1.8.11.
[2026-10-05 03:48:11] [DETAILS] resolve library-path> Adding compilation cache at /home/runner/.codeql/compile-cache.
[2026-10-05 03:48:11] [DETAILS] resolve library-path> QL pack dependencies for /opt/hostedtoolcache/CodeQL/2.27.1/x64/codeql/qlpacks/codeql/python-queries/1.8.11 found in cache.
[2026-10-05 03:48:11] [DETAILS] resolve library-path> Dbscheme was explicitly overridden as /home/runner/work/Unitary-Manifold-/Unitary-Manifold-/none
[2026-10-05 03:48:11] [DETAILS] resolve library-path> Library path was overridden on command line.
[2026-10-05 03:48:11] Plumbing command codeql resolve library-path completed:
                      {
                        "libraryPath" : [
                          "/home/runner/work/Unitary-Manifold-/Unitary-Manifold-/none"
                        ],
                        "dbscheme" : "/home/runner/work/Unitary-Manifold-/Unitary-Manifold-/none",
                        "compilationCache" : [
                          "/home/runner/.codeql/compile-cache"
                        ],
                        "relativeName" : "codeql/python-queries/Security/CWE-209/StackTraceExposure.ql",
                        "extractors" : [
                          "python"
                        ],
                        "qlPackName" : "codeql/python-queries"
                      }
[2026-10-05 03:48:11] Calling plumbing command: codeql resolve library-path --qlconfig-file=/home/runner/work/Unitary-Manifold-/Unitary-Manifold-/qlconfig.yml --query=/opt/hostedtoolcache/CodeQL/2.27.1/x64/codeql/qlpacks/codeql/python-queries/1.8.11/Security/CWE-643/XpathInjection.ql --find-extractors --full-library-path=none --dbscheme=none --format=json
[2026-10-05 03:48:11] [DETAILS] resolve library-path> Resolving query at normalized path /opt/hostedtoolcache/CodeQL/2.27.1/x64/codeql/qlpacks/codeql/python-queries/1.8.11/Security/CWE-643/XpathInjection.ql.
[2026-10-05 03:48:11] [DETAILS] resolve library-path> Found enclosing pack 'codeql/python-queries' at /opt/hostedtoolcache/CodeQL/2.27.1/x64/codeql/qlpacks/codeql/python-queries/1.8.11.
[2026-10-05 03:48:11] [DETAILS] resolve library-path> Adding compilation cache at /home/runner/.codeql/compile-cache.
[2026-10-05 03:48:11] [DETAILS] resolve library-path> QL pack dependencies for /opt/hostedtoolcache/CodeQL/2.27.1/x64/codeql/qlpacks/codeql/python-queries/1.8.11 found in cache.
[2026-10-05 03:48:11] [DETAILS] resolve library-path> Dbscheme was explicitly overridden as /home/runner/work/Unitary-Manifold-/Unitary-Manifold-/none
[2026-10-05 03:48:11] [DETAILS] resolve library-path> Library path was overridden on command line.
[2026-10-05 03:48:11] Plumbing command codeql resolve library-path completed:
                      {
                        "libraryPath" : [
                          "/home/runner/work/Unitary-Manifold-/Unitary-Manifold-/none"
                        ],
                        "dbscheme" : "/home/runner/work/Unitary-Manifold-/Unitary-Manifold-/none",
                        "compilationCache" : [
                          "/home/runner/.codeql/compile-cache"
                        ],
                        "relativeName" : "codeql/python-queries/Security/CWE-643/XpathInjection.ql",
                        "extractors" : [
                          "python"
                        ],
                        "qlPackName" : "codeql/python-queries"
                      }
[2026-10-05 03:48:11] Calling plumbing command: codeql resolve library-path --qlconfig-file=/home/runner/work/Unitary-Manifold-/Unitary-Manifold-/qlconfig.yml --query=/opt/hostedtoolcache/CodeQL/2.27.1/x64/codeql/qlpacks/codeql/python-queries/1.8.11/Security/CWE-094/CodeInjection.ql --find-extractors --full-library-path=none --dbscheme=none --format=json
[2026-10-05 03:48:11] [DETAILS] resolve library-path> Resolving query at normalized path /opt/hostedtoolcache/CodeQL/2.27.1/x64/codeql/qlpacks/codeql/python-queries/1.8.11/Security/CWE-094/CodeInjection.ql.
[2026-10-05 03:48:11] [DETAILS] resolve library-path> Found enclosing pack 'codeql/python-queries' at /opt/hostedtoolcache/CodeQL/2.27.1/x64/codeql/qlpacks/codeql/python-queries/1.8.11.
[2026-10-05 03:48:11] [DETAILS] resolve library-path> Adding compilation cache at /home/runner/.codeql/compile-cache.
[2026-10-05 03:48:11] [DETAILS] resolve library-path> QL pack dependencies for /opt/hostedtoolcache/CodeQL/2.27.1/x64/codeql/qlpacks/codeql/python-queries/1.8.11 found in cache.
[2026-10-05 03:48:11] [DETAILS] resolve library-path> Dbscheme was explicitly overridden as /home/runner/work/Unitary-Manifold-/Unitary-Manifold-/none
[2026-10-05 03:48:11] [DETAILS] resolve library-path> Library path was overridden on command line.
[2026-10-05 03:48:11] Plumbing command codeql resolve library-path completed:
                      {
                        "libraryPath" : [
                          "/home/runner/work/Unitary-Manifold-/Unitary-Manifold-/none"
                        ],
                        "dbscheme" : "/home/runner/work/Unitary-Manifold-/Unitary-Manifold-/none",
                        "compilationCache" : [
                          "/home/runner/.codeql/compile-cache"
                        ],
                        "relativeName" : "codeql/python-queries/Security/CWE-094/CodeInjection.ql",
                        "extractors" : [
                          "python"
                        ],
                        "qlPackName" : "codeql/python-queries"
                      }
[2026-10-05 03:48:11] Calling plumbing command: codeql resolve library-path --qlconfig-file=/home/runner/work/Unitary-Manifold-/Unitary-Manifold-/qlconfig.yml --query=/opt/hostedtoolcache/CodeQL/2.27.1/x64/codeql/qlpacks/codeql/python-queries/1.8.11/Security/CWE-377/InsecureTemporaryFile.ql --find-extractors --full-library-path=none --dbscheme=none --format=json
[2026-10-05 03:48:11] [DETAILS] resolve library-path> Resolving query at normalized path /opt/hostedtoolcache/CodeQL/2.27.1/x64/codeql/qlpacks/codeql/python-queries/1.8.11/Security/CWE-377/InsecureTemporaryFile.ql.
[2026-10-05 03:48:11] [DETAILS] resolve library-path> Found enclosing pack 'codeql/python-queries' at /opt/hostedtoolcache/CodeQL/2.27.1/x64/codeql/qlpacks/codeql/python-queries/1.8.11.
[2026-10-05 03:48:11] [DETAILS] resolve library-path> Adding compilation cache at /home/runner/.codeql/compile-cache.
[2026-10-05 03:48:11] [DETAILS] resolve library-path> QL pack dependencies for /opt/hostedtoolcache/CodeQL/2.27.1/x64/codeql/qlpacks/codeql/python-queries/1.8.11 found in cache.
[2026-10-05 03:48:11] [DETAILS] resolve library-path> Dbscheme was explicitly overridden as /home/runner/work/Unitary-Manifold-/Unitary-Manifold-/none
[2026-10-05 03:48:11] [DETAILS] resolve library-path> Library path was overridden on command line.
[2026-10-05 03:48:11] Plumbing command codeql resolve library-path completed:
                      {
                        "libraryPath" : [
                          "/home/runner/work/Unitary-Manifold-/Unitary-Manifold-/none"
                        ],
                        "dbscheme" : "/home/runner/work/Unitary-Manifold-/Unitary-Manifold-/none",
                        "compilationCache" : [
                          "/home/runner/.codeql/compile-cache"
                        ],
                        "relativeName" : "codeql/python-queries/Security/CWE-377/InsecureTemporaryFile.ql",
                        "extractors" : [
                          "python"
                        ],
                        "qlPackName" : "codeql/python-queries"
                      }
[2026-10-05 03:48:11] Calling plumbing command: codeql resolve library-path --qlconfig-file=/home/runner/work/Unitary-Manifold-/Unitary-Manifold-/qlconfig.yml --query=/opt/hostedtoolcache/CodeQL/2.27.1/x64/codeql/qlpacks/codeql/python-queries/1.8.11/Security/CWE-730/PolynomialReDoS.ql --find-extractors --full-library-path=none --dbscheme=none --format=json
[2026-10-05 03:48:11] [DETAILS] resolve library-path> Resolving query at normalized path /opt/hostedtoolcache/CodeQL/2.27.1/x64/codeql/qlpacks/codeql/python-queries/1.8.11/Security/CWE-730/PolynomialReDoS.ql.
[2026-10-05 03:48:11] [DETAILS] resolve library-path> Found enclosing pack 'codeql/python-queries' at /opt/hostedtoolcache/CodeQL/2.27.1/x64/codeql/qlpacks/codeql/python-queries/1.8.11.
[2026-10-05 03:48:11] [DETAILS] resolve library-path> Adding compilation cache at /home/runner/.codeql/compile-cache.
[2026-10-05 03:48:11] [DETAILS] resolve library-path> QL pack dependencies for /opt/hostedtoolcache/CodeQL/2.27.1/x64/codeql/qlpacks/codeql/python-queries/1.8.11 found in cache.
[2026-10-05 03:48:11] [DETAILS] resolve library-path> Dbscheme was explicitly overridden as /home/runner/work/Unitary-Manifold-/Unitary-Manifold-/none
[2026-10-05 03:48:11] [DETAILS] resolve library-path> Library path was overridden on command line.
[2026-10-05 03:48:11] Plumbing command codeql resolve library-path completed:
                      {
                        "libraryPath" : [
                          "/home/runner/work/Unitary-Manifold-/Unitary-Manifold-/none"
                        ],
                        "dbscheme" : "/home/runner/work/Unitary-Manifold-/Unitary-Manifold-/none",
                        "compilationCache" : [
                          "/home/runner/.codeql/compile-cache"
                        ],
                        "relativeName" : "codeql/python-queries/Security/CWE-730/PolynomialReDoS.ql",
                        "extractors" : [
                          "python"
                        ],
                        "qlPackName" : "codeql/python-queries"
                      }
[2026-10-05 03:48:11] Calling plumbing command: codeql resolve library-path --qlconfig-file=/home/runner/work/Unitary-Manifold-/Unitary-Manifold-/qlconfig.yml --query=/opt/hostedtoolcache/CodeQL/2.27.1/x64/codeql/qlpacks/codeql/python-queries/1.8.11/Security/CWE-730/ReDoS.ql --find-extractors --full-library-path=none --dbscheme=none --format=json
[2026-10-05 03:48:11] [DETAILS] resolve library-path> Resolving query at normalized path /opt/hostedtoolcache/CodeQL/2.27.1/x64/codeql/qlpacks/codeql/python-queries/1.8.11/Security/CWE-730/ReDoS.ql.
[2026-10-05 03:48:11] [DETAILS] resolve library-path> Found enclosing pack 'codeql/python-queries' at /opt/hostedtoolcache/CodeQL/2.27.1/x64/codeql/qlpacks/codeql/python-queries/1.8.11.
[2026-10-05 03:48:11] [DETAILS] resolve library-path> Adding compilation cache at /home/runner/.codeql/compile-cache.
[2026-10-05 03:48:11] [DETAILS] resolve library-path> QL pack dependencies for /opt/hostedtoolcache/CodeQL/2.27.1/x64/codeql/qlpacks/codeql/python-queries/1.8.11 found in cache.
[2026-10-05 03:48:11] [DETAILS] resolve library-path> Dbscheme was explicitly overridden as /home/runner/work/Unitary-Manifold-/Unitary-Manifold-/none
[2026-10-05 03:48:11] [DETAILS] resolve library-path> Library path was overridden on command line.
[2026-10-05 03:48:11] Plumbing command codeql resolve library-path completed:
                      {
                        "libraryPath" : [
                          "/home/runner/work/Unitary-Manifold-/Unitary-Manifold-/none"
                        ],
                        "dbscheme" : "/home/runner/work/Unitary-Manifold-/Unitary-Manifold-/none",
                        "compilationCache" : [
                          "/home/runner/.codeql/compile-cache"
                        ],
                        "relativeName" : "codeql/python-queries/Security/CWE-730/ReDoS.ql",
                        "extractors" : [
                          "python"
                        ],
                        "qlPackName" : "codeql/python-queries"
                      }
[2026-10-05 03:48:11] Calling plumbing command: codeql resolve library-path --qlconfig-file=/home/runner/work/Unitary-Manifold-/Unitary-Manifold-/qlconfig.yml --query=/opt/hostedtoolcache/CodeQL/2.27.1/x64/codeql/qlpacks/codeql/python-queries/1.8.11/Security/CWE-730/RegexInjection.ql --find-extractors --full-library-path=none --dbscheme=none --format=json
[2026-10-05 03:48:11] [DETAILS] resolve library-path> Resolving query at normalized path /opt/hostedtoolcache/CodeQL/2.27.1/x64/codeql/qlpacks/codeql/python-queries/1.8.11/Security/CWE-730/RegexInjection.ql.
[2026-10-05 03:48:11] [DETAILS] resolve library-path> Found enclosing pack 'codeql/python-queries' at /opt/hostedtoolcache/CodeQL/2.27.1/x64/codeql/qlpacks/codeql/python-queries/1.8.11.
[2026-10-05 03:48:11] [DETAILS] resolve library-path> Adding compilation cache at /home/runner/.codeql/compile-cache.
[2026-10-05 03:48:11] [DETAILS] resolve library-path> QL pack dependencies for /opt/hostedtoolcache/CodeQL/2.27.1/x64/codeql/qlpacks/codeql/python-queries/1.8.11 found in cache.
[2026-10-05 03:48:11] [DETAILS] resolve library-path> Dbscheme was explicitly overridden as /home/runner/work/Unitary-Manifold-/Unitary-Manifold-/none
[2026-10-05 03:48:11] [DETAILS] resolve library-path> Library path was overridden on command line.
[2026-10-05 03:48:11] Plumbing command codeql resolve library-path completed:
                      {
                        "libraryPath" : [
                          "/home/runner/work/Unitary-Manifold-/Unitary-Manifold-/none"
                        ],
                        "dbscheme" : "/home/runner/work/Unitary-Manifold-/Unitary-Manifold-/none",
                        "compilationCache" : [
                          "/home/runner/.codeql/compile-cache"
                        ],
                        "relativeName" : "codeql/python-queries/Security/CWE-730/RegexInjection.ql",
                        "extractors" : [
                          "python"
                        ],
                        "qlPackName" : "codeql/python-queries"
                      }
[2026-10-05 03:48:11] Calling plumbing command: codeql resolve library-path --qlconfig-file=/home/runner/work/Unitary-Manifold-/Unitary-Manifold-/qlconfig.yml --query=/opt/hostedtoolcache/CodeQL/2.27.1/x64/codeql/qlpacks/codeql/python-queries/1.8.11/Security/CWE-295/MissingHostKeyValidation.ql --find-extractors --full-library-path=none --dbscheme=none --format=json
[2026-10-05 03:48:11] [DETAILS] resolve library-path> Resolving query at normalized path /opt/hostedtoolcache/CodeQL/2.27.1/x64/codeql/qlpacks/codeql/python-queries/1.8.11/Security/CWE-295/MissingHostKeyValidation.ql.
[2026-10-05 03:48:11] [DETAILS] resolve library-path> Found enclosing pack 'codeql/python-queries' at /opt/hostedtoolcache/CodeQL/2.27.1/x64/codeql/qlpacks/codeql/python-queries/1.8.11.
[2026-10-05 03:48:11] [DETAILS] resolve library-path> Adding compilation cache at /home/runner/.codeql/compile-cache.
[2026-10-05 03:48:11] [DETAILS] resolve library-path> QL pack dependencies for /opt/hostedtoolcache/CodeQL/2.27.1/x64/codeql/qlpacks/codeql/python-queries/1.8.11 found in cache.
[2026-10-05 03:48:11] [DETAILS] resolve library-path> Dbscheme was explicitly overridden as /home/runner/work/Unitary-Manifold-/Unitary-Manifold-/none
[2026-10-05 03:48:11] [DETAILS] resolve library-path> Library path was overridden on command line.
[2026-10-05 03:48:11] Plumbing command codeql resolve library-path completed:
                      {
                        "libraryPath" : [
                          "/home/runner/work/Unitary-Manifold-/Unitary-Manifold-/none"
                        ],
                        "dbscheme" : "/home/runner/work/Unitary-Manifold-/Unitary-Manifold-/none",
                        "compilationCache" : [
                          "/home/runner/.codeql/compile-cache"
                        ],
                        "relativeName" : "codeql/python-queries/Security/CWE-295/MissingHostKeyValidation.ql",
                        "extractors" : [
                          "python"
                        ],
                        "qlPackName" : "codeql/python-queries"
                      }
[2026-10-05 03:48:11] Calling plumbing command: codeql resolve library-path --qlconfig-file=/home/runner/work/Unitary-Manifold-/Unitary-Manifold-/qlconfig.yml --query=/opt/hostedtoolcache/CodeQL/2.27.1/x64/codeql/qlpacks/codeql/python-queries/1.8.11/Security/CWE-601/UrlRedirect.ql --find-extractors --full-library-path=none --dbscheme=none --format=json
[2026-10-05 03:48:11] [DETAILS] resolve library-path> Resolving query at normalized path /opt/hostedtoolcache/CodeQL/2.27.1/x64/codeql/qlpacks/codeql/python-queries/1.8.11/Security/CWE-601/UrlRedirect.ql.
[2026-10-05 03:48:11] [DETAILS] resolve library-path> Found enclosing pack 'codeql/python-queries' at /opt/hostedtoolcache/CodeQL/2.27.1/x64/codeql/qlpacks/codeql/python-queries/1.8.11.
[2026-10-05 03:48:11] [DETAILS] resolve library-path> Adding compilation cache at /home/runner/.codeql/compile-cache.
[2026-10-05 03:48:11] [DETAILS] resolve library-path> QL pack dependencies for /opt/hostedtoolcache/CodeQL/2.27.1/x64/codeql/qlpacks/codeql/python-queries/1.8.11 found in cache.
[2026-10-05 03:48:11] [DETAILS] resolve library-path> Dbscheme was explicitly overridden as /home/runner/work/Unitary-Manifold-/Unitary-Manifold-/none
[2026-10-05 03:48:11] [DETAILS] resolve library-path> Library path was overridden on command line.
[2026-10-05 03:48:11] Plumbing command codeql resolve library-path completed:
                      {
                        "libraryPath" : [
                          "/home/runner/work/Unitary-Manifold-/Unitary-Manifold-/none"
                        ],
                        "dbscheme" : "/home/runner/work/Unitary-Manifold-/Unitary-Manifold-/none",
                        "compilationCache" : [
                          "/home/runner/.codeql/compile-cache"
                        ],
                        "relativeName" : "codeql/python-queries/Security/CWE-601/UrlRedirect.ql",
                        "extractors" : [
                          "python"
                        ],
                        "qlPackName" : "codeql/python-queries"
                      }
[2026-10-05 03:48:11] Calling plumbing command: codeql resolve library-path --qlconfig-file=/home/runner/work/Unitary-Manifold-/Unitary-Manifold-/qlconfig.yml --query=/opt/hostedtoolcache/CodeQL/2.27.1/x64/codeql/qlpacks/codeql/python-queries/1.8.11/Security/CWE-611/Xxe.ql --find-extractors --full-library-path=none --dbscheme=none --format=json
[2026-10-05 03:48:11] [DETAILS] resolve library-path> Resolving query at normalized path /opt/hostedtoolcache/CodeQL/2.27.1/x64/codeql/qlpacks/codeql/python-queries/1.8.11/Security/CWE-611/Xxe.ql.
[2026-10-05 03:48:11] [DETAILS] resolve library-path> Found enclosing pack 'codeql/python-queries' at /opt/hostedtoolcache/CodeQL/2.27.1/x64/codeql/qlpacks/codeql/python-queries/1.8.11.
[2026-10-05 03:48:11] [DETAILS] resolve library-path> Adding compilation cache at /home/runner/.codeql/compile-cache.
[2026-10-05 03:48:11] [DETAILS] resolve library-path> QL pack dependencies for /opt/hostedtoolcache/CodeQL/2.27.1/x64/codeql/qlpacks/codeql/python-queries/1.8.11 found in cache.
[2026-10-05 03:48:11] [DETAILS] resolve library-path> Dbscheme was explicitly overridden as /home/runner/work/Unitary-Manifold-/Unitary-Manifold-/none
[2026-10-05 03:48:11] [DETAILS] resolve library-path> Library path was overridden on command line.
[2026-10-05 03:48:11] Plumbing command codeql resolve library-path completed:
                      {
                        "libraryPath" : [
                          "/home/runner/work/Unitary-Manifold-/Unitary-Manifold-/none"
                        ],
                        "dbscheme" : "/home/runner/work/Unitary-Manifold-/Unitary-Manifold-/none",
                        "compilationCache" : [
                          "/home/runner/.codeql/compile-cache"
                        ],
                        "relativeName" : "codeql/python-queries/Security/CWE-611/Xxe.ql",
                        "extractors" : [
                          "python"
                        ],
                        "qlPackName" : "codeql/python-queries"
                      }
[2026-10-05 03:48:11] Calling plumbing command: codeql resolve library-path --qlconfig-file=/home/runner/work/Unitary-Manifold-/Unitary-Manifold-/qlconfig.yml --query=/opt/hostedtoolcache/CodeQL/2.27.1/x64/codeql/qlpacks/codeql/python-queries/1.8.11/Security/CWE-1275/SameSiteNoneCookie.ql --find-extractors --full-library-path=none --dbscheme=none --format=json
[2026-10-05 03:48:11] [DETAILS] resolve library-path> Resolving query at normalized path /opt/hostedtoolcache/CodeQL/2.27.1/x64/codeql/qlpacks/codeql/python-queries/1.8.11/Security/CWE-1275/SameSiteNoneCookie.ql.
[2026-10-05 03:48:11] [DETAILS] resolve library-path> Found enclosing pack 'codeql/python-queries' at /opt/hostedtoolcache/CodeQL/2.27.1/x64/codeql/qlpacks/codeql/python-queries/1.8.11.
[2026-10-05 03:48:11] [DETAILS] resolve library-path> Adding compilation cache at /home/runner/.codeql/compile-cache.
[2026-10-05 03:48:11] [DETAILS] resolve library-path> QL pack dependencies for /opt/hostedtoolcache/CodeQL/2.27.1/x64/codeql/qlpacks/codeql/python-queries/1.8.11 found in cache.
[2026-10-05 03:48:11] [DETAILS] resolve library-path> Dbscheme was explicitly overridden as /home/runner/work/Unitary-Manifold-/Unitary-Manifold-/none
[2026-10-05 03:48:11] [DETAILS] resolve library-path> Library path was overridden on command line.
[2026-10-05 03:48:11] Plumbing command codeql resolve library-path completed:
                      {
                        "libraryPath" : [
                          "/home/runner/work/Unitary-Manifold-/Unitary-Manifold-/none"
                        ],
                        "dbscheme" : "/home/runner/work/Unitary-Manifold-/Unitary-Manifold-/none",
                        "compilationCache" : [
                          "/home/runner/.codeql/compile-cache"
                        ],
                        "relativeName" : "codeql/python-queries/Security/CWE-1275/SameSiteNoneCookie.ql",
                        "extractors" : [
                          "python"
                        ],
                        "qlPackName" : "codeql/python-queries"
                      }
[2026-10-05 03:48:11] Calling plumbing command: codeql resolve library-path --qlconfig-file=/home/runner/work/Unitary-Manifold-/Unitary-Manifold-/qlconfig.yml --query=/opt/hostedtoolcache/CodeQL/2.27.1/x64/codeql/qlpacks/codeql/python-queries/1.8.11/Security/CWE-352/CSRFProtectionDisabled.ql --find-extractors --full-library-path=none --dbscheme=none --format=json
[2026-10-05 03:48:11] [DETAILS] resolve library-path> Resolving query at normalized path /opt/hostedtoolcache/CodeQL/2.27.1/x64/codeql/qlpacks/codeql/python-queries/1.8.11/Security/CWE-352/CSRFProtectionDisabled.ql.
[2026-10-05 03:48:11] [DETAILS] resolve library-path> Found enclosing pack 'codeql/python-queries' at /opt/hostedtoolcache/CodeQL/2.27.1/x64/codeql/qlpacks/codeql/python-queries/1.8.11.
[2026-10-05 03:48:11] [DETAILS] resolve library-path> Adding compilation cache at /home/runner/.codeql/compile-cache.
[2026-10-05 03:48:11] [DETAILS] resolve library-path> QL pack dependencies for /opt/hostedtoolcache/CodeQL/2.27.1/x64/codeql/qlpacks/codeql/python-queries/1.8.11 found in cache.
[2026-10-05 03:48:11] [DETAILS] resolve library-path> Dbscheme was explicitly overridden as /home/runner/work/Unitary-Manifold-/Unitary-Manifold-/none
[2026-10-05 03:48:11] [DETAILS] resolve library-path> Library path was overridden on command line.
[2026-10-05 03:48:11] Plumbing command codeql resolve library-path completed:
                      {
                        "libraryPath" : [
                          "/home/runner/work/Unitary-Manifold-/Unitary-Manifold-/none"
                        ],
                        "dbscheme" : "/home/runner/work/Unitary-Manifold-/Unitary-Manifold-/none",
                        "compilationCache" : [
                          "/home/runner/.codeql/compile-cache"
                        ],
                        "relativeName" : "codeql/python-queries/Security/CWE-352/CSRFProtectionDisabled.ql",
                        "extractors" : [
                          "python"
                        ],
                        "qlPackName" : "codeql/python-queries"
                      }
[2026-10-05 03:48:11] Calling plumbing command: codeql resolve library-path --qlconfig-file=/home/runner/work/Unitary-Manifold-/Unitary-Manifold-/qlconfig.yml --query=/opt/hostedtoolcache/CodeQL/2.27.1/x64/codeql/qlpacks/codeql/python-queries/1.8.11/Security/CWE-312/CleartextStorage.ql --find-extractors --full-library-path=none --dbscheme=none --format=json
[2026-10-05 03:48:11] [DETAILS] resolve library-path> Resolving query at normalized path /opt/hostedtoolcache/CodeQL/2.27.1/x64/codeql/qlpacks/codeql/python-queries/1.8.11/Security/CWE-312/CleartextStorage.ql.
[2026-10-05 03:48:11] [DETAILS] resolve library-path> Found enclosing pack 'codeql/python-queries' at /opt/hostedtoolcache/CodeQL/2.27.1/x64/codeql/qlpacks/codeql/python-queries/1.8.11.
[2026-10-05 03:48:11] [DETAILS] resolve library-path> Adding compilation cache at /home/runner/.codeql/compile-cache.
[2026-10-05 03:48:11] [DETAILS] resolve library-path> QL pack dependencies for /opt/hostedtoolcache/CodeQL/2.27.1/x64/codeql/qlpacks/codeql/python-queries/1.8.11 found in cache.
[2026-10-05 03:48:11] [DETAILS] resolve library-path> Dbscheme was explicitly overridden as /home/runner/work/Unitary-Manifold-/Unitary-Manifold-/none
[2026-10-05 03:48:11] [DETAILS] resolve library-path> Library path was overridden on command line.
[2026-10-05 03:48:11] Plumbing command codeql resolve library-path completed:
                      {
                        "libraryPath" : [
                          "/home/runner/work/Unitary-Manifold-/Unitary-Manifold-/none"
                        ],
                        "dbscheme" : "/home/runner/work/Unitary-Manifold-/Unitary-Manifold-/none",
                        "compilationCache" : [
                          "/home/runner/.codeql/compile-cache"
                        ],
                        "relativeName" : "codeql/python-queries/Security/CWE-312/CleartextStorage.ql",
                        "extractors" : [
                          "python"
                        ],
                        "qlPackName" : "codeql/python-queries"
                      }
[2026-10-05 03:48:11] Calling plumbing command: codeql resolve library-path --qlconfig-file=/home/runner/work/Unitary-Manifold-/Unitary-Manifold-/qlconfig.yml --query=/opt/hostedtoolcache/CodeQL/2.27.1/x64/codeql/qlpacks/codeql/python-queries/1.8.11/Security/CWE-312/CleartextLogging.ql --find-extractors --full-library-path=none --dbscheme=none --format=json
[2026-10-05 03:48:11] [DETAILS] resolve library-path> Resolving query at normalized path /opt/hostedtoolcache/CodeQL/2.27.1/x64/codeql/qlpacks/codeql/python-queries/1.8.11/Security/CWE-312/CleartextLogging.ql.
[2026-10-05 03:48:11] [DETAILS] resolve library-path> Found enclosing pack 'codeql/python-queries' at /opt/hostedtoolcache/CodeQL/2.27.1/x64/codeql/qlpacks/codeql/python-queries/1.8.11.
[2026-10-05 03:48:11] [DETAILS] resolve library-path> Adding compilation cache at /home/runner/.codeql/compile-cache.
[2026-10-05 03:48:11] [DETAILS] resolve library-path> QL pack dependencies for /opt/hostedtoolcache/CodeQL/2.27.1/x64/codeql/qlpacks/codeql/python-queries/1.8.11 found in cache.
[2026-10-05 03:48:11] [DETAILS] resolve library-path> Dbscheme was explicitly overridden as /home/runner/work/Unitary-Manifold-/Unitary-Manifold-/none
[2026-10-05 03:48:11] [DETAILS] resolve library-path> Library path was overridden on command line.
[2026-10-05 03:48:11] Plumbing command codeql resolve library-path completed:
                      {
                        "libraryPath" : [
                          "/home/runner/work/Unitary-Manifold-/Unitary-Manifold-/none"
                        ],
                        "dbscheme" : "/home/runner/work/Unitary-Manifold-/Unitary-Manifold-/none",
                        "compilationCache" : [
                          "/home/runner/.codeql/compile-cache"
                        ],
                        "relativeName" : "codeql/python-queries/Security/CWE-312/CleartextLogging.ql",
                        "extractors" : [
                          "python"
                        ],
                        "qlPackName" : "codeql/python-queries"
                      }
[2026-10-05 03:48:11] Calling plumbing command: codeql resolve library-path --qlconfig-file=/home/runner/work/Unitary-Manifold-/Unitary-Manifold-/qlconfig.yml --query=/opt/hostedtoolcache/CodeQL/2.27.1/x64/codeql/qlpacks/codeql/python-queries/1.8.11/Security/CWE-776/XmlBomb.ql --find-extractors --full-library-path=none --dbscheme=none --format=json
[2026-10-05 03:48:11] [DETAILS] resolve library-path> Resolving query at normalized path /opt/hostedtoolcache/CodeQL/2.27.1/x64/codeql/qlpacks/codeql/python-queries/1.8.11/Security/CWE-776/XmlBomb.ql.
[2026-10-05 03:48:11] [DETAILS] resolve library-path> Found enclosing pack 'codeql/python-queries' at /opt/hostedtoolcache/CodeQL/2.27.1/x64/codeql/qlpacks/codeql/python-queries/1.8.11.
[2026-10-05 03:48:11] [DETAILS] resolve library-path> Adding compilation cache at /home/runner/.codeql/compile-cache.
[2026-10-05 03:48:11] [DETAILS] resolve library-path> QL pack dependencies for /opt/hostedtoolcache/CodeQL/2.27.1/x64/codeql/qlpacks/codeql/python-queries/1.8.11 found in cache.
[2026-10-05 03:48:11] [DETAILS] resolve library-path> Dbscheme was explicitly overridden as /home/runner/work/Unitary-Manifold-/Unitary-Manifold-/none
[2026-10-05 03:48:11] [DETAILS] resolve library-path> Library path was overridden on command line.
[2026-10-05 03:48:11] Plumbing command codeql resolve library-path completed:
                      {
                        "libraryPath" : [
                          "/home/runner/work/Unitary-Manifold-/Unitary-Manifold-/none"
                        ],
                        "dbscheme" : "/home/runner/work/Unitary-Manifold-/Unitary-Manifold-/none",
                        "compilationCache" : [
                          "/home/runner/.codeql/compile-cache"
                        ],
                        "relativeName" : "codeql/python-queries/Security/CWE-776/XmlBomb.ql",
                        "extractors" : [
                          "python"
                        ],
                        "qlPackName" : "codeql/python-queries"
                      }
[2026-10-05 03:48:11] Calling plumbing command: codeql resolve library-path --qlconfig-file=/home/runner/work/Unitary-Manifold-/Unitary-Manifold-/qlconfig.yml --query=/opt/hostedtoolcache/CodeQL/2.27.1/x64/codeql/qlpacks/codeql/python-queries/1.8.11/Security/CWE-1004/NonHttpOnlyCookie.ql --find-extractors --full-library-path=none --dbscheme=none --format=json
[2026-10-05 03:48:11] [DETAILS] resolve library-path> Resolving query at normalized path /opt/hostedtoolcache/CodeQL/2.27.1/x64/codeql/qlpacks/codeql/python-queries/1.8.11/Security/CWE-1004/NonHttpOnlyCookie.ql.
[2026-10-05 03:48:11] [DETAILS] resolve library-path> Found enclosing pack 'codeql/python-queries' at /opt/hostedtoolcache/CodeQL/2.27.1/x64/codeql/qlpacks/codeql/python-queries/1.8.11.
[2026-10-05 03:48:11] [DETAILS] resolve library-path> Adding compilation cache at /home/runner/.codeql/compile-cache.
[2026-10-05 03:48:11] [DETAILS] resolve library-path> QL pack dependencies for /opt/hostedtoolcache/CodeQL/2.27.1/x64/codeql/qlpacks/codeql/python-queries/1.8.11 found in cache.
[2026-10-05 03:48:11] [DETAILS] resolve library-path> Dbscheme was explicitly overridden as /home/runner/work/Unitary-Manifold-/Unitary-Manifold-/none
[2026-10-05 03:48:11] [DETAILS] resolve library-path> Library path was overridden on command line.
[2026-10-05 03:48:11] Plumbing command codeql resolve library-path completed:
                      {
                        "libraryPath" : [
                          "/home/runner/work/Unitary-Manifold-/Unitary-Manifold-/none"
                        ],
                        "dbscheme" : "/home/runner/work/Unitary-Manifold-/Unitary-Manifold-/none",
                        "compilationCache" : [
                          "/home/runner/.codeql/compile-cache"
                        ],
                        "relativeName" : "codeql/python-queries/Security/CWE-1004/NonHttpOnlyCookie.ql",
                        "extractors" : [
                          "python"
                        ],
                        "qlPackName" : "codeql/python-queries"
                      }
[2026-10-05 03:48:11] Calling plumbing command: codeql resolve library-path --qlconfig-file=/home/runner/work/Unitary-Manifold-/Unitary-Manifold-/qlconfig.yml --query=/opt/hostedtoolcache/CodeQL/2.27.1/x64/codeql/qlpacks/codeql/python-queries/1.8.11/Security/CWE-502/UnsafeDeserialization.ql --find-extractors --full-library-path=none --dbscheme=none --format=json
[2026-10-05 03:48:11] [DETAILS] resolve library-path> Resolving query at normalized path /opt/hostedtoolcache/CodeQL/2.27.1/x64/codeql/qlpacks/codeql/python-queries/1.8.11/Security/CWE-502/UnsafeDeserialization.ql.
[2026-10-05 03:48:11] [DETAILS] resolve library-path> Found enclosing pack 'codeql/python-queries' at /opt/hostedtoolcache/CodeQL/2.27.1/x64/codeql/qlpacks/codeql/python-queries/1.8.11.
[2026-10-05 03:48:11] [DETAILS] resolve library-path> Adding compilation cache at /home/runner/.codeql/compile-cache.
[2026-10-05 03:48:11] [DETAILS] resolve library-path> QL pack dependencies for /opt/hostedtoolcache/CodeQL/2.27.1/x64/codeql/qlpacks/codeql/python-queries/1.8.11 found in cache.
[2026-10-05 03:48:11] [DETAILS] resolve library-path> Dbscheme was explicitly overridden as /home/runner/work/Unitary-Manifold-/Unitary-Manifold-/none
[2026-10-05 03:48:11] [DETAILS] resolve library-path> Library path was overridden on command line.
[2026-10-05 03:48:11] Plumbing command codeql resolve library-path completed:
                      {
                        "libraryPath" : [
                          "/home/runner/work/Unitary-Manifold-/Unitary-Manifold-/none"
                        ],
                        "dbscheme" : "/home/runner/work/Unitary-Manifold-/Unitary-Manifold-/none",
                        "compilationCache" : [
                          "/home/runner/.codeql/compile-cache"
                        ],
                        "relativeName" : "codeql/python-queries/Security/CWE-502/UnsafeDeserialization.ql",
                        "extractors" : [
                          "python"
                        ],
                        "qlPackName" : "codeql/python-queries"
                      }
[2026-10-05 03:48:12] Calling plumbing command: codeql resolve library-path --qlconfig-file=/home/runner/work/Unitary-Manifold-/Unitary-Manifold-/qlconfig.yml --query=/opt/hostedtoolcache/CodeQL/2.27.1/x64/codeql/qlpacks/codeql/python-queries/1.8.11/Security/CWE-089/SqlInjection.ql --find-extractors --full-library-path=none --dbscheme=none --format=json
[2026-10-05 03:48:12] [DETAILS] resolve library-path> Resolving query at normalized path /opt/hostedtoolcache/CodeQL/2.27.1/x64/codeql/qlpacks/codeql/python-queries/1.8.11/Security/CWE-089/SqlInjection.ql.
[2026-10-05 03:48:12] [DETAILS] resolve library-path> Found enclosing pack 'codeql/python-queries' at /opt/hostedtoolcache/CodeQL/2.27.1/x64/codeql/qlpacks/codeql/python-queries/1.8.11.
[2026-10-05 03:48:12] [DETAILS] resolve library-path> Adding compilation cache at /home/runner/.codeql/compile-cache.
[2026-10-05 03:48:12] [DETAILS] resolve library-path> QL pack dependencies for /opt/hostedtoolcache/CodeQL/2.27.1/x64/codeql/qlpacks/codeql/python-queries/1.8.11 found in cache.
[2026-10-05 03:48:12] [DETAILS] resolve library-path> Dbscheme was explicitly overridden as /home/runner/work/Unitary-Manifold-/Unitary-Manifold-/none
[2026-10-05 03:48:12] [DETAILS] resolve library-path> Library path was overridden on command line.
[2026-10-05 03:48:12] Plumbing command codeql resolve library-path completed:
                      {
                        "libraryPath" : [
                          "/home/runner/work/Unitary-Manifold-/Unitary-Manifold-/none"
                        ],
                        "dbscheme" : "/home/runner/work/Unitary-Manifold-/Unitary-Manifold-/none",
                        "compilationCache" : [
                          "/home/runner/.codeql/compile-cache"
                        ],
                        "relativeName" : "codeql/python-queries/Security/CWE-089/SqlInjection.ql",
                        "extractors" : [
                          "python"
                        ],
                        "qlPackName" : "codeql/python-queries"
                      }
[2026-10-05 03:48:12] Calling plumbing command: codeql resolve library-path --qlconfig-file=/home/runner/work/Unitary-Manifold-/Unitary-Manifold-/qlconfig.yml --query=/opt/hostedtoolcache/CodeQL/2.27.1/x64/codeql/qlpacks/codeql/python-queries/1.8.11/Security/CVE-2018-1281/BindToAllInterfaces.ql --find-extractors --full-library-path=none --dbscheme=none --format=json
[2026-10-05 03:48:12] [DETAILS] resolve library-path> Resolving query at normalized path /opt/hostedtoolcache/CodeQL/2.27.1/x64/codeql/qlpacks/codeql/python-queries/1.8.11/Security/CVE-2018-1281/BindToAllInterfaces.ql.
[2026-10-05 03:48:12] [DETAILS] resolve library-path> Found enclosing pack 'codeql/python-queries' at /opt/hostedtoolcache/CodeQL/2.27.1/x64/codeql/qlpacks/codeql/python-queries/1.8.11.
[2026-10-05 03:48:12] [DETAILS] resolve library-path> Adding compilation cache at /home/runner/.codeql/compile-cache.
[2026-10-05 03:48:12] [DETAILS] resolve library-path> QL pack dependencies for /opt/hostedtoolcache/CodeQL/2.27.1/x64/codeql/qlpacks/codeql/python-queries/1.8.11 found in cache.
[2026-10-05 03:48:12] [DETAILS] resolve library-path> Dbscheme was explicitly overridden as /home/runner/work/Unitary-Manifold-/Unitary-Manifold-/none
[2026-10-05 03:48:12] [DETAILS] resolve library-path> Library path was overridden on command line.
[2026-10-05 03:48:12] Plumbing command codeql resolve library-path completed:
                      {
                        "libraryPath" : [
                          "/home/runner/work/Unitary-Manifold-/Unitary-Manifold-/none"
                        ],
                        "dbscheme" : "/home/runner/work/Unitary-Manifold-/Unitary-Manifold-/none",
                        "compilationCache" : [
                          "/home/runner/.codeql/compile-cache"
                        ],
                        "relativeName" : "codeql/python-queries/Security/CVE-2018-1281/BindToAllInterfaces.ql",
                        "extractors" : [
                          "python"
                        ],
                        "qlPackName" : "codeql/python-queries"
                      }
[2026-10-05 03:48:12] Calling plumbing command: codeql resolve library-path --qlconfig-file=/home/runner/work/Unitary-Manifold-/Unitary-Manifold-/qlconfig.yml --query=/opt/hostedtoolcache/CodeQL/2.27.1/x64/codeql/qlpacks/codeql/python-queries/1.8.11/Security/CWE-078/CommandInjection.ql --find-extractors --full-library-path=none --dbscheme=none --format=json
[2026-10-05 03:48:12] [DETAILS] resolve library-path> Resolving query at normalized path /opt/hostedtoolcache/CodeQL/2.27.1/x64/codeql/qlpacks/codeql/python-queries/1.8.11/Security/CWE-078/CommandInjection.ql.
[2026-10-05 03:48:12] [DETAILS] resolve library-path> Found enclosing pack 'codeql/python-queries' at /opt/hostedtoolcache/CodeQL/2.27.1/x64/codeql/qlpacks/codeql/python-queries/1.8.11.
[2026-10-05 03:48:12] [DETAILS] resolve library-path> Adding compilation cache at /home/runner/.codeql/compile-cache.
[2026-10-05 03:48:12] [DETAILS] resolve library-path> QL pack dependencies for /opt/hostedtoolcache/CodeQL/2.27.1/x64/codeql/qlpacks/codeql/python-queries/1.8.11 found in cache.
[2026-10-05 03:48:12] [DETAILS] resolve library-path> Dbscheme was explicitly overridden as /home/runner/work/Unitary-Manifold-/Unitary-Manifold-/none
[2026-10-05 03:48:12] [DETAILS] resolve library-path> Library path was overridden on command line.
[2026-10-05 03:48:12] Plumbing command codeql resolve library-path completed:
                      {
                        "libraryPath" : [
                          "/home/runner/work/Unitary-Manifold-/Unitary-Manifold-/none"
                        ],
                        "dbscheme" : "/home/runner/work/Unitary-Manifold-/Unitary-Manifold-/none",
                        "compilationCache" : [
                          "/home/runner/.codeql/compile-cache"
                        ],
                        "relativeName" : "codeql/python-queries/Security/CWE-078/CommandInjection.ql",
                        "extractors" : [
                          "python"
                        ],
                        "qlPackName" : "codeql/python-queries"
                      }
[2026-10-05 03:48:12] Calling plumbing command: codeql resolve library-path --qlconfig-file=/home/runner/work/Unitary-Manifold-/Unitary-Manifold-/qlconfig.yml --query=/opt/hostedtoolcache/CodeQL/2.27.1/x64/codeql/qlpacks/codeql/python-queries/1.8.11/Security/CWE-074/TemplateInjection.ql --find-extractors --full-library-path=none --dbscheme=none --format=json
[2026-10-05 03:48:12] [DETAILS] resolve library-path> Resolving query at normalized path /opt/hostedtoolcache/CodeQL/2.27.1/x64/codeql/qlpacks/codeql/python-queries/1.8.11/Security/CWE-074/TemplateInjection.ql.
[2026-10-05 03:48:12] [DETAILS] resolve library-path> Found enclosing pack 'codeql/python-queries' at /opt/hostedtoolcache/CodeQL/2.27.1/x64/codeql/qlpacks/codeql/python-queries/1.8.11.
[2026-10-05 03:48:12] [DETAILS] resolve library-path> Adding compilation cache at /home/runner/.codeql/compile-cache.
[2026-10-05 03:48:12] [DETAILS] resolve library-path> QL pack dependencies for /opt/hostedtoolcache/CodeQL/2.27.1/x64/codeql/qlpacks/codeql/python-queries/1.8.11 found in cache.
[2026-10-05 03:48:12] [DETAILS] resolve library-path> Dbscheme was explicitly overridden as /home/runner/work/Unitary-Manifold-/Unitary-Manifold-/none
[2026-10-05 03:48:12] [DETAILS] resolve library-path> Library path was overridden on command line.
[2026-10-05 03:48:12] Plumbing command codeql resolve library-path completed:
                      {
                        "libraryPath" : [
                          "/home/runner/work/Unitary-Manifold-/Unitary-Manifold-/none"
                        ],
                        "dbscheme" : "/home/runner/work/Unitary-Manifold-/Unitary-Manifold-/none",
                        "compilationCache" : [
                          "/home/runner/.codeql/compile-cache"
                        ],
                        "relativeName" : "codeql/python-queries/Security/CWE-074/TemplateInjection.ql",
                        "extractors" : [
                          "python"
                        ],
                        "qlPackName" : "codeql/python-queries"
                      }
[2026-10-05 03:48:12] Calling plumbing command: codeql resolve library-path --qlconfig-file=/home/runner/work/Unitary-Manifold-/Unitary-Manifold-/qlconfig.yml --query=/opt/hostedtoolcache/CodeQL/2.27.1/x64/codeql/qlpacks/codeql/python-queries/1.8.11/Security/CWE-215/FlaskDebug.ql --find-extractors --full-library-path=none --dbscheme=none --format=json
[2026-10-05 03:48:12] [DETAILS] resolve library-path> Resolving query at normalized path /opt/hostedtoolcache/CodeQL/2.27.1/x64/codeql/qlpacks/codeql/python-queries/1.8.11/Security/CWE-215/FlaskDebug.ql.
[2026-10-05 03:48:12] [DETAILS] resolve library-path> Found enclosing pack 'codeql/python-queries' at /opt/hostedtoolcache/CodeQL/2.27.1/x64/codeql/qlpacks/codeql/python-queries/1.8.11.
[2026-10-05 03:48:12] [DETAILS] resolve library-path> Adding compilation cache at /home/runner/.codeql/compile-cache.
[2026-10-05 03:48:12] [DETAILS] resolve library-path> QL pack dependencies for /opt/hostedtoolcache/CodeQL/2.27.1/x64/codeql/qlpacks/codeql/python-queries/1.8.11 found in cache.
[2026-10-05 03:48:12] [DETAILS] resolve library-path> Dbscheme was explicitly overridden as /home/runner/work/Unitary-Manifold-/Unitary-Manifold-/none
[2026-10-05 03:48:12] [DETAILS] resolve library-path> Library path was overridden on command line.
[2026-10-05 03:48:12] Plumbing command codeql resolve library-path completed:
                      {
                        "libraryPath" : [
                          "/home/runner/work/Unitary-Manifold-/Unitary-Manifold-/none"
                        ],
                        "dbscheme" : "/home/runner/work/Unitary-Manifold-/Unitary-Manifold-/none",
                        "compilationCache" : [
                          "/home/runner/.codeql/compile-cache"
                        ],
                        "relativeName" : "codeql/python-queries/Security/CWE-215/FlaskDebug.ql",
                        "extractors" : [
                          "python"
                        ],
                        "qlPackName" : "codeql/python-queries"
                      }
[2026-10-05 03:48:12] Calling plumbing command: codeql resolve library-path --qlconfig-file=/home/runner/work/Unitary-Manifold-/Unitary-Manifold-/qlconfig.yml --query=/opt/hostedtoolcache/CodeQL/2.27.1/x64/codeql/qlpacks/codeql/python-queries/1.8.11/Security/CWE-090/LdapInjection.ql --find-extractors --full-library-path=none --dbscheme=none --format=json
[2026-10-05 03:48:12] [DETAILS] resolve library-path> Resolving query at normalized path /opt/hostedtoolcache/CodeQL/2.27.1/x64/codeql/qlpacks/codeql/python-queries/1.8.11/Security/CWE-090/LdapInjection.ql.
[2026-10-05 03:48:12] [DETAILS] resolve library-path> Found enclosing pack 'codeql/python-queries' at /opt/hostedtoolcache/CodeQL/2.27.1/x64/codeql/qlpacks/codeql/python-queries/1.8.11.
[2026-10-05 03:48:12] [DETAILS] resolve library-path> Adding compilation cache at /home/runner/.codeql/compile-cache.
[2026-10-05 03:48:12] [DETAILS] resolve library-path> QL pack dependencies for /opt/hostedtoolcache/CodeQL/2.27.1/x64/codeql/qlpacks/codeql/python-queries/1.8.11 found in cache.
[2026-10-05 03:48:12] [DETAILS] resolve library-path> Dbscheme was explicitly overridden as /home/runner/work/Unitary-Manifold-/Unitary-Manifold-/none
[2026-10-05 03:48:12] [DETAILS] resolve library-path> Library path was overridden on command line.
[2026-10-05 03:48:12] Plumbing command codeql resolve library-path completed:
                      {
                        "libraryPath" : [
                          "/home/runner/work/Unitary-Manifold-/Unitary-Manifold-/none"
                        ],
                        "dbscheme" : "/home/runner/work/Unitary-Manifold-/Unitary-Manifold-/none",
                        "compilationCache" : [
                          "/home/runner/.codeql/compile-cache"
                        ],
                        "relativeName" : "codeql/python-queries/Security/CWE-090/LdapInjection.ql",
                        "extractors" : [
                          "python"
                        ],
                        "qlPackName" : "codeql/python-queries"
                      }
[2026-10-05 03:48:12] Calling plumbing command: codeql resolve library-path --qlconfig-file=/home/runner/work/Unitary-Manifold-/Unitary-Manifold-/qlconfig.yml --query=/opt/hostedtoolcache/CodeQL/2.27.1/x64/codeql/qlpacks/codeql/python-queries/1.8.11/Security/CWE-327/WeakSensitiveDataHashing.ql --find-extractors --full-library-path=none --dbscheme=none --format=json
[2026-10-05 03:48:12] [DETAILS] resolve library-path> Resolving query at normalized path /opt/hostedtoolcache/CodeQL/2.27.1/x64/codeql/qlpacks/codeql/python-queries/1.8.11/Security/CWE-327/WeakSensitiveDataHashing.ql.
[2026-10-05 03:48:12] [DETAILS] resolve library-path> Found enclosing pack 'codeql/python-queries' at /opt/hostedtoolcache/CodeQL/2.27.1/x64/codeql/qlpacks/codeql/python-queries/1.8.11.
[2026-10-05 03:48:12] [DETAILS] resolve library-path> Adding compilation cache at /home/runner/.codeql/compile-cache.
[2026-10-05 03:48:12] [DETAILS] resolve library-path> QL pack dependencies for /opt/hostedtoolcache/CodeQL/2.27.1/x64/codeql/qlpacks/codeql/python-queries/1.8.11 found in cache.
[2026-10-05 03:48:12] [DETAILS] resolve library-path> Dbscheme was explicitly overridden as /home/runner/work/Unitary-Manifold-/Unitary-Manifold-/none
[2026-10-05 03:48:12] [DETAILS] resolve library-path> Library path was overridden on command line.
[2026-10-05 03:48:12] Plumbing command codeql resolve library-path completed:
                      {
                        "libraryPath" : [
                          "/home/runner/work/Unitary-Manifold-/Unitary-Manifold-/none"
                        ],
                        "dbscheme" : "/home/runner/work/Unitary-Manifold-/Unitary-Manifold-/none",
                        "compilationCache" : [
                          "/home/runner/.codeql/compile-cache"
                        ],
                        "relativeName" : "codeql/python-queries/Security/CWE-327/WeakSensitiveDataHashing.ql",
                        "extractors" : [
                          "python"
                        ],
                        "qlPackName" : "codeql/python-queries"
                      }
[2026-10-05 03:48:12] Calling plumbing command: codeql resolve library-path --qlconfig-file=/home/runner/work/Unitary-Manifold-/Unitary-Manifold-/qlconfig.yml --query=/opt/hostedtoolcache/CodeQL/2.27.1/x64/codeql/qlpacks/codeql/python-queries/1.8.11/Security/CWE-327/InsecureProtocol.ql --find-extractors --full-library-path=none --dbscheme=none --format=json
[2026-10-05 03:48:12] [DETAILS] resolve library-path> Resolving query at normalized path /opt/hostedtoolcache/CodeQL/2.27.1/x64/codeql/qlpacks/codeql/python-queries/1.8.11/Security/CWE-327/InsecureProtocol.ql.
[2026-10-05 03:48:12] [DETAILS] resolve library-path> Found enclosing pack 'codeql/python-queries' at /opt/hostedtoolcache/CodeQL/2.27.1/x64/codeql/qlpacks/codeql/python-queries/1.8.11.
[2026-10-05 03:48:12] [DETAILS] resolve library-path> Adding compilation cache at /home/runner/.codeql/compile-cache.
[2026-10-05 03:48:12] [DETAILS] resolve library-path> QL pack dependencies for /opt/hostedtoolcache/CodeQL/2.27.1/x64/codeql/qlpacks/codeql/python-queries/1.8.11 found in cache.
[2026-10-05 03:48:12] [DETAILS] resolve library-path> Dbscheme was explicitly overridden as /home/runner/work/Unitary-Manifold-/Unitary-Manifold-/none
[2026-10-05 03:48:12] [DETAILS] resolve library-path> Library path was overridden on command line.
[2026-10-05 03:48:12] Plumbing command codeql resolve library-path completed:
                      {
                        "libraryPath" : [
                          "/home/runner/work/Unitary-Manifold-/Unitary-Manifold-/none"
                        ],
                        "dbscheme" : "/home/runner/work/Unitary-Manifold-/Unitary-Manifold-/none",
                        "compilationCache" : [
                          "/home/runner/.codeql/compile-cache"
                        ],
                        "relativeName" : "codeql/python-queries/Security/CWE-327/InsecureProtocol.ql",
                        "extractors" : [
                          "python"
                        ],
                        "qlPackName" : "codeql/python-queries"
                      }
[2026-10-05 03:48:12] Calling plumbing command: codeql resolve library-path --qlconfig-file=/home/runner/work/Unitary-Manifold-/Unitary-Manifold-/qlconfig.yml --query=/opt/hostedtoolcache/CodeQL/2.27.1/x64/codeql/qlpacks/codeql/python-queries/1.8.11/Security/CWE-327/BrokenCryptoAlgorithm.ql --find-extractors --full-library-path=none --dbscheme=none --format=json
[2026-10-05 03:48:12] [DETAILS] resolve library-path> Resolving query at normalized path /opt/hostedtoolcache/CodeQL/2.27.1/x64/codeql/qlpacks/codeql/python-queries/1.8.11/Security/CWE-327/BrokenCryptoAlgorithm.ql.
[2026-10-05 03:48:12] [DETAILS] resolve library-path> Found enclosing pack 'codeql/python-queries' at /opt/hostedtoolcache/CodeQL/2.27.1/x64/codeql/qlpacks/codeql/python-queries/1.8.11.
[2026-10-05 03:48:12] [DETAILS] resolve library-path> Adding compilation cache at /home/runner/.codeql/compile-cache.
[2026-10-05 03:48:12] [DETAILS] resolve library-path> QL pack dependencies for /opt/hostedtoolcache/CodeQL/2.27.1/x64/codeql/qlpacks/codeql/python-queries/1.8.11 found in cache.
[2026-10-05 03:48:12] [DETAILS] resolve library-path> Dbscheme was explicitly overridden as /home/runner/work/Unitary-Manifold-/Unitary-Manifold-/none
[2026-10-05 03:48:12] [DETAILS] resolve library-path> Library path was overridden on command line.
[2026-10-05 03:48:12] Plumbing command codeql resolve library-path completed:
                      {
                        "libraryPath" : [
                          "/home/runner/work/Unitary-Manifold-/Unitary-Manifold-/none"
                        ],
                        "dbscheme" : "/home/runner/work/Unitary-Manifold-/Unitary-Manifold-/none",
                        "compilationCache" : [
                          "/home/runner/.codeql/compile-cache"
                        ],
                        "relativeName" : "codeql/python-queries/Security/CWE-327/BrokenCryptoAlgorithm.ql",
                        "extractors" : [
                          "python"
                        ],
                        "qlPackName" : "codeql/python-queries"
                      }
[2026-10-05 03:48:12] Calling plumbing command: codeql resolve library-path --qlconfig-file=/home/runner/work/Unitary-Manifold-/Unitary-Manifold-/qlconfig.yml --query=/opt/hostedtoolcache/CodeQL/2.27.1/x64/codeql/qlpacks/codeql/python-queries/1.8.11/Security/CWE-327/InsecureDefaultProtocol.ql --find-extractors --full-library-path=none --dbscheme=none --format=json
[2026-10-05 03:48:12] [DETAILS] resolve library-path> Resolving query at normalized path /opt/hostedtoolcache/CodeQL/2.27.1/x64/codeql/qlpacks/codeql/python-queries/1.8.11/Security/CWE-327/InsecureDefaultProtocol.ql.
[2026-10-05 03:48:12] [DETAILS] resolve library-path> Found enclosing pack 'codeql/python-queries' at /opt/hostedtoolcache/CodeQL/2.27.1/x64/codeql/qlpacks/codeql/python-queries/1.8.11.
[2026-10-05 03:48:12] [DETAILS] resolve library-path> Adding compilation cache at /home/runner/.codeql/compile-cache.
[2026-10-05 03:48:12] [DETAILS] resolve library-path> QL pack dependencies for /opt/hostedtoolcache/CodeQL/2.27.1/x64/codeql/qlpacks/codeql/python-queries/1.8.11 found in cache.
[2026-10-05 03:48:12] [DETAILS] resolve library-path> Dbscheme was explicitly overridden as /home/runner/work/Unitary-Manifold-/Unitary-Manifold-/none
[2026-10-05 03:48:12] [DETAILS] resolve library-path> Library path was overridden on command line.
[2026-10-05 03:48:12] Plumbing command codeql resolve library-path completed:
                      {
                        "libraryPath" : [
                          "/home/runner/work/Unitary-Manifold-/Unitary-Manifold-/none"
                        ],
                        "dbscheme" : "/home/runner/work/Unitary-Manifold-/Unitary-Manifold-/none",
                        "compilationCache" : [
                          "/home/runner/.codeql/compile-cache"
                        ],
                        "relativeName" : "codeql/python-queries/Security/CWE-327/InsecureDefaultProtocol.ql",
                        "extractors" : [
                          "python"
                        ],
                        "qlPackName" : "codeql/python-queries"
                      }
[2026-10-05 03:48:12] Calling plumbing command: codeql resolve library-path --qlconfig-file=/home/runner/work/Unitary-Manifold-/Unitary-Manifold-/qlconfig.yml --query=/opt/hostedtoolcache/CodeQL/2.27.1/x64/codeql/qlpacks/codeql/python-queries/1.8.11/Security/CWE-614/InsecureCookie.ql --find-extractors --full-library-path=none --dbscheme=none --format=json
[2026-10-05 03:48:12] [DETAILS] resolve library-path> Resolving query at normalized path /opt/hostedtoolcache/CodeQL/2.27.1/x64/codeql/qlpacks/codeql/python-queries/1.8.11/Security/CWE-614/InsecureCookie.ql.
[2026-10-05 03:48:12] [DETAILS] resolve library-path> Found enclosing pack 'codeql/python-queries' at /opt/hostedtoolcache/CodeQL/2.27.1/x64/codeql/qlpacks/codeql/python-queries/1.8.11.
[2026-10-05 03:48:12] [DETAILS] resolve library-path> Adding compilation cache at /home/runner/.codeql/compile-cache.
[2026-10-05 03:48:12] [DETAILS] resolve library-path> QL pack dependencies for /opt/hostedtoolcache/CodeQL/2.27.1/x64/codeql/qlpacks/codeql/python-queries/1.8.11 found in cache.
[2026-10-05 03:48:12] [DETAILS] resolve library-path> Dbscheme was explicitly overridden as /home/runner/work/Unitary-Manifold-/Unitary-Manifold-/none
[2026-10-05 03:48:12] [DETAILS] resolve library-path> Library path was overridden on command line.
[2026-10-05 03:48:12] Plumbing command codeql resolve library-path completed:
                      {
                        "libraryPath" : [
                          "/home/runner/work/Unitary-Manifold-/Unitary-Manifold-/none"
                        ],
                        "dbscheme" : "/home/runner/work/Unitary-Manifold-/Unitary-Manifold-/none",
                        "compilationCache" : [
                          "/home/runner/.codeql/compile-cache"
                        ],
                        "relativeName" : "codeql/python-queries/Security/CWE-614/InsecureCookie.ql",
                        "extractors" : [
                          "python"
                        ],
                        "qlPackName" : "codeql/python-queries"
                      }
[2026-10-05 03:48:12] Calling plumbing command: codeql resolve library-path --qlconfig-file=/home/runner/work/Unitary-Manifold-/Unitary-Manifold-/qlconfig.yml --query=/opt/hostedtoolcache/CodeQL/2.27.1/x64/codeql/qlpacks/codeql/python-queries/1.8.11/Security/CWE-285/PamAuthorization.ql --find-extractors --full-library-path=none --dbscheme=none --format=json
[2026-10-05 03:48:12] [DETAILS] resolve library-path> Resolving query at normalized path /opt/hostedtoolcache/CodeQL/2.27.1/x64/codeql/qlpacks/codeql/python-queries/1.8.11/Security/CWE-285/PamAuthorization.ql.
[2026-10-05 03:48:12] [DETAILS] resolve library-path> Found enclosing pack 'codeql/python-queries' at /opt/hostedtoolcache/CodeQL/2.27.1/x64/codeql/qlpacks/codeql/python-queries/1.8.11.
[2026-10-05 03:48:12] [DETAILS] resolve library-path> Adding compilation cache at /home/runner/.codeql/compile-cache.
[2026-10-05 03:48:12] [DETAILS] resolve library-path> QL pack dependencies for /opt/hostedtoolcache/CodeQL/2.27.1/x64/codeql/qlpacks/codeql/python-queries/1.8.11 found in cache.
[2026-10-05 03:48:12] [DETAILS] resolve library-path> Dbscheme was explicitly overridden as /home/runner/work/Unitary-Manifold-/Unitary-Manifold-/none
[2026-10-05 03:48:12] [DETAILS] resolve library-path> Library path was overridden on command line.
[2026-10-05 03:48:12] Plumbing command codeql resolve library-path completed:
                      {
                        "libraryPath" : [
                          "/home/runner/work/Unitary-Manifold-/Unitary-Manifold-/none"
                        ],
                        "dbscheme" : "/home/runner/work/Unitary-Manifold-/Unitary-Manifold-/none",
                        "compilationCache" : [
                          "/home/runner/.codeql/compile-cache"
                        ],
                        "relativeName" : "codeql/python-queries/Security/CWE-285/PamAuthorization.ql",
                        "extractors" : [
                          "python"
                        ],
                        "qlPackName" : "codeql/python-queries"
                      }
[2026-10-05 03:48:12] Calling plumbing command: codeql resolve library-path --qlconfig-file=/home/runner/work/Unitary-Manifold-/Unitary-Manifold-/qlconfig.yml --query=/opt/hostedtoolcache/CodeQL/2.27.1/x64/codeql/qlpacks/codeql/python-queries/1.8.11/Security/CWE-020/IncompleteUrlSubstringSanitization.ql --find-extractors --full-library-path=none --dbscheme=none --format=json
[2026-10-05 03:48:12] [DETAILS] resolve library-path> Resolving query at normalized path /opt/hostedtoolcache/CodeQL/2.27.1/x64/codeql/qlpacks/codeql/python-queries/1.8.11/Security/CWE-020/IncompleteUrlSubstringSanitization.ql.
[2026-10-05 03:48:12] [DETAILS] resolve library-path> Found enclosing pack 'codeql/python-queries' at /opt/hostedtoolcache/CodeQL/2.27.1/x64/codeql/qlpacks/codeql/python-queries/1.8.11.
[2026-10-05 03:48:12] [DETAILS] resolve library-path> Adding compilation cache at /home/runner/.codeql/compile-cache.
[2026-10-05 03:48:12] [DETAILS] resolve library-path> QL pack dependencies for /opt/hostedtoolcache/CodeQL/2.27.1/x64/codeql/qlpacks/codeql/python-queries/1.8.11 found in cache.
[2026-10-05 03:48:12] [DETAILS] resolve library-path> Dbscheme was explicitly overridden as /home/runner/work/Unitary-Manifold-/Unitary-Manifold-/none
[2026-10-05 03:48:12] [DETAILS] resolve library-path> Library path was overridden on command line.
[2026-10-05 03:48:12] Plumbing command codeql resolve library-path completed:
                      {
                        "libraryPath" : [
                          "/home/runner/work/Unitary-Manifold-/Unitary-Manifold-/none"
                        ],
                        "dbscheme" : "/home/runner/work/Unitary-Manifold-/Unitary-Manifold-/none",
                        "compilationCache" : [
                          "/home/runner/.codeql/compile-cache"
                        ],
                        "relativeName" : "codeql/python-queries/Security/CWE-020/IncompleteUrlSubstringSanitization.ql",
                        "extractors" : [
                          "python"
                        ],
                        "qlPackName" : "codeql/python-queries"
                      }
[2026-10-05 03:48:12] Calling plumbing command: codeql resolve library-path --qlconfig-file=/home/runner/work/Unitary-Manifold-/Unitary-Manifold-/qlconfig.yml --query=/opt/hostedtoolcache/CodeQL/2.27.1/x64/codeql/qlpacks/codeql/python-queries/1.8.11/Security/CWE-020/IncompleteHostnameRegExp.ql --find-extractors --full-library-path=none --dbscheme=none --format=json
[2026-10-05 03:48:12] [DETAILS] resolve library-path> Resolving query at normalized path /opt/hostedtoolcache/CodeQL/2.27.1/x64/codeql/qlpacks/codeql/python-queries/1.8.11/Security/CWE-020/IncompleteHostnameRegExp.ql.
[2026-10-05 03:48:12] [DETAILS] resolve library-path> Found enclosing pack 'codeql/python-queries' at /opt/hostedtoolcache/CodeQL/2.27.1/x64/codeql/qlpacks/codeql/python-queries/1.8.11.
[2026-10-05 03:48:12] [DETAILS] resolve library-path> Adding compilation cache at /home/runner/.codeql/compile-cache.
[2026-10-05 03:48:12] [DETAILS] resolve library-path> QL pack dependencies for /opt/hostedtoolcache/CodeQL/2.27.1/x64/codeql/qlpacks/codeql/python-queries/1.8.11 found in cache.
[2026-10-05 03:48:12] [DETAILS] resolve library-path> Dbscheme was explicitly overridden as /home/runner/work/Unitary-Manifold-/Unitary-Manifold-/none
[2026-10-05 03:48:12] [DETAILS] resolve library-path> Library path was overridden on command line.
[2026-10-05 03:48:12] Plumbing command codeql resolve library-path completed:
                      {
                        "libraryPath" : [
                          "/home/runner/work/Unitary-Manifold-/Unitary-Manifold-/none"
                        ],
                        "dbscheme" : "/home/runner/work/Unitary-Manifold-/Unitary-Manifold-/none",
                        "compilationCache" : [
                          "/home/runner/.codeql/compile-cache"
                        ],
                        "relativeName" : "codeql/python-queries/Security/CWE-020/IncompleteHostnameRegExp.ql",
                        "extractors" : [
                          "python"
                        ],
                        "qlPackName" : "codeql/python-queries"
                      }
[2026-10-05 03:48:12] Calling plumbing command: codeql resolve library-path --qlconfig-file=/home/runner/work/Unitary-Manifold-/Unitary-Manifold-/qlconfig.yml --query=/opt/hostedtoolcache/CodeQL/2.27.1/x64/codeql/qlpacks/codeql/python-queries/1.8.11/Security/CWE-020/OverlyLargeRange.ql --find-extractors --full-library-path=none --dbscheme=none --format=json
[2026-10-05 03:48:12] [DETAILS] resolve library-path> Resolving query at normalized path /opt/hostedtoolcache/CodeQL/2.27.1/x64/codeql/qlpacks/codeql/python-queries/1.8.11/Security/CWE-020/OverlyLargeRange.ql.
[2026-10-05 03:48:12] [DETAILS] resolve library-path> Found enclosing pack 'codeql/python-queries' at /opt/hostedtoolcache/CodeQL/2.27.1/x64/codeql/qlpacks/codeql/python-queries/1.8.11.
[2026-10-05 03:48:12] [DETAILS] resolve library-path> Adding compilation cache at /home/runner/.codeql/compile-cache.
[2026-10-05 03:48:12] [DETAILS] resolve library-path> QL pack dependencies for /opt/hostedtoolcache/CodeQL/2.27.1/x64/codeql/qlpacks/codeql/python-queries/1.8.11 found in cache.
[2026-10-05 03:48:12] [DETAILS] resolve library-path> Dbscheme was explicitly overridden as /home/runner/work/Unitary-Manifold-/Unitary-Manifold-/none
[2026-10-05 03:48:12] [DETAILS] resolve library-path> Library path was overridden on command line.
[2026-10-05 03:48:12] Plumbing command codeql resolve library-path completed:
                      {
                        "libraryPath" : [
                          "/home/runner/work/Unitary-Manifold-/Unitary-Manifold-/none"
                        ],
                        "dbscheme" : "/home/runner/work/Unitary-Manifold-/Unitary-Manifold-/none",
                        "compilationCache" : [
                          "/home/runner/.codeql/compile-cache"
                        ],
                        "relativeName" : "codeql/python-queries/Security/CWE-020/OverlyLargeRange.ql",
                        "extractors" : [
                          "python"
                        ],
                        "qlPackName" : "codeql/python-queries"
                      }
[2026-10-05 03:48:12] Calling plumbing command: codeql resolve library-path --qlconfig-file=/home/runner/work/Unitary-Manifold-/Unitary-Manifold-/qlconfig.yml --query=/opt/hostedtoolcache/CodeQL/2.27.1/x64/codeql/qlpacks/codeql/python-queries/1.8.11/Security/CWE-020/CookieInjection.ql --find-extractors --full-library-path=none --dbscheme=none --format=json
[2026-10-05 03:48:12] [DETAILS] resolve library-path> Resolving query at normalized path /opt/hostedtoolcache/CodeQL/2.27.1/x64/codeql/qlpacks/codeql/python-queries/1.8.11/Security/CWE-020/CookieInjection.ql.
[2026-10-05 03:48:12] [DETAILS] resolve library-path> Found enclosing pack 'codeql/python-queries' at /opt/hostedtoolcache/CodeQL/2.27.1/x64/codeql/qlpacks/codeql/python-queries/1.8.11.
[2026-10-05 03:48:12] [DETAILS] resolve library-path> Adding compilation cache at /home/runner/.codeql/compile-cache.
[2026-10-05 03:48:12] [DETAILS] resolve library-path> QL pack dependencies for /opt/hostedtoolcache/CodeQL/2.27.1/x64/codeql/qlpacks/codeql/python-queries/1.8.11 found in cache.
[2026-10-05 03:48:12] [DETAILS] resolve library-path> Dbscheme was explicitly overridden as /home/runner/work/Unitary-Manifold-/Unitary-Manifold-/none
[2026-10-05 03:48:12] [DETAILS] resolve library-path> Library path was overridden on command line.
[2026-10-05 03:48:12] Plumbing command codeql resolve library-path completed:
                      {
                        "libraryPath" : [
                          "/home/runner/work/Unitary-Manifold-/Unitary-Manifold-/none"
                        ],
                        "dbscheme" : "/home/runner/work/Unitary-Manifold-/Unitary-Manifold-/none",
                        "compilationCache" : [
                          "/home/runner/.codeql/compile-cache"
                        ],
                        "relativeName" : "codeql/python-queries/Security/CWE-020/CookieInjection.ql",
                        "extractors" : [
                          "python"
                        ],
                        "qlPackName" : "codeql/python-queries"
                      }
[2026-10-05 03:48:12] Calling plumbing command: codeql resolve library-path --qlconfig-file=/home/runner/work/Unitary-Manifold-/Unitary-Manifold-/qlconfig.yml --query=/opt/hostedtoolcache/CodeQL/2.27.1/x64/codeql/qlpacks/codeql/python-queries/1.8.11/Security/CWE-113/HeaderInjection.ql --find-extractors --full-library-path=none --dbscheme=none --format=json
[2026-10-05 03:48:12] [DETAILS] resolve library-path> Resolving query at normalized path /opt/hostedtoolcache/CodeQL/2.27.1/x64/codeql/qlpacks/codeql/python-queries/1.8.11/Security/CWE-113/HeaderInjection.ql.
[2026-10-05 03:48:12] [DETAILS] resolve library-path> Found enclosing pack 'codeql/python-queries' at /opt/hostedtoolcache/CodeQL/2.27.1/x64/codeql/qlpacks/codeql/python-queries/1.8.11.
[2026-10-05 03:48:12] [DETAILS] resolve library-path> Adding compilation cache at /home/runner/.codeql/compile-cache.
[2026-10-05 03:48:12] [DETAILS] resolve library-path> QL pack dependencies for /opt/hostedtoolcache/CodeQL/2.27.1/x64/codeql/qlpacks/codeql/python-queries/1.8.11 found in cache.
[2026-10-05 03:48:12] [DETAILS] resolve library-path> Dbscheme was explicitly overridden as /home/runner/work/Unitary-Manifold-/Unitary-Manifold-/none
[2026-10-05 03:48:12] [DETAILS] resolve library-path> Library path was overridden on command line.
[2026-10-05 03:48:12] Plumbing command codeql resolve library-path completed:
                      {
                        "libraryPath" : [
                          "/home/runner/work/Unitary-Manifold-/Unitary-Manifold-/none"
                        ],
                        "dbscheme" : "/home/runner/work/Unitary-Manifold-/Unitary-Manifold-/none",
                        "compilationCache" : [
                          "/home/runner/.codeql/compile-cache"
                        ],
                        "relativeName" : "codeql/python-queries/Security/CWE-113/HeaderInjection.ql",
                        "extractors" : [
                          "python"
                        ],
                        "qlPackName" : "codeql/python-queries"
                      }
[2026-10-05 03:48:12] Calling plumbing command: codeql resolve library-path --qlconfig-file=/home/runner/work/Unitary-Manifold-/Unitary-Manifold-/qlconfig.yml --query=/opt/hostedtoolcache/CodeQL/2.27.1/x64/codeql/qlpacks/codeql/python-queries/1.8.11/Diagnostics/ExtractionWarnings.ql --find-extractors --full-library-path=none --dbscheme=none --format=json
[2026-10-05 03:48:12] [DETAILS] resolve library-path> Resolving query at normalized path /opt/hostedtoolcache/CodeQL/2.27.1/x64/codeql/qlpacks/codeql/python-queries/1.8.11/Diagnostics/ExtractionWarnings.ql.
[2026-10-05 03:48:12] [DETAILS] resolve library-path> Found enclosing pack 'codeql/python-queries' at /opt/hostedtoolcache/CodeQL/2.27.1/x64/codeql/qlpacks/codeql/python-queries/1.8.11.
[2026-10-05 03:48:12] [DETAILS] resolve library-path> Adding compilation cache at /home/runner/.codeql/compile-cache.
[2026-10-05 03:48:12] [DETAILS] resolve library-path> QL pack dependencies for /opt/hostedtoolcache/CodeQL/2.27.1/x64/codeql/qlpacks/codeql/python-queries/1.8.11 found in cache.
[2026-10-05 03:48:12] [DETAILS] resolve library-path> Dbscheme was explicitly overridden as /home/runner/work/Unitary-Manifold-/Unitary-Manifold-/none
[2026-10-05 03:48:12] [DETAILS] resolve library-path> Library path was overridden on command line.
[2026-10-05 03:48:12] Plumbing command codeql resolve library-path completed:
                      {
                        "libraryPath" : [
                          "/home/runner/work/Unitary-Manifold-/Unitary-Manifold-/none"
                        ],
                        "dbscheme" : "/home/runner/work/Unitary-Manifold-/Unitary-Manifold-/none",
                        "compilationCache" : [
                          "/home/runner/.codeql/compile-cache"
                        ],
                        "relativeName" : "codeql/python-queries/Diagnostics/ExtractionWarnings.ql",
                        "extractors" : [
                          "python"
                        ],
                        "qlPackName" : "codeql/python-queries"
                      }
[2026-10-05 03:48:12] Calling plumbing command: codeql resolve library-path --qlconfig-file=/home/runner/work/Unitary-Manifold-/Unitary-Manifold-/qlconfig.yml --query=/opt/hostedtoolcache/CodeQL/2.27.1/x64/codeql/qlpacks/codeql/python-queries/1.8.11/Diagnostics/ExtractedFiles.ql --find-extractors --full-library-path=none --dbscheme=none --format=json
[2026-10-05 03:48:12] [DETAILS] resolve library-path> Resolving query at normalized path /opt/hostedtoolcache/CodeQL/2.27.1/x64/codeql/qlpacks/codeql/python-queries/1.8.11/Diagnostics/ExtractedFiles.ql.
[2026-10-05 03:48:12] [DETAILS] resolve library-path> Found enclosing pack 'codeql/python-queries' at /opt/hostedtoolcache/CodeQL/2.27.1/x64/codeql/qlpacks/codeql/python-queries/1.8.11.
[2026-10-05 03:48:12] [DETAILS] resolve library-path> Adding compilation cache at /home/runner/.codeql/compile-cache.
[2026-10-05 03:48:12] [DETAILS] resolve library-path> QL pack dependencies for /opt/hostedtoolcache/CodeQL/2.27.1/x64/codeql/qlpacks/codeql/python-queries/1.8.11 found in cache.
[2026-10-05 03:48:12] [DETAILS] resolve library-path> Dbscheme was explicitly overridden as /home/runner/work/Unitary-Manifold-/Unitary-Manifold-/none
[2026-10-05 03:48:12] [DETAILS] resolve library-path> Library path was overridden on command line.
[2026-10-05 03:48:12] Plumbing command codeql resolve library-path completed:
                      {
                        "libraryPath" : [
                          "/home/runner/work/Unitary-Manifold-/Unitary-Manifold-/none"
                        ],
                        "dbscheme" : "/home/runner/work/Unitary-Manifold-/Unitary-Manifold-/none",
                        "compilationCache" : [
                          "/home/runner/.codeql/compile-cache"
                        ],
                        "relativeName" : "codeql/python-queries/Diagnostics/ExtractedFiles.ql",
                        "extractors" : [
                          "python"
                        ],
                        "qlPackName" : "codeql/python-queries"
                      }
[2026-10-05 03:48:12] Calling plumbing command: codeql resolve library-path --qlconfig-file=/home/runner/work/Unitary-Manifold-/Unitary-Manifold-/qlconfig.yml --query=/opt/hostedtoolcache/CodeQL/2.27.1/x64/codeql/qlpacks/codeql/python-queries/1.8.11/Summary/LinesOfUserCode.ql --find-extractors --full-library-path=none --dbscheme=none --format=json
[2026-10-05 03:48:12] [DETAILS] resolve library-path> Resolving query at normalized path /opt/hostedtoolcache/CodeQL/2.27.1/x64/codeql/qlpacks/codeql/python-queries/1.8.11/Summary/LinesOfUserCode.ql.
[2026-10-05 03:48:12] [DETAILS] resolve library-path> Found enclosing pack 'codeql/python-queries' at /opt/hostedtoolcache/CodeQL/2.27.1/x64/codeql/qlpacks/codeql/python-queries/1.8.11.
[2026-10-05 03:48:12] [DETAILS] resolve library-path> Adding compilation cache at /home/runner/.codeql/compile-cache.
[2026-10-05 03:48:12] [DETAILS] resolve library-path> QL pack dependencies for /opt/hostedtoolcache/CodeQL/2.27.1/x64/codeql/qlpacks/codeql/python-queries/1.8.11 found in cache.
[2026-10-05 03:48:12] [DETAILS] resolve library-path> Dbscheme was explicitly overridden as /home/runner/work/Unitary-Manifold-/Unitary-Manifold-/none
[2026-10-05 03:48:12] [DETAILS] resolve library-path> Library path was overridden on command line.
[2026-10-05 03:48:12] Plumbing command codeql resolve library-path completed:
                      {
                        "libraryPath" : [
                          "/home/runner/work/Unitary-Manifold-/Unitary-Manifold-/none"
                        ],
                        "dbscheme" : "/home/runner/work/Unitary-Manifold-/Unitary-Manifold-/none",
                        "compilationCache" : [
                          "/home/runner/.codeql/compile-cache"
                        ],
                        "relativeName" : "codeql/python-queries/Summary/LinesOfUserCode.ql",
                        "extractors" : [
                          "python"
                        ],
                        "qlPackName" : "codeql/python-queries"
                      }
[2026-10-05 03:48:12] Calling plumbing command: codeql resolve library-path --qlconfig-file=/home/runner/work/Unitary-Manifold-/Unitary-Manifold-/qlconfig.yml --query=/opt/hostedtoolcache/CodeQL/2.27.1/x64/codeql/qlpacks/codeql/python-queries/1.8.11/Summary/LinesOfCode.ql --find-extractors --full-library-path=none --dbscheme=none --format=json
[2026-10-05 03:48:12] [DETAILS] resolve library-path> Resolving query at normalized path /opt/hostedtoolcache/CodeQL/2.27.1/x64/codeql/qlpacks/codeql/python-queries/1.8.11/Summary/LinesOfCode.ql.
[2026-10-05 03:48:12] [DETAILS] resolve library-path> Found enclosing pack 'codeql/python-queries' at /opt/hostedtoolcache/CodeQL/2.27.1/x64/codeql/qlpacks/codeql/python-queries/1.8.11.
[2026-10-05 03:48:12] [DETAILS] resolve library-path> Adding compilation cache at /home/runner/.codeql/compile-cache.
[2026-10-05 03:48:12] [DETAILS] resolve library-path> QL pack dependencies for /opt/hostedtoolcache/CodeQL/2.27.1/x64/codeql/qlpacks/codeql/python-queries/1.8.11 found in cache.
[2026-10-05 03:48:12] [DETAILS] resolve library-path> Dbscheme was explicitly overridden as /home/runner/work/Unitary-Manifold-/Unitary-Manifold-/none
[2026-10-05 03:48:12] [DETAILS] resolve library-path> Library path was overridden on command line.
[2026-10-05 03:48:12] Plumbing command codeql resolve library-path completed:
                      {
                        "libraryPath" : [
                          "/home/runner/work/Unitary-Manifold-/Unitary-Manifold-/none"
                        ],
                        "dbscheme" : "/home/runner/work/Unitary-Manifold-/Unitary-Manifold-/none",
                        "compilationCache" : [
                          "/home/runner/.codeql/compile-cache"
                        ],
                        "relativeName" : "codeql/python-queries/Summary/LinesOfCode.ql",
                        "extractors" : [
                          "python"
                        ],
                        "qlPackName" : "codeql/python-queries"
                      }
[2026-10-05 03:48:12] Plumbing command codeql resolve queries completed:
                      {
                        "byLanguage" : {
                          "python" : {
                            "/opt/hostedtoolcache/CodeQL/2.27.1/x64/codeql/qlpacks/codeql/python-queries/1.8.11/Expressions/UseofInput.ql" : { },
                            "/opt/hostedtoolcache/CodeQL/2.27.1/x64/codeql/qlpacks/codeql/python-queries/1.8.11/Security/CWE-918/FullServerSideRequestForgery.ql" : { },
                            "/opt/hostedtoolcache/CodeQL/2.27.1/x64/codeql/qlpacks/codeql/python-queries/1.8.11/Security/CWE-079/ReflectedXss.ql" : { },
                            "/opt/hostedtoolcache/CodeQL/2.27.1/x64/codeql/qlpacks/codeql/python-queries/1.8.11/Security/CWE-326/WeakCryptoKey.ql" : { },
                            "/opt/hostedtoolcache/CodeQL/2.27.1/x64/codeql/qlpacks/codeql/python-queries/1.8.11/Security/CWE-022/PathInjection.ql" : { },
                            "/opt/hostedtoolcache/CodeQL/2.27.1/x64/codeql/qlpacks/codeql/python-queries/1.8.11/Security/CWE-116/BadTagFilter.ql" : { },
                            "/opt/hostedtoolcache/CodeQL/2.27.1/x64/codeql/qlpacks/codeql/python-queries/1.8.11/Security/CWE-943/NoSqlInjection.ql" : { },
                            "/opt/hostedtoolcache/CodeQL/2.27.1/x64/codeql/qlpacks/codeql/python-queries/1.8.11/Security/CWE-209/StackTraceExposure.ql" : { },
                            "/opt/hostedtoolcache/CodeQL/2.27.1/x64/codeql/qlpacks/codeql/python-queries/1.8.11/Security/CWE-643/XpathInjection.ql" : { },
                            "/opt/hostedtoolcache/CodeQL/2.27.1/x64/codeql/qlpacks/codeql/python-queries/1.8.11/Security/CWE-094/CodeInjection.ql" : { },
                            "/opt/hostedtoolcache/CodeQL/2.27.1/x64/codeql/qlpacks/codeql/python-queries/1.8.11/Security/CWE-377/InsecureTemporaryFile.ql" : { },
                            "/opt/hostedtoolcache/CodeQL/2.27.1/x64/codeql/qlpacks/codeql/python-queries/1.8.11/Security/CWE-730/PolynomialReDoS.ql" : { },
                            "/opt/hostedtoolcache/CodeQL/2.27.1/x64/codeql/qlpacks/codeql/python-queries/1.8.11/Security/CWE-730/ReDoS.ql" : { },
                            "/opt/hostedtoolcache/CodeQL/2.27.1/x64/codeql/qlpacks/codeql/python-queries/1.8.11/Security/CWE-730/RegexInjection.ql" : { },
                            "/opt/hostedtoolcache/CodeQL/2.27.1/x64/codeql/qlpacks/codeql/python-queries/1.8.11/Security/CWE-295/MissingHostKeyValidation.ql" : { },
                            "/opt/hostedtoolcache/CodeQL/2.27.1/x64/codeql/qlpacks/codeql/python-queries/1.8.11/Security/CWE-601/UrlRedirect.ql" : { },
                            "/opt/hostedtoolcache/CodeQL/2.27.1/x64/codeql/qlpacks/codeql/python-queries/1.8.11/Security/CWE-611/Xxe.ql" : { },
                            "/opt/hostedtoolcache/CodeQL/2.27.1/x64/codeql/qlpacks/codeql/python-queries/1.8.11/Security/CWE-1275/SameSiteNoneCookie.ql" : { },
                            "/opt/hostedtoolcache/CodeQL/2.27.1/x64/codeql/qlpacks/codeql/python-queries/1.8.11/Security/CWE-352/CSRFProtectionDisabled.ql" : { },
                            "/opt/hostedtoolcache/CodeQL/2.27.1/x64/codeql/qlpacks/codeql/python-queries/1.8.11/Security/CWE-312/CleartextStorage.ql" : { },
                            "/opt/hostedtoolcache/CodeQL/2.27.1/x64/codeql/qlpacks/codeql/python-queries/1.8.11/Security/CWE-312/CleartextLogging.ql" : { },
                            "/opt/hostedtoolcache/CodeQL/2.27.1/x64/codeql/qlpacks/codeql/python-queries/1.8.11/Security/CWE-776/XmlBomb.ql" : { },
                            "/opt/hostedtoolcache/CodeQL/2.27.1/x64/codeql/qlpacks/codeql/python-queries/1.8.11/Security/CWE-1004/NonHttpOnlyCookie.ql" : { },
                            "/opt/hostedtoolcache/CodeQL/2.27.1/x64/codeql/qlpacks/codeql/python-queries/1.8.11/Security/CWE-502/UnsafeDeserialization.ql" : { },
                            "/opt/hostedtoolcache/CodeQL/2.27.1/x64/codeql/qlpacks/codeql/python-queries/1.8.11/Security/CWE-089/SqlInjection.ql" : { },
                            "/opt/hostedtoolcache/CodeQL/2.27.1/x64/codeql/qlpacks/codeql/python-queries/1.8.11/Security/CVE-2018-1281/BindToAllInterfaces.ql" : { },
                            "/opt/hostedtoolcache/CodeQL/2.27.1/x64/codeql/qlpacks/codeql/python-queries/1.8.11/Security/CWE-078/CommandInjection.ql" : { },
                            "/opt/hostedtoolcache/CodeQL/2.27.1/x64/codeql/qlpacks/codeql/python-queries/1.8.11/Security/CWE-074/TemplateInjection.ql" : { },
                            "/opt/hostedtoolcache/CodeQL/2.27.1/x64/codeql/qlpacks/codeql/python-queries/1.8.11/Security/CWE-215/FlaskDebug.ql" : { },
                            "/opt/hostedtoolcache/CodeQL/2.27.1/x64/codeql/qlpacks/codeql/python-queries/1.8.11/Security/CWE-090/LdapInjection.ql" : { },
                            "/opt/hostedtoolcache/CodeQL/2.27.1/x64/codeql/qlpacks/codeql/python-queries/1.8.11/Security/CWE-327/WeakSensitiveDataHashing.ql" : { },
                            "/opt/hostedtoolcache/CodeQL/2.27.1/x64/codeql/qlpacks/codeql/python-queries/1.8.11/Security/CWE-327/InsecureProtocol.ql" : { },
                            "/opt/hostedtoolcache/CodeQL/2.27.1/x64/codeql/qlpacks/codeql/python-queries/1.8.11/Security/CWE-327/BrokenCryptoAlgorithm.ql" : { },
                            "/opt/hostedtoolcache/CodeQL/2.27.1/x64/codeql/qlpacks/codeql/python-queries/1.8.11/Security/CWE-327/InsecureDefaultProtocol.ql" : { },
                            "/opt/hostedtoolcache/CodeQL/2.27.1/x64/codeql/qlpacks/codeql/python-queries/1.8.11/Security/CWE-614/InsecureCookie.ql" : { },
                            "/opt/hostedtoolcache/CodeQL/2.27.1/x64/codeql/qlpacks/codeql/python-queries/1.8.11/Security/CWE-285/PamAuthorization.ql" : { },
                            "/opt/hostedtoolcache/CodeQL/2.27.1/x64/codeql/qlpacks/codeql/python-queries/1.8.11/Security/CWE-020/IncompleteUrlSubstringSanitization.ql" : { },
                            "/opt/hostedtoolcache/CodeQL/2.27.1/x64/codeql/qlpacks/codeql/python-queries/1.8.11/Security/CWE-020/IncompleteHostnameRegExp.ql" : { },
                            "/opt/hostedtoolcache/CodeQL/2.27.1/x64/codeql/qlpacks/codeql/python-queries/1.8.11/Security/CWE-020/OverlyLargeRange.ql" : { },
                            "/opt/hostedtoolcache/CodeQL/2.27.1/x64/codeql/qlpacks/codeql/python-queries/1.8.11/Security/CWE-020/CookieInjection.ql" : { },
                            "/opt/hostedtoolcache/CodeQL/2.27.1/x64/codeql/qlpacks/codeql/python-queries/1.8.11/Security/CWE-113/HeaderInjection.ql" : { },
                            "/opt/hostedtoolcache/CodeQL/2.27.1/x64/codeql/qlpacks/codeql/python-queries/1.8.11/Diagnostics/ExtractionWarnings.ql" : { },
                            "/opt/hostedtoolcache/CodeQL/2.27.1/x64/codeql/qlpacks/codeql/python-queries/1.8.11/Diagnostics/ExtractedFiles.ql" : { },
                            "/opt/hostedtoolcache/CodeQL/2.27.1/x64/codeql/qlpacks/codeql/python-queries/1.8.11/Summary/LinesOfUserCode.ql" : { },
                            "/opt/hostedtoolcache/CodeQL/2.27.1/x64/codeql/qlpacks/codeql/python-queries/1.8.11/Summary/LinesOfCode.ql" : { }
                          }
                        },
                        "noDeclaredLanguage" : { },
                        "multipleDeclaredLanguages" : { }
                      }
[2026-10-05 03:48:12] [PROGRESS] database process-config> Not creating an internal extension pack because there are no internal extensions.
[2026-10-05 03:48:12] Plumbing command codeql database process-config completed:
                      {
                        "paths" : [
                          "src",
                          "claims"
                        ],
                        "pathsIgnore" : [
                          "**/__pycache__/**",
                          "**/.venv/**"
                        ],
                        "originalLocation" : "/home/runner/work/Unitary-Manifold-/Unitary-Manifold-/.codeql-local-evidence/core-config.yml"
                      }
[2026-10-05 03:48:12] [PROGRESS] database init> Calculating baseline information in /home/runner/work/Unitary-Manifold-/Unitary-Manifold-
[2026-10-05 03:48:12] [SPAMMY] database init> Ignoring the following directories when processing baseline information: .git, .hg, .svn.
[2026-10-05 03:48:12] [DETAILS] database init> Running command in /home/runner/work/Unitary-Manifold-/Unitary-Manifold-: /opt/hostedtoolcache/CodeQL/2.27.1/x64/codeql/tools/linux64/scc --no-config --by-file --exclude-dir .git,.hg,.svn --format json --no-large --no-min src claims
[2026-10-05 03:48:13] [SPAMMY] database init> Found 1602 baseline files for python.
[2026-10-05 03:48:13] [PROGRESS] database init> Calculated baseline information for languages: python (625ms).
[2026-10-05 03:48:13] [SPAMMY] database init> Selected JGit Git client for /home/runner/work/Unitary-Manifold-/Unitary-Manifold- because the repository uses SHA-1 object format.
[2026-10-05 03:48:13] [PROGRESS] database init> Resolving extractor python.
[2026-10-05 03:48:13] [DETAILS] database init> Found candidate extractor root for python: /opt/hostedtoolcache/CodeQL/2.27.1/x64/codeql/python.
[2026-10-05 03:48:13] [PROGRESS] database init> Successfully loaded extractor Python (python) from /opt/hostedtoolcache/CodeQL/2.27.1/x64/codeql/python.
[2026-10-05 03:48:13] [PROGRESS] database init> Created skeleton CodeQL database at /home/runner/work/Unitary-Manifold-/Unitary-Manifold-/.codeql-local-evidence/core-db. This in-progress database is ready to be populated by an extractor.
[2026-10-05 03:48:13] Plumbing command codeql database init completed.
[2026-10-05 03:48:13] [PROGRESS] database create> Running build command: []
[2026-10-05 03:48:13] Running plumbing command: codeql database trace-command --threads=1 --ram=2048 --working-dir=/home/runner/work/Unitary-Manifold-/Unitary-Manifold- --index-traceless-dbs --no-db-cluster -- /home/runner/work/Unitary-Manifold-/Unitary-Manifold-/.codeql-local-evidence/core-db
[2026-10-05 03:48:13] Using autobuild script /opt/hostedtoolcache/CodeQL/2.27.1/x64/codeql/python/tools/autobuild.sh.
[2026-10-05 03:48:13] [PROGRESS] database trace-command> Running command in /home/runner/work/Unitary-Manifold-/Unitary-Manifold-: [/opt/hostedtoolcache/CodeQL/2.27.1/x64/codeql/python/tools/autobuild.sh]
[2026-10-05 03:48:14] [build-stderr] /bin/sh: 1: python2: not found
[2026-10-05 03:48:14] [build-stdout] Source root appears to be the real root.
[2026-10-05 03:48:14] [build-stdout] Will try to guess Python version, as it was not specified in `lgtm.yml`
[2026-10-05 03:48:14] [build-stdout] Trying to guess Python version based on Trove classifiers in setup.py
[2026-10-05 03:48:14] [build-stdout] Found no Trove classifiers for Python in setup.py
[2026-10-05 03:48:14] [build-stdout] Trying to guess Python version based on travis file
[2026-10-05 03:48:14] [build-stdout] Did not find any travis files (expected them at either ['/home/runner/work/Unitary-Manifold-/Unitary-Manifold-/.travis.yml', '/home/runner/work/Unitary-Manifold-/Unitary-Manifold-/travis.yml'])
[2026-10-05 03:48:14] [build-stdout] Trying to guess Python version based on installed versions
[2026-10-05 03:48:14] [build-stdout] Wanted to run Python 2, but it is not available. Using Python 3 instead
[2026-10-05 03:48:14] [build-stdout] This script is running Python 3, but Python 2 is also available (as 'python3')
[2026-10-05 03:48:14] [build-stdout] Could not guess Python version, will use default: Python 3
[2026-10-05 03:48:14] [build-stdout] Calling python3 -S /opt/hostedtoolcache/CodeQL/2.27.1/x64/codeql/python/tools/python_tracer.py --verbosity 3 -z all -c /home/runner/work/Unitary-Manifold-/Unitary-Manifold-/.codeql-local-evidence/core-db/working/trap_cache -R src -R claims --filter include:src --filter include:claims --filter exclude:**/__pycache__/ --filter exclude:**/.venv/
[2026-10-05 03:48:16] [build-stdout] INFO: The Python extractor has recently stopped extracting the standard library by default. If you encounter problems, please let us know by submitting an issue to https://github.com/github/codeql. It is possible to re-enable extraction of the standard library by setting the environment variable CODEQL_EXTRACTOR_PYTHON_EXTRACT_STDLIB.
[2026-10-05 03:48:16] [build-stdout] [INFO] Extraction will use the Python 3 standard library.
[2026-10-05 03:48:16] [build-stdout] [INFO] sys_path is: ['/opt/hostedtoolcache/CodeQL/2.27.1/x64/codeql/python/tools', '/opt/hostedtoolcache/Python/3.12.14/x64/lib/python312.zip', '/opt/hostedtoolcache/Python/3.12.14/x64/lib/python3.12', '/opt/hostedtoolcache/Python/3.12.14/x64/lib/python3.12/lib-dynload']
[2026-10-05 03:48:16] [build-stdout] [INFO] Python version 3.12.14
[2026-10-05 03:48:16] [build-stdout] [INFO] Python extractor version 7.1.10
[2026-10-05 03:48:17] [build-stdout] [INFO] [3] Extracted file /home/runner/work/Unitary-Manifold-/Unitary-Manifold-/src/neuroscience/README.md in 9ms
[2026-10-05 03:48:17] [build-stdout] [INFO] [2] Extracted file /home/runner/work/Unitary-Manifold-/Unitary-Manifold-/src/neuroscience/AXIOMZERO_NOTICE.md in 3ms
[2026-10-05 03:48:17] [build-stdout] [INFO] [1] Extracted file /home/runner/work/Unitary-Manifold-/Unitary-Manifold-/src/neuroscience/__init__.py in 144ms
[2026-10-05 03:48:17] [build-stdout] [INFO] [1] Extracted folder /home/runner/work/Unitary-Manifold-/Unitary-Manifold-/src/neuroscience in 1ms
[2026-10-05 03:48:17] [build-stdout] [INFO] [2] Extracted file /home/runner/work/Unitary-Manifold-/Unitary-Manifold-/src/neuroscience/synaptic.py in 364ms
[2026-10-05 03:48:17] [build-stdout] [INFO] [4] Extracted file /home/runner/work/Unitary-Manifold-/Unitary-Manifold-/src/neuroscience/cognition.py in 343ms
[2026-10-05 03:48:17] [build-stdout] [INFO] [3] Extracted file /home/runner/work/Unitary-Manifold-/Unitary-Manifold-/src/neuroscience/neurons.py in 342ms
[2026-10-05 03:48:17] [build-stdout] [INFO] [2] Extracted file /home/runner/work/Unitary-Manifold-/Unitary-Manifold-/src/eleventd/moduli_dark_energy.py in 147ms
[2026-10-05 03:48:17] [build-stdout] [INFO] [1] Extracted file /home/runner/work/Unitary-Manifold-/Unitary-Manifold-/src/genetics/evolution.py in 380ms
[2026-10-05 03:48:17] [build-stdout] [INFO] [3] Extracted file /home/runner/work/Unitary-Manifold-/Unitary-Manifold-/src/core/pillar340_hllhc_kk_graviton.py in 282ms
[2026-10-05 03:48:17] [build-stdout] [INFO] [4] Extracted file /home/runner/work/Unitary-Manifold-/Unitary-Manifold-/src/biology/hox_exact_kernels.py in 355ms
[2026-10-05 03:48:18] [build-stdout] [INFO] [2] Extracted file /home/runner/work/Unitary-Manifold-/Unitary-Manifold-/src/core/pillar430_bessel_gluon_overlap.py in 344ms
[2026-10-05 03:48:18] [build-stdout] [INFO] [3] Extracted file /home/runner/work/Unitary-Manifold-/Unitary-Manifold-/src/core/pillar1100_lane3_psicat_continuous_training_execution.py in 219ms
[2026-10-05 03:48:18] [build-stdout] [INFO] [3] Extracted file /home/runner/work/Unitary-Manifold-/Unitary-Manifold-/src/core/pillar945_cmb_amp_wz_crosscheck.py in 53ms
[2026-10-05 03:48:18] [build-stdout] [INFO] [2] Extracted file /home/runner/work/Unitary-Manifold-/Unitary-Manifold-/src/core/pillar934_ftheory_rung10_closure_certificate.py in 173ms
[2026-10-05 03:48:18] [build-stdout] [INFO] [2] Extracted file /home/runner/work/Unitary-Manifold-/Unitary-Manifold-/src/tend/__init__.py in 5ms
[2026-10-05 03:48:18] [build-stdout] [INFO] [4] Extracted file /home/runner/work/Unitary-Manifold-/Unitary-Manifold-/src/core/p28_lambda_10d_closure.py in 352ms
[2026-10-05 03:48:18] [build-stdout] [INFO] [3] Extracted file /home/runner/work/Unitary-Manifold-/Unitary-Manifold-/src/core/navier_stokes_method_transfer.py in 150ms
[2026-10-05 03:48:18] [build-stdout] [INFO] [4] Extracted file /home/runner/work/Unitary-Manifold-/Unitary-Manifold-/src/core/pillar500_spherex_window_sync.py in 44ms
[2026-10-05 03:48:18] [build-stdout] [INFO] [1] Extracted file /home/runner/work/Unitary-Manifold-/Unitary-Manifold-/src/core/alpha_gut_su5_complete.py in 609ms
[2026-10-05 03:48:18] [build-stdout] [INFO] [2] Extracted file /home/runner/work/Unitary-Manifold-/Unitary-Manifold-/src/core/pillar544_dm31_architecture_limit.py in 236ms
[2026-10-05 03:48:18] [build-stdout] [INFO] [3] Extracted file /home/runner/work/Unitary-Manifold-/Unitary-Manifold-/src/core/psicat_polyglot_architecture.py in 194ms
[2026-10-05 03:48:18] [build-stdout] [INFO] [1] Extracted file /home/runner/work/Unitary-Manifold-/Unitary-Manifold-/src/core/pillar674_np_bc7_subgap_t_adm_path_integral_measure.py in 250ms
[2026-10-05 03:48:18] [build-stdout] [INFO] [1] Extracted folder /home/runner/work/Unitary-Manifold-/Unitary-Manifold-/src/eleventd in 1ms
[2026-10-05 03:48:18] [build-stdout] [INFO] [3] Extracted file /home/runner/work/Unitary-Manifold-/Unitary-Manifold-/src/core/pillar1038_sprint_bx_parallel_campaign_certificate.py in 262ms
[2026-10-05 03:48:18] [build-stdout] [INFO] [2] Extracted file /home/runner/work/Unitary-Manifold-/Unitary-Manifold-/src/core/pillar366_bayesian_model_comparison.py in 387ms
[2026-10-05 03:48:18] [build-stdout] [INFO] [3] Extracted file /home/runner/work/Unitary-Manifold-/Unitary-Manifold-/src/core/trans_planckian_ghost.py in 128ms
[2026-10-05 03:48:19] [build-stdout] [INFO] [4] Extracted file /home/runner/work/Unitary-Manifold-/Unitary-Manifold-/src/core/pillar213_braid_cl_spectrum.py in 636ms
[2026-10-05 03:48:19] [build-stdout] [INFO] [2] Extracted file /home/runner/work/Unitary-Manifold-/Unitary-Manifold-/src/core/pillar1095_sprint_co_status_coherence_certificate.py in 168ms
[2026-10-05 03:48:19] [build-stdout] [INFO] [3] Extracted file /home/runner/work/Unitary-Manifold-/Unitary-Manifold-/src/core/pillar701_cmb_amplitude_layer_synthesis.py in 154ms
[2026-10-05 03:48:19] [build-stdout] [INFO] [4] Extracted file /home/runner/work/Unitary-Manifold-/Unitary-Manifold-/src/core/pillar732_np_bc18_gravitino_propagator_kernel.py in 199ms
[2026-10-05 03:48:19] [build-stdout] [INFO] [1] Extracted file /home/runner/work/Unitary-Manifold-/Unitary-Manifold-/src/core/sensitivity_analysis.py in 592ms
[2026-10-05 03:48:19] [build-stdout] [INFO] [4] Extracted file /home/runner/work/Unitary-Manifold-/Unitary-Manifold-/src/core/e8_root_embedding.py in 218ms
[2026-10-05 03:48:19] [build-stdout] [INFO] [2] Extracted file /home/runner/work/Unitary-Manifold-/Unitary-Manifold-/src/core/pillar815_5d_einstein_linearised_bc.py in 437ms
[2026-10-05 03:48:19] [build-stdout] [INFO] [1] Extracted file /home/runner/work/Unitary-Manifold-/Unitary-Manifold-/src/core/pillar950_ckm_kk_excited_states_audit.py in 219ms
[2026-10-05 03:48:19] [build-stdout] [INFO] [1] Extracted file /home/runner/work/Unitary-Manifold-/Unitary-Manifold-/src/core/pillar585_dm21_closure_certificate.py in 148ms
[2026-10-05 03:48:19] [build-stdout] [INFO] [1] Extracted file /home/runner/work/Unitary-Manifold-/Unitary-Manifold-/src/core/pillar1010_sprint_bq_open_hole_certificate.py in 195ms
[2026-10-05 03:48:19] [build-stdout] [INFO] [3] Extracted file /home/runner/work/Unitary-Manifold-/Unitary-Manifold-/src/core/pillar249_consciousness_state_cartography_engine.py in 873ms
[2026-10-05 03:48:19] [build-stdout] [INFO] [4] Extracted file /home/runner/work/Unitary-Manifold-/Unitary-Manifold-/src/core/pillar377_p8_braid_stability_proof.py in 527ms
[2026-10-05 03:48:20] [build-stdout] [INFO] [1] Extracted file /home/runner/work/Unitary-Manifold-/Unitary-Manifold-/src/core/pillar621_np_bc6_certificate.py in 168ms
[2026-10-05 03:48:20] [build-stdout] [INFO] [3] Extracted file /home/runner/work/Unitary-Manifold-/Unitary-Manifold-/src/marine/marine_life.py in 230ms
[2026-10-05 03:48:20] [build-stdout] [INFO] [3] Extracted file /home/runner/work/Unitary-Manifold-/Unitary-Manifold-/src/materials/AXIOMZERO_NOTICE.md in 2ms
[2026-10-05 03:48:20] [build-stdout] [INFO] [3] Extracted file /home/runner/work/Unitary-Manifold-/Unitary-Manifold-/src/core/p1_ns_derived_cert.py in 51ms
[2026-10-05 03:48:20] [build-stdout] [INFO] [1] Extracted file /home/runner/work/Unitary-Manifold-/Unitary-Manifold-/src/core/casimir_as_naturalness.py in 425ms
[2026-10-05 03:48:20] [build-stdout] [INFO] [4] Extracted file /home/runner/work/Unitary-Manifold-/Unitary-Manifold-/src/core/pillar232_universal_cancer_control_framework.py in 700ms
[2026-10-05 03:48:20] [build-stdout] [INFO] [1] Extracted file /home/runner/work/Unitary-Manifold-/Unitary-Manifold-/src/core/pillar645_spherex_fnl_sharpened.py in 318ms
[2026-10-05 03:48:20] [build-stdout] [INFO] [3] Extracted file /home/runner/work/Unitary-Manifold-/Unitary-Manifold-/src/core/regression_supervision_plan.py in 548ms
[2026-10-05 03:48:20] [build-stdout] [INFO] [4] Extracted file /home/runner/work/Unitary-Manifold-/Unitary-Manifold-/src/core/pillar547_az_os_phi_interface.py in 226ms
[2026-10-05 03:48:20] [build-stdout] [INFO] [3] Extracted file /home/runner/work/Unitary-Manifold-/Unitary-Manifold-/src/core/pillar927_neut_mass_ordering_nlo_audit.py in 152ms
[2026-10-05 03:48:21] [build-stdout] [INFO] [2] Extracted file /home/runner/work/Unitary-Manifold-/Unitary-Manifold-/src/core/nonabelian_kk.py in 1497ms
[2026-10-05 03:48:21] [build-stdout] [INFO] [3] Extracted file /home/runner/work/Unitary-Manifold-/Unitary-Manifold-/src/biology/centrosome_integer_kernels.py in 116ms
[2026-10-05 03:48:21] [build-stdout] [INFO] [1] Extracted file /home/runner/work/Unitary-Manifold-/Unitary-Manifold-/src/core/pillar464_free_parameter_census_v14.py in 427ms
[2026-10-05 03:48:21] [build-stdout] [INFO] [1] Extracted file /home/runner/work/Unitary-Manifold-/Unitary-Manifold-/src/multiverse/__init__.py in 7ms
[2026-10-05 03:48:21] [build-stdout] [INFO] [3] Extracted file /home/runner/work/Unitary-Manifold-/Unitary-Manifold-/src/core/pillar930_sprint_be_regression_certificate.py in 253ms
[2026-10-05 03:48:21] [build-stdout] [INFO] [4] Extracted file /home/runner/work/Unitary-Manifold-/Unitary-Manifold-/src/multiverse/compactification.py in 488ms
[2026-10-05 03:48:21] [build-stdout] [INFO] [2] Extracted file /home/runner/work/Unitary-Manifold-/Unitary-Manifold-/src/core/pillar221_sound_energy.py in 495ms
[2026-10-05 03:48:21] [build-stdout] [INFO] [4] Extracted file /home/runner/work/Unitary-Manifold-/Unitary-Manifold-/src/core/pillar872_kklt_nonperturbative_limit.py in 211ms
[2026-10-05 03:48:21] [build-stdout] [INFO] [4] Skipped built-in file /opt/hostedtoolcache/Python/3.12.14/x64/lib/python3.12/json/__init__.py
[2026-10-05 03:48:21] [build-stdout] [INFO] [1] Extracted file /home/runner/work/Unitary-Manifold-/Unitary-Manifold-/src/core/closure_quality_gate.py in 489ms
[2026-10-05 03:48:21] [build-stdout] [INFO] [2] Extracted file /home/runner/work/Unitary-Manifold-/Unitary-Manifold-/src/core/pillar620_np_bc6_subgap_r_erepr_bridge.py in 329ms
[2026-10-05 03:48:21] [build-stdout] [INFO] [3] Extracted file /home/runner/work/Unitary-Manifold-/Unitary-Manifold-/src/core/pillar828_aps_eta_invariant_lean4_bridge.py in 524ms
[2026-10-05 03:48:21] [build-stdout] [INFO] [3] Extracted file /home/runner/work/Unitary-Manifold-/Unitary-Manifold-/src/core/pillar752_p8_functional_space_lean4_partial_proof.py in 100ms
[2026-10-05 03:48:21] [build-stdout] [INFO] [1] Extracted file /home/runner/work/Unitary-Manifold-/Unitary-Manifold-/src/core/pillar1091_lean_python_bridge_hardening.py in 245ms
[2026-10-05 03:48:22] [build-stdout] [INFO] [4] Extracted file /home/runner/work/Unitary-Manifold-/Unitary-Manifold-/src/core/pillar345_gmu5_coupling_derivation.py in 619ms
[2026-10-05 03:48:22] [build-stdout] [INFO] [3] Extracted file /home/runner/work/Unitary-Manifold-/Unitary-Manifold-/src/core/pillar690_majorana_seesaw_dirichlet_bc.py in 485ms
[2026-10-05 03:48:22] [build-stdout] [INFO] [2] Extracted file /home/runner/work/Unitary-Manifold-/Unitary-Manifold-/src/core/pillar437_spherex_fnl_preregistration.py in 684ms
[2026-10-05 03:48:22] [build-stdout] [INFO] [2] Extracted file /home/runner/work/Unitary-Manifold-/Unitary-Manifold-/src/core/pillar281_desi_dr3_routing_drill.py in 222ms
[2026-10-05 03:48:22] [build-stdout] [INFO] [1] Extracted file /home/runner/work/Unitary-Manifold-/Unitary-Manifold-/src/core/mesh_refinement.py in 849ms
[2026-10-05 03:48:23] [build-stdout] [INFO] [4] Extracted file /home/runner/work/Unitary-Manifold-/Unitary-Manifold-/src/cold_fusion/falsification_protocol.py in 783ms
[2026-10-05 03:48:23] [build-stdout] [INFO] [1] Extracted file /home/runner/work/Unitary-Manifold-/Unitary-Manifold-/src/core/pillar412_braid_condensate_gamma.py in 232ms
[2026-10-05 03:48:23] [build-stdout] [INFO] [4] Extracted file /home/runner/work/Unitary-Manifold-/Unitary-Manifold-/src/core/pillar964_cl_phys_analytic_closure.py in 268ms
[2026-10-05 03:48:23] [build-stdout] [INFO] [3] Extracted file /home/runner/work/Unitary-Manifold-/Unitary-Manifold-/src/core/analytic_benchmark.py in 967ms
[2026-10-05 03:48:23] [build-stdout] [INFO] [4] Extracted file /home/runner/work/Unitary-Manifold-/Unitary-Manifold-/src/core/pillar999_cmb_amplitude_calibration_boundary.py in 372ms
[2026-10-05 03:48:23] [build-stdout] [INFO] [3] Extracted file /home/runner/work/Unitary-Manifold-/Unitary-Manifold-/src/core/pillar884_lean4_sprint_bb_master_bridge.py in 328ms
[2026-10-05 03:48:23] [build-stdout] [INFO] [4] Extracted file /home/runner/work/Unitary-Manifold-/Unitary-Manifold-/src/core/falsification_calendar.py in 193ms
[2026-10-05 03:48:23] [build-stdout] [INFO] [1] Extracted file /home/runner/work/Unitary-Manifold-/Unitary-Manifold-/src/core/pillar355_zphi_second_quantization.py in 853ms
[2026-10-05 03:48:23] [build-stdout] [INFO] [4] Extracted file /home/runner/work/Unitary-Manifold-/Unitary-Manifold-/claims/amplitude_normalization/verify.py in 94ms
[2026-10-05 03:48:24] [build-stdout] [INFO] [4] Extracted file /home/runner/work/Unitary-Manifold-/Unitary-Manifold-/src/core/pillar968_lean4_efolds_bridge.py in 84ms
[2026-10-05 03:48:24] [build-stdout] [INFO] [4] Extracted file /home/runner/work/Unitary-Manifold-/Unitary-Manifold-/src/core/pillar420_ckm_flavor_symmetry.py in 70ms
[2026-10-05 03:48:24] [build-stdout] [INFO] [3] Extracted file /home/runner/work/Unitary-Manifold-/Unitary-Manifold-/src/core/rmatrix_braid_neutrino.py in 415ms
[2026-10-05 03:48:24] [build-stdout] [INFO] [2] Extracted file /home/runner/work/Unitary-Manifold-/Unitary-Manifold-/src/core/pillar234_quantum_safe_crypto_solutions.py in 1414ms
[2026-10-05 03:48:24] [build-stdout] [INFO] [1] Extracted file /home/runner/work/Unitary-Manifold-/Unitary-Manifold-/src/core/cmb_boltzmann_peaks.py in 427ms
[2026-10-05 03:48:24] [build-stdout] [INFO] [2] Extracted file /home/runner/work/Unitary-Manifold-/Unitary-Manifold-/src/materials/froehlich_polaron.py in 323ms
[2026-10-05 03:48:24] [build-stdout] [INFO] [3] Extracted file /home/runner/work/Unitary-Manifold-/Unitary-Manifold-/src/core/pillar1130_action_derived_flow_steward_promotion.py in 386ms
[2026-10-05 03:48:24] [build-stdout] [INFO] [4] Extracted file /home/runner/work/Unitary-Manifold-/Unitary-Manifold-/src/core/fermion_emergence.py in 620ms
[2026-10-05 03:48:24] [build-stdout] [INFO] [2] Extracted file /home/runner/work/Unitary-Manifold-/Unitary-Manifold-/src/eleventd/horava_witten_reduction.py in 358ms
[2026-10-05 03:48:24] [build-stdout] [INFO] [4] Extracted file /home/runner/work/Unitary-Manifold-/Unitary-Manifold-/src/core/pillar486_desi_dr3_final_prep.py in 251ms
[2026-10-05 03:48:25] [build-stdout] [INFO] [3] Extracted file /home/runner/work/Unitary-Manifold-/Unitary-Manifold-/src/core/fermion_laplacian_spectrum.py in 611ms
[2026-10-05 03:48:25] [build-stdout] [INFO] [4] Extracted file /home/runner/work/Unitary-Manifold-/Unitary-Manifold-/src/core/pillar1074_litebird_beta_gap_sharpness_theorem.py in 251ms
[2026-10-05 03:48:25] [build-stdout] [INFO] [4] Extracted folder /home/runner/work/Unitary-Manifold-/Unitary-Manifold-/src in 7ms
[2026-10-05 03:48:25] [build-stdout] [INFO] [2] Extracted file /home/runner/work/Unitary-Manifold-/Unitary-Manifold-/src/core/qcd_confinement_geometric.py in 395ms
[2026-10-05 03:48:25] [build-stdout] [INFO] [2] Extracted file /home/runner/work/Unitary-Manifold-/Unitary-Manifold-/src/core/pillar423_wdw_minisuperspace.py in 150ms
[2026-10-05 03:48:25] [build-stdout] [INFO] [3] Extracted file /home/runner/work/Unitary-Manifold-/Unitary-Manifold-/src/core/pillar379_holographic_entropy_derivation.py in 286ms
[2026-10-05 03:48:25] [build-stdout] [INFO] [4] Extracted file /home/runner/work/Unitary-Manifold-/Unitary-Manifold-/src/core/pillar634_jarlskog_layer2_fn_mechanism.py in 209ms
[2026-10-05 03:48:25] [build-stdout] [INFO] [1] Extracted file /home/runner/work/Unitary-Manifold-/Unitary-Manifold-/src/core/su5_orbifold_proof.py in 1122ms
[2026-10-05 03:48:25] [build-stdout] [INFO] [4] Extracted file /home/runner/work/Unitary-Manifold-/Unitary-Manifold-/src/core/pillar667_fermi_hubbard_phase5_2d_kk_braid_geometry_adjacent.py in 97ms
[2026-10-05 03:48:25] [build-stdout] [INFO] [1] Extracted file /home/runner/work/Unitary-Manifold-/Unitary-Manifold-/src/core/desi_dr3_decision_matrix.py in 285ms
[2026-10-05 03:48:25] [build-stdout] [INFO] [3] Extracted file /home/runner/work/Unitary-Manifold-/Unitary-Manifold-/src/core/pillar796_juno_dm21_precision_update.py in 334ms
[2026-10-05 03:48:25] [build-stdout] [INFO] [4] Extracted file /home/runner/work/Unitary-Manifold-/Unitary-Manifold-/src/core/finish_line_command_structure.py in 228ms
[2026-10-05 03:48:25] [build-stdout] [INFO] [3] Extracted file /home/runner/work/Unitary-Manifold-/Unitary-Manifold-/src/core/pillar716_np_bc16_gauge_anomaly_cancellation.py in 57ms
[2026-10-05 03:48:25] [build-stdout] [INFO] [4] Extracted file /home/runner/work/Unitary-Manifold-/Unitary-Manifold-/src/core/pillar727_desi_dr3_live_status_drill.py in 57ms
[2026-10-05 03:48:25] [build-stdout] [INFO] [2] Extracted file /home/runner/work/Unitary-Manifold-/Unitary-Manifold-/src/core/omega_qcd_phase_b.py in 501ms
[2026-10-05 03:48:25] [build-stdout] [INFO] [1] Extracted file /home/runner/work/Unitary-Manifold-/Unitary-Manifold-/src/core/pillar1073_track_b_verdict_aggregator.py in 199ms
[2026-10-05 03:48:26] [build-stdout] [INFO] [3] Extracted file /home/runner/work/Unitary-Manifold-/Unitary-Manifold-/src/quantum/pillar718_kk_vqe_hardening.py in 215ms
[2026-10-05 03:48:26] [build-stdout] [INFO] [1] Extracted file /home/runner/work/Unitary-Manifold-/Unitary-Manifold-/src/core/pillar_cmb_peak_hardening.py in 221ms
[2026-10-05 03:48:26] [build-stdout] [INFO] [4] Extracted file /home/runner/work/Unitary-Manifold-/Unitary-Manifold-/src/core/higgs_mass_closure.py in 470ms
[2026-10-05 03:48:26] [build-stdout] [INFO] [2] Extracted file /home/runner/work/Unitary-Manifold-/Unitary-Manifold-/src/core/pillar797_desi_dr2_wa_falsification_audit.py in 422ms
[2026-10-05 03:48:26] [build-stdout] [INFO] [1] Extracted file /home/runner/work/Unitary-Manifold-/Unitary-Manifold-/src/core/pillar798_quark_lepton_cl_splitting_subleading.py in 250ms
[2026-10-05 03:48:26] [build-stdout] [INFO] [4] Extracted file /home/runner/work/Unitary-Manifold-/Unitary-Manifold-/src/core/pillar646_lisa_ogw_template.py in 270ms
[2026-10-05 03:48:26] [build-stdout] [INFO] [3] Extracted file /home/runner/work/Unitary-Manifold-/Unitary-Manifold-/src/core/dual_sector_convergence.py in 545ms
[2026-10-05 03:48:26] [build-stdout] [INFO] [4] Extracted file /home/runner/work/Unitary-Manifold-/Unitary-Manifold-/src/core/pillar231_lisa_omega_gw_preregistration_package.py in 36ms
[2026-10-05 03:48:26] [build-stdout] [INFO] [3] Extracted file /home/runner/work/Unitary-Manifold-/Unitary-Manifold-/src/core/no_inflation_evidence_guard.py in 140ms
[2026-10-05 03:48:26] [build-stdout] [INFO] [2] Extracted file /home/runner/work/Unitary-Manifold-/Unitary-Manifold-/src/core/pillar941_sprint_bf_regression_certificate.py in 428ms
[2026-10-05 03:48:26] [build-stdout] [INFO] [1] Extracted file /home/runner/work/Unitary-Manifold-/Unitary-Manifold-/src/sevend/pillar861_ckm_7d_bulk_mass_spectrum.py in 555ms
[2026-10-05 03:48:27] [build-stdout] [INFO] [1] Extracted file /home/runner/work/Unitary-Manifold-/Unitary-Manifold-/src/core/pillar1127_sprint_cv_status_coherence_certificate.py in 153ms
[2026-10-05 03:48:27] [build-stdout] [INFO] [2] Extracted file /home/runner/work/Unitary-Manifold-/Unitary-Manifold-/src/core/bmu_dark_photon.py in 445ms
[2026-10-05 03:48:27] [build-stdout] [INFO] [3] Extracted file /home/runner/work/Unitary-Manifold-/Unitary-Manifold-/src/core/neutrino_majorana_uv_proof.py in 617ms
[2026-10-05 03:48:27] [build-stdout] [INFO] [2] Extracted file /home/runner/work/Unitary-Manifold-/Unitary-Manifold-/src/core/pillar683_t2_gauge_artifact_certificate.py in 220ms
[2026-10-05 03:48:27] [build-stdout] [INFO] [3] Extracted file /home/runner/work/Unitary-Manifold-/Unitary-Manifold-/src/core/pillar783_sprint_v228_regression_certificate.py in 189ms
[2026-10-05 03:48:27] [build-stdout] [INFO] [2] Extracted file /home/runner/work/Unitary-Manifold-/Unitary-Manifold-/src/core/pillar678_alpha_s_warp_anchor_closure.py in 181ms
[2026-10-05 03:48:27] [build-stdout] [INFO] [4] Extracted file /home/runner/work/Unitary-Manifold-/Unitary-Manifold-/src/core/quark_yukawa_sector.py in 1126ms
[2026-10-05 03:48:28] [build-stdout] [INFO] [3] Extracted file /home/runner/work/Unitary-Manifold-/Unitary-Manifold-/src/cold_fusion/excess_heat.py in 638ms
[2026-10-05 03:48:28] [build-stdout] [INFO] [2] Extracted file /home/runner/work/Unitary-Manifold-/Unitary-Manifold-/src/core/sm_parameter_grand_sync.py in 659ms
[2026-10-05 03:48:28] [build-stdout] [INFO] [3] Extracted file /home/runner/work/Unitary-Manifold-/Unitary-Manifold-/src/core/pillar776_np_bc3_ghi_resolution.py in 382ms
[2026-10-05 03:48:28] [build-stdout] [INFO] [4] Extracted file /home/runner/work/Unitary-Manifold-/Unitary-Manifold-/src/core/metric.py in 1133ms
[2026-10-05 03:48:28] [build-stdout] [INFO] [3] Extracted file /home/runner/work/Unitary-Manifold-/Unitary-Manifold-/src/core/pillar330_bayesian_model_comparison.py in 453ms
[2026-10-05 03:48:29] [build-stdout] [INFO] [3] Extracted file /home/runner/work/Unitary-Manifold-/Unitary-Manifold-/src/core/merlin_blocker_utils.py in 20ms
[2026-10-05 03:48:29] [build-stdout] [INFO] [3] Skipped built-in file /opt/hostedtoolcache/Python/3.12.14/x64/lib/python3.12/hashlib.py
[2026-10-05 03:48:29] [build-stdout] [INFO] [2] Extracted file /home/runner/work/Unitary-Manifold-/Unitary-Manifold-/src/core/rge_running.py in 782ms
[2026-10-05 03:48:29] [build-stdout] [INFO] [4] Extracted file /home/runner/work/Unitary-Manifold-/Unitary-Manifold-/src/core/adm_time_parameterization.py in 195ms
[2026-10-05 03:48:29] [build-stdout] [INFO] [4] Extracted file /home/runner/work/Unitary-Manifold-/Unitary-Manifold-/src/core/equivalence_principle_guard.py in 429ms
[2026-10-05 03:48:29] [build-stdout] [INFO] [3] Extracted file /home/runner/work/Unitary-Manifold-/Unitary-Manifold-/src/core/pillar795_birefringence_act_planck_dr6.py in 547ms
[2026-10-05 03:48:29] [build-stdout] [INFO] [2] Extracted file /home/runner/work/Unitary-Manifold-/Unitary-Manifold-/src/holography/boundary.py in 677ms
[2026-10-05 03:48:29] [build-stdout] [INFO] [4] Extracted file /home/runner/work/Unitary-Manifold-/Unitary-Manifold-/src/core/pillar435_hllhc_kk_graviton.py in 377ms
[2026-10-05 03:48:29] [build-stdout] [INFO] [2] Extracted file /home/runner/work/Unitary-Manifold-/Unitary-Manifold-/src/core/twisted_torus_cmb.py in 202ms
[2026-10-05 03:48:29] [build-stdout] [INFO] [3] Extracted file /home/runner/work/Unitary-Manifold-/Unitary-Manifold-/src/core/pillar331_cmb_topology_quadrupole.py in 393ms
[2026-10-05 03:48:29] [build-stdout] [INFO] [4] Extracted file /home/runner/work/Unitary-Manifold-/Unitary-Manifold-/src/core/p5_higgs_mass_derived_cert.py in 127ms
[2026-10-05 03:48:30] [build-stdout] [INFO] [2] Extracted file /home/runner/work/Unitary-Manifold-/Unitary-Manifold-/src/core/pillar1017_twelved_residual_registry_perturbation_audit.py in 207ms
[2026-10-05 03:48:30] [build-stdout] [INFO] [2] Extracted folder /home/runner/work/Unitary-Manifold-/Unitary-Manifold-/src/core in 1ms
[2026-10-05 03:48:30] [build-stdout] [INFO] [2] Extracted file /home/runner/work/Unitary-Manifold-/Unitary-Manifold-/src/marine/README.md in 1ms
[2026-10-05 03:48:30] [build-stdout] [INFO] [2] Extracted file /home/runner/work/Unitary-Manifold-/Unitary-Manifold-/src/core/pillar762_pmns_solar_angle_full_closure.py in 125ms
[2026-10-05 03:48:30] [build-stdout] [INFO] [3] Extracted file /home/runner/work/Unitary-Manifold-/Unitary-Manifold-/src/core/pillar587_np_bc4_subgap_k_adm.py in 296ms
[2026-10-05 03:48:30] [build-stdout] [INFO] [1] Extracted file /home/runner/work/Unitary-Manifold-/Unitary-Manifold-/src/core/inflation.py in 3262ms
[2026-10-05 03:48:30] [build-stdout] [INFO] [4] Extracted file /home/runner/work/Unitary-Manifold-/Unitary-Manifold-/src/core/pillar835_nw5_planck_independence_maximal_case.py in 410ms
[2026-10-05 03:48:30] [build-stdout] [INFO] [3] Extracted file /home/runner/work/Unitary-Manifold-/Unitary-Manifold-/src/core/pillar1075_desi_wa_rigidity_theorem.py in 175ms
[2026-10-05 03:48:30] [build-stdout] [INFO] [2] Extracted file /home/runner/work/Unitary-Manifold-/Unitary-Manifold-/src/core/pmns_solar_angle_analytic_bound.py in 349ms
[2026-10-05 03:48:30] [build-stdout] [INFO] [1] Extracted file /home/runner/work/Unitary-Manifold-/Unitary-Manifold-/src/core/higgs_mass_nogo_proof.py in 279ms
[2026-10-05 03:48:30] [build-stdout] [INFO] [4] Extracted file /home/runner/work/Unitary-Manifold-/Unitary-Manifold-/src/core/dissipation_geometry.py in 348ms
[2026-10-05 03:48:30] [build-stdout] [INFO] [4] Extracted file /home/runner/work/Unitary-Manifold-/Unitary-Manifold-/src/core/pillar712_tensor_spectral_index_tightening.py in 77ms
[2026-10-05 03:48:30] [build-stdout] [INFO] [3] Extracted file /home/runner/work/Unitary-Manifold-/Unitary-Manifold-/claims/cosmic_birefringence/test_claim.py in 392ms
[2026-10-05 03:48:30] [build-stdout] [INFO] [2] Extracted file /home/runner/work/Unitary-Manifold-/Unitary-Manifold-/src/core/pillar376_um_vs_lcdm_discriminator.py in 357ms
[2026-10-05 03:48:30] [build-stdout] [INFO] [1] Extracted file /home/runner/work/Unitary-Manifold-/Unitary-Manifold-/src/core/pillar246_sm_28of28_geometric_closure_track.py in 274ms
[2026-10-05 03:48:30] [build-stdout] [INFO] [3] Extracted file /home/runner/work/Unitary-Manifold-/Unitary-Manifold-/src/core/um_sos_rag.py in 156ms
[2026-10-05 03:48:31] [build-stdout] [INFO] [1] Extracted file /home/runner/work/Unitary-Manifold-/Unitary-Manifold-/src/core/pillar818_full_backreacted_boltzmann.py in 142ms
[2026-10-05 03:48:31] [build-stdout] [INFO] [4] Extracted file /home/runner/work/Unitary-Manifold-/Unitary-Manifold-/src/core/neutrino_mass_seesaw_canonical.py in 316ms
[2026-10-05 03:48:31] [build-stdout] [INFO] [3] Extracted file /home/runner/work/Unitary-Manifold-/Unitary-Manifold-/src/core/pillar1023_sprint_bu_exact_kernel_certificate.py in 159ms
[2026-10-05 03:48:31] [build-stdout] [INFO] [1] Extracted file /home/runner/work/Unitary-Manifold-/Unitary-Manifold-/src/core/pillar969_a4_flavor_symmetry_monodromy.py in 103ms
[2026-10-05 03:48:31] [build-stdout] [INFO] [2] Extracted file /home/runner/work/Unitary-Manifold-/Unitary-Manifold-/src/core/scaffold_registry.py in 252ms
[2026-10-05 03:48:31] [build-stdout] [INFO] [4] Extracted file /home/runner/work/Unitary-Manifold-/Unitary-Manifold-/src/core/pillar489_cmb_peak3_eft_irreducible.py in 132ms
[2026-10-05 03:48:31] [build-stdout] [INFO] [2] Extracted file /home/runner/work/Unitary-Manifold-/Unitary-Manifold-/src/core/bh_remnant.py in 180ms
[2026-10-05 03:48:31] [build-stdout] [INFO] [1] Extracted file /home/runner/work/Unitary-Manifold-/Unitary-Manifold-/src/core/pillar510_ai_governance_stack.py in 259ms
[2026-10-05 03:48:31] [build-stdout] [INFO] [4] Extracted file /home/runner/work/Unitary-Manifold-/Unitary-Manifold-/src/core/pillar415_fermion_fn_continuous.py in 204ms
[2026-10-05 03:48:31] [build-stdout] [INFO] [2] Extracted file /home/runner/work/Unitary-Manifold-/Unitary-Manifold-/src/core/isl_yukawa.py in 248ms
[2026-10-05 03:48:31] [build-stdout] [INFO] [1] Extracted file /home/runner/work/Unitary-Manifold-/Unitary-Manifold-/src/core/pillar399_lhc_kkgraviton_crosssection.py in 258ms
[2026-10-05 03:48:31] [build-stdout] [INFO] [3] Extracted file /home/runner/work/Unitary-Manifold-/Unitary-Manifold-/src/core/pillar538_enteric_neural_core.py in 552ms
[2026-10-05 03:48:31] [build-stdout] [INFO] [2] Extracted file /home/runner/work/Unitary-Manifold-/Unitary-Manifold-/src/core/pillar451_alpha_gw_sc2_narrowing.py in 190ms
[2026-10-05 03:48:31] [build-stdout] [INFO] [4] Extracted file /home/runner/work/Unitary-Manifold-/Unitary-Manifold-/src/core/pillar317_braid_stability_certificate.py in 411ms
[2026-10-05 03:48:31] [build-stdout] [INFO] [1] Extracted file /home/runner/work/Unitary-Manifold-/Unitary-Manifold-/src/multiverse/hubble_tension.py in 209ms
[2026-10-05 03:48:31] [build-stdout] [INFO] [3] Extracted file /home/runner/work/Unitary-Manifold-/Unitary-Manifold-/src/core/desi_dr2_gap_report.py in 229ms
[2026-10-05 03:48:31] [build-stdout] [INFO] [2] Extracted file /home/runner/work/Unitary-Manifold-/Unitary-Manifold-/src/quantum/pillar717_fh_braid_geometry_hardening.py in 122ms
[2026-10-05 03:48:32] [build-stdout] [INFO] [1] Extracted file /home/runner/work/Unitary-Manifold-/Unitary-Manifold-/src/core/alpha_gut_threshold_complete.py in 148ms
[2026-10-05 03:48:32] [build-stdout] [INFO] [2] Extracted file /home/runner/work/Unitary-Manifold-/Unitary-Manifold-/src/core/pillar418_cmb_peak_residual_bound.py in 128ms
[2026-10-05 03:48:32] [build-stdout] [INFO] [3] Extracted file /home/runner/work/Unitary-Manifold-/Unitary-Manifold-/src/sevend/pillar888_ckm_7d_fn_correction.py in 197ms
[2026-10-05 03:48:32] [build-stdout] [INFO] [4] Extracted file /home/runner/work/Unitary-Manifold-/Unitary-Manifold-/src/core/pillar368_so_dr1_joint_verdict.py in 365ms
[2026-10-05 03:48:32] [build-stdout] [INFO] [2] Extracted file /home/runner/work/Unitary-Manifold-/Unitary-Manifold-/src/core/pillar351_cabibbo_nlo_derivation.py in 296ms
[2026-10-05 03:48:32] [build-stdout] [INFO] [1] Extracted file /home/runner/work/Unitary-Manifold-/Unitary-Manifold-/src/core/pillar955_su3_kawamura_cs_derivation.py in 318ms
[2026-10-05 03:48:32] [build-stdout] [INFO] [3] Extracted file /home/runner/work/Unitary-Manifold-/Unitary-Manifold-/src/materials/polariton_vortex.py in 407ms
[2026-10-05 03:48:32] [build-stdout] [INFO] [2] Extracted file /home/runner/work/Unitary-Manifold-/Unitary-Manifold-/src/core/hyperk_juno_dm31_readiness.py in 210ms
[2026-10-05 03:48:32] [build-stdout] [INFO] [2] Extracted file /home/runner/work/Unitary-Manifold-/Unitary-Manifold-/src/sevend/__init__.py in 7ms
[2026-10-05 03:48:32] [build-stdout] [INFO] [2] Extracted file /home/runner/work/Unitary-Manifold-/Unitary-Manifold-/src/core/josephson_resonance.py in 241ms
[2026-10-05 03:48:32] [build-stdout] [INFO] [3] Extracted file /home/runner/work/Unitary-Manifold-/Unitary-Manifold-/src/core/pillar1047_sprint_by_status_coherence_certificate.py in 427ms
[2026-10-05 03:48:32] [build-stdout] [INFO] [4] Extracted file /home/runner/work/Unitary-Manifold-/Unitary-Manifold-/src/core/pillar395_derivation_dag.py in 744ms
[2026-10-05 03:48:33] [build-stdout] [INFO] [2] Extracted file /home/runner/work/Unitary-Manifold-/Unitary-Manifold-/src/core/pillar477_decision_rehearsal_full_drills.py in 304ms
[2026-10-05 03:48:33] [build-stdout] [INFO] [2] Extracted file /home/runner/work/Unitary-Manifold-/Unitary-Manifold-/src/core/pillar788_sprint_v23_regression_certificate.py in 55ms
[2026-10-05 03:48:33] [build-stdout] [INFO] [4] Extracted file /home/runner/work/Unitary-Manifold-/Unitary-Manifold-/src/core/braid_uniqueness.py in 421ms
[2026-10-05 03:48:33] [build-stdout] [INFO] [3] Extracted file /home/runner/work/Unitary-Manifold-/Unitary-Manifold-/src/core/pillar1086_sprint_cl_all_hands_rigor_packet.py in 475ms
[2026-10-05 03:48:33] [build-stdout] [INFO] [2] Extracted file /home/runner/work/Unitary-Manifold-/Unitary-Manifold-/src/core/boltzmann_bridge.py in 354ms
[2026-10-05 03:48:33] [build-stdout] [INFO] [4] Extracted file /home/runner/work/Unitary-Manifold-/Unitary-Manifold-/src/core/pillar1035_sprint_bx_formal_residual_tightening.py in 155ms
[2026-10-05 03:48:33] [build-stdout] [INFO] [1] Extracted file /home/runner/work/Unitary-Manifold-/Unitary-Manifold-/src/core/action_derived_flow.py in 1223ms
[2026-10-05 03:48:33] [build-stdout] [INFO] [1] Extracted file /home/runner/work/Unitary-Manifold-/Unitary-Manifold-/src/core/pillar962_lean4_sprint_bi_bridge.py in 165ms
[2026-10-05 03:48:33] [build-stdout] [INFO] [2] Extracted file /home/runner/work/Unitary-Manifold-/Unitary-Manifold-/src/core/kk_imprint.py in 341ms
[2026-10-05 03:48:33] [build-stdout] [INFO] [3] Extracted file /home/runner/work/Unitary-Manifold-/Unitary-Manifold-/src/core/pillar1078_parallel_audit_remediation.py in 559ms
[2026-10-05 03:48:34] [build-stdout] [INFO] [3] Extracted file /home/runner/work/Unitary-Manifold-/Unitary-Manifold-/src/core/pillar467_desi_dr3_falsification_gate.py in 167ms
[2026-10-05 03:48:34] [build-stdout] [INFO] [2] Extracted file /home/runner/work/Unitary-Manifold-/Unitary-Manifold-/src/core/pillar970_ckm_jarlskog_a4_update.py in 287ms
[2026-10-05 03:48:34] [build-stdout] [INFO] [1] Extracted file /home/runner/work/Unitary-Manifold-/Unitary-Manifold-/src/core/pillar465_theorem_registry_v14.py in 543ms
[2026-10-05 03:48:34] [build-stdout] [INFO] [4] Extracted file /home/runner/work/Unitary-Manifold-/Unitary-Manifold-/src/core/pillar200_rge_geometric.py in 765ms
[2026-10-05 03:48:34] [build-stdout] [INFO] [2] Extracted file /home/runner/work/Unitary-Manifold-/Unitary-Manifold-/src/quantum/benchmarks.py in 261ms
[2026-10-05 03:48:34] [build-stdout] [INFO] [3] Extracted file /home/runner/work/Unitary-Manifold-/Unitary-Manifold-/src/core/pillar302_two_radius_gw_moduli_stability.py in 292ms
[2026-10-05 03:48:34] [build-stdout] [INFO] [1] Extracted file /home/runner/work/Unitary-Manifold-/Unitary-Manifold-/src/core/julia_acceleration.py in 202ms
[2026-10-05 03:48:34] [build-stdout] [INFO] [1] Extracted file /home/runner/work/Unitary-Manifold-/Unitary-Manifold-/src/biology/__init__.py in 15ms
[2026-10-05 03:48:34] [build-stdout] [INFO] [2] Extracted file /home/runner/work/Unitary-Manifold-/Unitary-Manifold-/src/core/pillar287_short_cycle_assignment_derivation.py in 313ms
[2026-10-05 03:48:34] [build-stdout] [INFO] [1] Extracted file /home/runner/work/Unitary-Manifold-/Unitary-Manifold-/src/core/pillar473_truth_surface_sync_v14.py in 262ms
[2026-10-05 03:48:34] [build-stdout] [INFO] [4] Extracted file /home/runner/work/Unitary-Manifold-/Unitary-Manifold-/src/core/pillar427_external_verification_v135.py in 481ms
[2026-10-05 03:48:34] [build-stdout] [INFO] [2] Extracted file /home/runner/work/Unitary-Manifold-/Unitary-Manifold-/src/core/pillar627_ftheory_rung10_certificate.py in 101ms
[2026-10-05 03:48:34] [build-stdout] [INFO] [3] Extracted file /home/runner/work/Unitary-Manifold-/Unitary-Manifold-/src/core/pillar367_desi_dr3_canonical_routing.py in 392ms
[2026-10-05 03:48:35] [build-stdout] [INFO] [4] Extracted file /home/runner/work/Unitary-Manifold-/Unitary-Manifold-/src/core/adm_kk_regge_partition.py in 218ms
[2026-10-05 03:48:35] [build-stdout] [INFO] [1] Extracted file /home/runner/work/Unitary-Manifold-/Unitary-Manifold-/src/core/litebird_forecast.py in 336ms
[2026-10-05 03:48:35] [build-stdout] [INFO] [4] Extracted file /home/runner/work/Unitary-Manifold-/Unitary-Manifold-/src/core/kk_gauge_spectrum.py in 121ms
[2026-10-05 03:48:35] [build-stdout] [INFO] [4] Extracted file /home/runner/work/Unitary-Manifold-/Unitary-Manifold-/src/chemistry/README.md in 2ms
[2026-10-05 03:48:35] [build-stdout] [INFO] [2] Extracted file /home/runner/work/Unitary-Manifold-/Unitary-Manifold-/src/core/pillar434_adm_bssn_lapse.py in 360ms
[2026-10-05 03:48:35] [build-stdout] [INFO] [4] Extracted file /home/runner/work/Unitary-Manifold-/Unitary-Manifold-/src/sixd/pillar892_ngen_bundle_third_filter.py in 54ms
[2026-10-05 03:48:35] [build-stdout] [INFO] [4] Extracted file /home/runner/work/Unitary-Manifold-/Unitary-Manifold-/src/core/pillar504_lattice_braid_phase4_np_condensate.py in 85ms
[2026-10-05 03:48:35] [build-stdout] [INFO] [4] Extracted file /home/runner/work/Unitary-Manifold-/Unitary-Manifold-/src/core/pillar201_higgs_vev_geometric.py in 174ms
[2026-10-05 03:48:35] [build-stdout] [INFO] [4] Extracted folder /home/runner/work/Unitary-Manifold-/Unitary-Manifold-/src/psychology in 1ms
[2026-10-05 03:48:35] [build-stdout] [INFO] [4] Extracted file /home/runner/work/Unitary-Manifold-/Unitary-Manifold-/src/climate/carbon_cycle.py in 102ms
[2026-10-05 03:48:35] [build-stdout] [INFO] [3] Extracted file /home/runner/work/Unitary-Manifold-/Unitary-Manifold-/src/core/pillar236_critique_hardening_engine.py in 787ms
[2026-10-05 03:48:35] [build-stdout] [INFO] [4] Extracted file /home/runner/work/Unitary-Manifold-/Unitary-Manifold-/src/core/pillar1021_embryology_exact_kernels.py in 100ms
[2026-10-05 03:48:35] [build-stdout] [INFO] [4] Extracted file /home/runner/work/Unitary-Manifold-/Unitary-Manifold-/claims/mp_me_ratio/__init__.py in 18ms
[2026-10-05 03:48:35] [build-stdout] [INFO] [1] Extracted file /home/runner/work/Unitary-Manifold-/Unitary-Manifold-/src/core/pillar253_ai_compute_sustainability_access_engine.py in 649ms
[2026-10-05 03:48:35] [build-stdout] [INFO] [4] Extracted file /home/runner/work/Unitary-Manifold-/Unitary-Manifold-/src/core/pillar682_jarlskog_layer2_rho_bar.py in 271ms
[2026-10-05 03:48:35] [build-stdout] [INFO] [4] Extracted file /home/runner/work/Unitary-Manifold-/Unitary-Manifold-/src/consciousness/__init__.py in 7ms
[2026-10-05 03:48:36] [build-stdout] [INFO] [2] Extracted file /home/runner/work/Unitary-Manifold-/Unitary-Manifold-/src/core/pillar277_cmb_peak_three_term_decomposition.py in 797ms
[2026-10-05 03:48:36] [build-stdout] [INFO] [3] Extracted file /home/runner/work/Unitary-Manifold-/Unitary-Manifold-/src/core/pillar301_rolling_radion_dark_energy.py in 411ms
[2026-10-05 03:48:36] [build-stdout] [INFO] [2] Extracted file /home/runner/work/Unitary-Manifold-/Unitary-Manifold-/src/core/pillar816_alphas_nlo_winding_audit.py in 302ms
[2026-10-05 03:48:36] [build-stdout] [INFO] [2] Extracted file /home/runner/work/Unitary-Manifold-/Unitary-Manifold-/src/core/pillar859_lean4_master_theorem.py in 82ms
[2026-10-05 03:48:36] [build-stdout] [INFO] [4] Extracted file /home/runner/work/Unitary-Manifold-/Unitary-Manifold-/src/consciousness/consciousness_deployment.py in 431ms
[2026-10-05 03:48:36] [build-stdout] [INFO] [3] Extracted file /home/runner/work/Unitary-Manifold-/Unitary-Manifold-/src/core/symbolic_metric.py in 496ms
[2026-10-05 03:48:36] [build-stdout] [INFO] [2] Extracted file /home/runner/work/Unitary-Manifold-/Unitary-Manifold-/src/core/pillar_nw_uniqueness_hardening.py in 243ms
[2026-10-05 03:48:36] [build-stdout] [INFO] [3] Extracted file /home/runner/work/Unitary-Manifold-/Unitary-Manifold-/src/core/pillar666_xdiag_phase2_kk_mott_benchmark_adjacent.py in 135ms
[2026-10-05 03:48:36] [build-stdout] [INFO] [2] Extracted file /home/runner/work/Unitary-Manifold-/Unitary-Manifold-/src/core/pillar563_arxiv_book26_sync.py in 142ms
[2026-10-05 03:48:36] [build-stdout] [INFO] [2] Extracted file /home/runner/work/Unitary-Manifold-/Unitary-Manifold-/src/core/pillar661_ftheory_rung11_weierstrass_spectral_cover_adjacent.py in 89ms
[2026-10-05 03:48:36] [build-stdout] [INFO] [3] Extracted file /home/runner/work/Unitary-Manifold-/Unitary-Manifold-/src/core/pillar409_resonant_leptogenesis.py in 213ms
[2026-10-05 03:48:37] [build-stdout] [INFO] [2] Extracted file /home/runner/work/Unitary-Manifold-/Unitary-Manifold-/src/core/adm_quantitative_closure.py in 332ms
[2026-10-05 03:48:37] [build-stdout] [INFO] [4] Extracted file /home/runner/work/Unitary-Manifold-/Unitary-Manifold-/src/multiverse/fixed_point.py in 855ms
[2026-10-05 03:48:37] [build-stdout] [INFO] [3] Extracted file /home/runner/work/Unitary-Manifold-/Unitary-Manifold-/src/core/unitary_closure.py in 391ms
[2026-10-05 03:48:37] [build-stdout] [INFO] [3] Extracted file /home/runner/work/Unitary-Manifold-/Unitary-Manifold-/claims/__init__.py in 8ms
[2026-10-05 03:48:37] [build-stdout] [INFO] [2] Extracted file /home/runner/work/Unitary-Manifold-/Unitary-Manifold-/src/core/pillar700_cmb_s4_kk_residual_forecast.py in 145ms
[2026-10-05 03:48:37] [build-stdout] [INFO] [4] Extracted file /home/runner/work/Unitary-Manifold-/Unitary-Manifold-/src/core/sp2r_radion_propagator.py in 171ms
[2026-10-05 03:48:37] [build-stdout] [INFO] [2] Extracted file /home/runner/work/Unitary-Manifold-/Unitary-Manifold-/src/core/pillar867_alphas_cross_dimensional_audit.py in 111ms
[2026-10-05 03:48:37] [build-stdout] [INFO] [3] Extracted file /home/runner/work/Unitary-Manifold-/Unitary-Manifold-/src/core/pillar825_sprint_ay_regression_certificate.py in 182ms
[2026-10-05 03:48:37] [build-stdout] [INFO] [2] Extracted file /home/runner/work/Unitary-Manifold-/Unitary-Manifold-/src/core/strong_cp_pq_z2_closure.py in 74ms
[2026-10-05 03:48:37] [build-stdout] [INFO] [2] Extracted file /home/runner/work/Unitary-Manifold-/Unitary-Manifold-/src/core/pillar629_book30_ftheory_dbp_sync.py in 57ms
[2026-10-05 03:48:37] [build-stdout] [INFO] [3] Extracted file /home/runner/work/Unitary-Manifold-/Unitary-Manifold-/src/core/pillar1004_thirteen_dimensional_bifurcation_sink.py in 149ms
[2026-10-05 03:48:37] [build-stdout] [INFO] [3] Extracted folder /opt/hostedtoolcache/Python/3.12.14/x64/lib/python3.12/re in 2ms
[2026-10-05 03:48:37] [build-stdout] [INFO] [2] Extracted file /home/runner/work/Unitary-Manifold-/Unitary-Manifold-/src/core/pillar543_desi_dr3_readiness.py in 213ms
[2026-10-05 03:48:37] [build-stdout] [INFO] [3] Extracted file /home/runner/work/Unitary-Manifold-/Unitary-Manifold-/src/core/pillar314_lambda_gw_derivation_attempt.py in 278ms
[2026-10-05 03:48:37] [build-stdout] [INFO] [1] Extracted file /home/runner/work/Unitary-Manifold-/Unitary-Manifold-/src/core/ew_hierarchy.py in 2164ms
[2026-10-05 03:48:38] [build-stdout] [INFO] [3] Extracted file /home/runner/work/Unitary-Manifold-/Unitary-Manifold-/src/core/pillar722_jarlskog_layer3_fn_sublattice.py in 110ms
[2026-10-05 03:48:38] [build-stdout] [INFO] [1] Extracted file /home/runner/work/Unitary-Manifold-/Unitary-Manifold-/src/nined/pillar850_9d_pmns_cp_phase_derivation.py in 102ms
[2026-10-05 03:48:38] [build-stdout] [INFO] [1] Extracted file /home/runner/work/Unitary-Manifold-/Unitary-Manifold-/src/tend/cc_architecture_limit.py in 199ms
[2026-10-05 03:48:38] [build-stdout] [INFO] [4] Extracted file /home/runner/work/Unitary-Manifold-/Unitary-Manifold-/src/core/neutrino_pmns.py in 836ms
[2026-10-05 03:48:38] [build-stdout] [INFO] [1] Extracted file /home/runner/work/Unitary-Manifold-/Unitary-Manifold-/src/core/formal_invariant_registry.py in 232ms
[2026-10-05 03:48:38] [build-stdout] [INFO] [3] Extracted file /home/runner/work/Unitary-Manifold-/Unitary-Manifold-/src/core/cmb_transfer.py in 519ms
[2026-10-05 03:48:38] [build-stdout] [INFO] [4] Extracted file /home/runner/work/Unitary-Manifold-/Unitary-Manifold-/src/core/pillar517_wsv_pr_first_principles.py in 325ms
[2026-10-05 03:48:38] [build-stdout] [INFO] [1] Extracted file /home/runner/work/Unitary-Manifold-/Unitary-Manifold-/src/core/pillar1114_lane4_falsifier_tension_discipline.py in 154ms
[2026-10-05 03:48:38] [build-stdout] [INFO] [2] Extracted file /home/runner/work/Unitary-Manifold-/Unitary-Manifold-/src/core/pillar814_zph_camb_bridge.py in 874ms
[2026-10-05 03:48:38] [build-stdout] [INFO] [1] Extracted file /home/runner/work/Unitary-Manifold-/Unitary-Manifold-/src/core/falsification_check.py in 237ms
[2026-10-05 03:48:38] [build-stdout] [INFO] [1] Extracted file /home/runner/work/Unitary-Manifold-/Unitary-Manifold-/src/astronomy/README.md in 5ms
[2026-10-05 03:48:38] [build-stdout] [INFO] [2] Extracted file /home/runner/work/Unitary-Manifold-/Unitary-Manifold-/src/core/pillar833_radion_two_loop_stability.py in 237ms
[2026-10-05 03:48:38] [build-stdout] [INFO] [4] Extracted file /home/runner/work/Unitary-Manifold-/Unitary-Manifold-/src/core/experiment_monitor_matrix.py in 356ms
[2026-10-05 03:48:38] [build-stdout] [INFO] [2] Extracted file /home/runner/work/Unitary-Manifold-/Unitary-Manifold-/src/core/pillar1063_alpha_s_geometric_floor_theorem.py in 77ms
[2026-10-05 03:48:39] [build-stdout] [INFO] [3] Extracted file /home/runner/work/Unitary-Manifold-/Unitary-Manifold-/src/core/pillar1048_quantum_gravity_parallel_rigor_sprint.py in 510ms
[2026-10-05 03:48:39] [build-stdout] [INFO] [1] Extracted file /home/runner/work/Unitary-Manifold-/Unitary-Manifold-/src/eleventd/horava_witten_hard_gate.py in 179ms
[2026-10-05 03:48:39] [build-stdout] [INFO] [2] Extracted file /home/runner/work/Unitary-Manifold-/Unitary-Manifold-/src/core/pillar641_higgs_naturalness_6d_nlo.py in 85ms
[2026-10-05 03:48:39] [build-stdout] [INFO] [3] Extracted file /home/runner/work/Unitary-Manifold-/Unitary-Manifold-/src/eleventd/g4_flux_vacuum_link.py in 136ms
[2026-10-05 03:48:39] [build-stdout] [INFO] [4] Extracted file /home/runner/work/Unitary-Manifold-/Unitary-Manifold-/src/core/pillar706_higgs_orbifold_bc_mechanism.py in 172ms
[2026-10-05 03:48:39] [build-stdout] [INFO] [2] Extracted file /home/runner/work/Unitary-Manifold-/Unitary-Manifold-/src/core/metric_ansatz_derivation.py in 231ms
[2026-10-05 03:48:39] [build-stdout] [INFO] [1] Extracted file /home/runner/work/Unitary-Manifold-/Unitary-Manifold-/src/core/pillar1040_sprint_by_precision_lock.py in 270ms
[2026-10-05 03:48:39] [build-stdout] [INFO] [2] Extracted file /home/runner/work/Unitary-Manifold-/Unitary-Manifold-/src/core/pillar513_topological_information_current.py in 48ms
[2026-10-05 03:48:39] [build-stdout] [INFO] [1] Extracted file /home/runner/work/Unitary-Manifold-/Unitary-Manifold-/src/earth/oceanography.py in 126ms
[2026-10-05 03:48:39] [build-stdout] [INFO] [2] Extracted file /home/runner/work/Unitary-Manifold-/Unitary-Manifold-/src/core/neutrino_majorana_dirac.py in 243ms
[2026-10-05 03:48:39] [build-stdout] [INFO] [1] Extracted file /home/runner/work/Unitary-Manifold-/Unitary-Manifold-/src/core/pillar1069_ftheory_spectral_cover_mh.py in 145ms
[2026-10-05 03:48:39] [build-stdout] [INFO] [3] Extracted file /home/runner/work/Unitary-Manifold-/Unitary-Manifold-/src/core/kk_backreaction.py in 522ms
[2026-10-05 03:48:39] [build-stdout] [INFO] [2] Extracted file /home/runner/work/Unitary-Manifold-/Unitary-Manifold-/src/core/pillar1062_cmb_amp_lower_bound_theorem.py in 174ms
[2026-10-05 03:48:39] [build-stdout] [INFO] [4] Extracted file /home/runner/work/Unitary-Manifold-/Unitary-Manifold-/src/core/qcd_threshold_synthesis.py in 648ms
[2026-10-05 03:48:39] [build-stdout] [INFO] [3] Extracted file /home/runner/work/Unitary-Manifold-/Unitary-Manifold-/src/core/pillar924_ftheory_rung10_g4_flux_cy4.py in 110ms
[2026-10-05 03:48:39] [build-stdout] [INFO] [1] Extracted file /home/runner/work/Unitary-Manifold-/Unitary-Manifold-/src/astronomy/stellar.py in 223ms
[2026-10-05 03:48:39] [build-stdout] [INFO] [1] Extracted folder /home/runner/work/Unitary-Manifold-/Unitary-Manifold-/src/cold_fusion in 2ms
[2026-10-05 03:48:39] [build-stdout] [INFO] [2] Extracted file /home/runner/work/Unitary-Manifold-/Unitary-Manifold-/src/nined/anomaly_cancellation_gs.py in 174ms
[2026-10-05 03:48:40] [build-stdout] [INFO] [4] Extracted file /home/runner/work/Unitary-Manifold-/Unitary-Manifold-/src/core/pillar688_jarlskog_layer2_fn_mixing.py in 227ms
[2026-10-05 03:48:40] [build-stdout] [INFO] [1] Extracted file /home/runner/work/Unitary-Manifold-/Unitary-Manifold-/src/core/kk_quantum_info.py in 351ms
[2026-10-05 03:48:40] [build-stdout] [INFO] [2] Extracted file /home/runner/work/Unitary-Manifold-/Unitary-Manifold-/src/core/anomaly_uniqueness.py in 286ms
[2026-10-05 03:48:40] [build-stdout] [INFO] [3] Extracted file /home/runner/work/Unitary-Manifold-/Unitary-Manifold-/src/core/pillar680_braid_uniqueness_algebraic_proof.py in 426ms
[2026-10-05 03:48:40] [build-stdout] [INFO] [4] Extracted file /home/runner/work/Unitary-Manifold-/Unitary-Manifold-/src/core/pillar1109_sprint_cr_master_charter.py in 271ms
[2026-10-05 03:48:40] [build-stdout] [INFO] [1] Extracted file /home/runner/work/Unitary-Manifold-/Unitary-Manifold-/src/core/pillar387_z2_odd_gmu5_derivation.py in 180ms
[2026-10-05 03:48:40] [build-stdout] [INFO] [2] Extracted file /home/runner/work/Unitary-Manifold-/Unitary-Manifold-/src/tend/cy3_kk_thresholds_alpha_s.py in 163ms
[2026-10-05 03:48:40] [build-stdout] [INFO] [1] Extracted file /home/runner/work/Unitary-Manifold-/Unitary-Manifold-/src/core/yukawa_tier4_followup.py in 121ms
[2026-10-05 03:48:40] [build-stdout] [INFO] [4] Extracted file /home/runner/work/Unitary-Manifold-/Unitary-Manifold-/src/core/pillar565_np_bc2_subgap_e_saddle_bound.py in 226ms
[2026-10-05 03:48:40] [build-stdout] [INFO] [2] Extracted file /home/runner/work/Unitary-Manifold-/Unitary-Manifold-/src/core/pillar781_fn_charge_geometric_reduction.py in 295ms
[2026-10-05 03:48:40] [build-stdout] [INFO] [1] Extracted file /home/runner/work/Unitary-Manifold-/Unitary-Manifold-/src/sevend/pillar843_7d_ckm_svd_mixing_angles.py in 209ms
[2026-10-05 03:48:40] [build-stdout] [INFO] [3] Extracted file /home/runner/work/Unitary-Manifold-/Unitary-Manifold-/src/core/pillar285_dark_energy_extension_specification.py in 571ms
[2026-10-05 03:48:40] [build-stdout] [INFO] [4] Extracted file /home/runner/work/Unitary-Manifold-/Unitary-Manifold-/src/justice/courts.py in 321ms
[2026-10-05 03:48:40] [build-stdout] [INFO] [3] Extracted file /home/runner/work/Unitary-Manifold-/Unitary-Manifold-/src/core/tightening_pmns_solar_hardgate.py in 91ms
[2026-10-05 03:48:41] [build-stdout] [INFO] [1] Extracted file /home/runner/work/Unitary-Manifold-/Unitary-Manifold-/src/core/pillar299_hyperk_running_sensitivity_timeline.py in 338ms
[2026-10-05 03:48:41] [build-stdout] [INFO] [2] Extracted file /home/runner/work/Unitary-Manifold-/Unitary-Manifold-/src/core/pillar262_full_residual_sprint_execution.py in 370ms
[2026-10-05 03:48:41] [build-stdout] [INFO] [3] Extracted file /home/runner/work/Unitary-Manifold-/Unitary-Manifold-/src/core/gw_architecture_limit.py in 273ms
[2026-10-05 03:48:41] [build-stdout] [INFO] [4] Extracted file /home/runner/work/Unitary-Manifold-/Unitary-Manifold-/src/core/pillar357_act_dr6_tensor_spectrum.py in 407ms
[2026-10-05 03:48:41] [build-stdout] [INFO] [1] Extracted file /home/runner/work/Unitary-Manifold-/Unitary-Manifold-/src/holography/dual_cft_spectrum.py in 293ms
[2026-10-05 03:48:41] [build-stdout] [INFO] [2] Extracted file /home/runner/work/Unitary-Manifold-/Unitary-Manifold-/src/core/kk_threshold_alpha_s.py in 289ms
[2026-10-05 03:48:41] [build-stdout] [INFO] [4] Extracted file /home/runner/work/Unitary-Manifold-/Unitary-Manifold-/src/core/pillar311_alpha_s_pdg2025_update.py in 212ms
[2026-10-05 03:48:41] [build-stdout] [INFO] [4] Skipped built-in file /opt/hostedtoolcache/Python/3.12.14/x64/lib/python3.12/pathlib.py
[2026-10-05 03:48:41] [build-stdout] [INFO] [2] Extracted file /home/runner/work/Unitary-Manifold-/Unitary-Manifold-/src/core/pillar1018_sprint_bs_four_lane_certificate.py in 127ms
[2026-10-05 03:48:41] [build-stdout] [INFO] [2] Extracted file /home/runner/work/Unitary-Manifold-/Unitary-Manifold-/src/core/pillar803_higgs_cw_5d_closure.py in 89ms
[2026-10-05 03:48:41] [build-stdout] [INFO] [1] Extracted file /home/runner/work/Unitary-Manifold-/Unitary-Manifold-/src/core/pillar558_gen1_cl_ab_derived.py in 254ms
[2026-10-05 03:48:41] [build-stdout] [INFO] [1] Extracted file /home/runner/work/Unitary-Manifold-/Unitary-Manifold-/src/core/pillar496_ckm_phase_closure_lane.py in 17ms
[2026-10-05 03:48:41] [build-stdout] [INFO] [2] Extracted file /home/runner/work/Unitary-Manifold-/Unitary-Manifold-/src/core/pillar713_bmode_polarisation_power_spectrum.py in 80ms
[2026-10-05 03:48:41] [build-stdout] [INFO] [4] Extracted file /home/runner/work/Unitary-Manifold-/Unitary-Manifold-/src/core/pillar264_higgs_naturalness_two_loop_uv.py in 320ms
[2026-10-05 03:48:41] [build-stdout] [INFO] [3] Extracted file /home/runner/work/Unitary-Manifold-/Unitary-Manifold-/src/core/roman_space_telescope.py in 662ms
[2026-10-05 03:48:41] [build-stdout] [INFO] [4] Extracted file /home/runner/work/Unitary-Manifold-/Unitary-Manifold-/src/data_feeds/open_meteo.py in 115ms
[2026-10-05 03:48:42] [build-stdout] [INFO] [2] Extracted file /home/runner/work/Unitary-Manifold-/Unitary-Manifold-/src/core/pillar279_nw_parity_handedness_obstruction.py in 373ms
[2026-10-05 03:48:42] [build-stdout] [INFO] [1] Extracted file /home/runner/work/Unitary-Manifold-/Unitary-Manifold-/src/core/governance_lane_classifier.py in 469ms
[2026-10-05 03:48:42] [build-stdout] [INFO] [4] Extracted file /home/runner/work/Unitary-Manifold-/Unitary-Manifold-/src/core/pillar440_arxiv_v137_update.py in 235ms
[2026-10-05 03:48:42] [build-stdout] [INFO] [3] Extracted file /home/runner/work/Unitary-Manifold-/Unitary-Manifold-/src/justice/sentencing.py in 287ms
[2026-10-05 03:48:42] [build-stdout] [INFO] [1] Extracted file /home/runner/work/Unitary-Manifold-/Unitary-Manifold-/src/ecology/__init__.py in 77ms
[2026-10-05 03:48:42] [build-stdout] [INFO] [2] Extracted file /home/runner/work/Unitary-Manifold-/Unitary-Manifold-/src/core/pillar813_sprint_av_regression_certificate.py in 116ms
[2026-10-05 03:48:42] [build-stdout] [INFO] [3] Extracted file /home/runner/work/Unitary-Manifold-/Unitary-Manifold-/src/core/pillar709_higgs_lhc_run4_kk_signature.py in 94ms
[2026-10-05 03:48:42] [build-stdout] [INFO] [2] Extracted file /home/runner/work/Unitary-Manifold-/Unitary-Manifold-/src/core/pillar697_sprint_z_regression_cert.py in 136ms
[2026-10-05 03:48:42] [build-stdout] [INFO] [4] Extracted file /home/runner/work/Unitary-Manifold-/Unitary-Manifold-/src/core/lambda_topological_defect.py in 200ms
[2026-10-05 03:48:42] [build-stdout] [INFO] [1] Extracted file /home/runner/work/Unitary-Manifold-/Unitary-Manifold-/src/core/pillar342_juno_solar_routing.py in 308ms
[2026-10-05 03:48:42] [build-stdout] [INFO] [1] Extracted file /home/runner/work/Unitary-Manifold-/Unitary-Manifold-/src/cold_fusion/__init__.py in 19ms
[2026-10-05 03:48:42] [build-stdout] [INFO] [3] Extracted file /home/runner/work/Unitary-Manifold-/Unitary-Manifold-/src/genetics/synthetic_biology.py in 335ms
[2026-10-05 03:48:42] [build-stdout] [INFO] [4] Extracted file /home/runner/work/Unitary-Manifold-/Unitary-Manifold-/src/eleventd/full_precision_closure_v2.py in 287ms
[2026-10-05 03:48:42] [build-stdout] [INFO] [3] Extracted file /home/runner/work/Unitary-Manifold-/Unitary-Manifold-/src/core/pillar767_arxiv_v223_sync.py in 107ms
[2026-10-05 03:48:42] [build-stdout] [INFO] [4] Extracted file /home/runner/work/Unitary-Manifold-/Unitary-Manifold-/src/core/pillar908_litebird_discrimination_refined.py in 88ms
[2026-10-05 03:48:42] [build-stdout] [INFO] [2] Extracted file /home/runner/work/Unitary-Manifold-/Unitary-Manifold-/src/core/solitonic_charge.py in 488ms
[2026-10-05 03:48:42] [build-stdout] [INFO] [1] Extracted file /home/runner/work/Unitary-Manifold-/Unitary-Manifold-/src/core/jax_backend.py in 299ms
[2026-10-05 03:48:42] [build-stdout] [INFO] [4] Extracted file /home/runner/work/Unitary-Manifold-/Unitary-Manifold-/src/core/neutrino_closure_sprint.py in 160ms
[2026-10-05 03:48:42] [build-stdout] [INFO] [3] Extracted file /home/runner/work/Unitary-Manifold-/Unitary-Manifold-/src/core/dm31_constrained_cert.py in 195ms
[2026-10-05 03:48:42] [build-stdout] [INFO] [3] Extracted file /home/runner/work/Unitary-Manifold-/Unitary-Manifold-/src/core/pillar696_sprint_v_regression_certificate.py in 74ms
[2026-10-05 03:48:42] [build-stdout] [INFO] [4] Extracted file /home/runner/work/Unitary-Manifold-/Unitary-Manifold-/src/core/pillar628_ftheory_dbp_rungs_1_10_combined.py in 129ms
[2026-10-05 03:48:43] [build-stdout] [INFO] [3] Extracted file /home/runner/work/Unitary-Manifold-/Unitary-Manifold-/src/core/causal_graph_emergence.py in 128ms
[2026-10-05 03:48:43] [build-stdout] [INFO] [3] Extracted file /home/runner/work/Unitary-Manifold-/Unitary-Manifold-/src/ecology/AXIOMZERO_NOTICE.md in 1ms
[2026-10-05 03:48:43] [build-stdout] [INFO] [3] Extracted folder /home/runner/work/Unitary-Manifold-/Unitary-Manifold-/src/twelved in 0ms
[2026-10-05 03:48:43] [build-stdout] [INFO] [1] Extracted file /home/runner/work/Unitary-Manifold-/Unitary-Manifold-/src/realworld_comparison.py in 303ms
[2026-10-05 03:48:43] [build-stdout] [INFO] [4] Extracted file /home/runner/work/Unitary-Manifold-/Unitary-Manifold-/src/core/pillar1026_uv_dual_lane_coupled_attempt.py in 146ms
[2026-10-05 03:48:43] [build-stdout] [INFO] [2] Extracted file /home/runner/work/Unitary-Manifold-/Unitary-Manifold-/src/core/pillar298_simons_observatory_preregistration.py in 382ms
[2026-10-05 03:48:43] [build-stdout] [INFO] [3] Extracted file /home/runner/work/Unitary-Manifold-/Unitary-Manifold-/src/core/pillar1102_sprint_cp_master_integration_certificate.py in 113ms
[2026-10-05 03:48:43] [build-stdout] [INFO] [3] Extracted file /home/runner/work/Unitary-Manifold-/Unitary-Manifold-/src/genetics/AXIOMZERO_NOTICE.md in 1ms
[2026-10-05 03:48:43] [build-stdout] [INFO] [2] Extracted file /home/runner/work/Unitary-Manifold-/Unitary-Manifold-/src/core/pillar696_alpha_s_lhc_run4_discriminator.py in 122ms
[2026-10-05 03:48:43] [build-stdout] [INFO] [3] Extracted file /home/runner/work/Unitary-Manifold-/Unitary-Manifold-/src/core/pillar837_6d_t2z2_dirac_spectrum.py in 147ms
[2026-10-05 03:48:43] [build-stdout] [INFO] [2] Extracted file /home/runner/work/Unitary-Manifold-/Unitary-Manifold-/src/core/pillar1065_jarlskog_layer2_floor_theorem.py in 159ms
[2026-10-05 03:48:43] [build-stdout] [INFO] [2] Skipped built-in file /opt/hostedtoolcache/Python/3.12.14/x64/lib/python3.12/statistics.py
[2026-10-05 03:48:43] [build-stdout] [INFO] [4] Extracted file /home/runner/work/Unitary-Manifold-/Unitary-Manifold-/src/core/yukawa_tier4_hardgate_cert.py in 313ms
[2026-10-05 03:48:43] [build-stdout] [INFO] [4] Extracted file /home/runner/work/Unitary-Manifold-/Unitary-Manifold-/src/sevend/pillar901_yukawa_svd_fn_unified.py in 105ms
[2026-10-05 03:48:43] [build-stdout] [INFO] [3] Extracted file /home/runner/work/Unitary-Manifold-/Unitary-Manifold-/src/core/parity_odd_selection.py in 263ms
[2026-10-05 03:48:43] [build-stdout] [INFO] [2] Extracted file /home/runner/work/Unitary-Manifold-/Unitary-Manifold-/src/core/pillar431_lattice_braid_qft_scope.py in 179ms
[2026-10-05 03:48:43] [build-stdout] [INFO] [3] Extracted file /home/runner/work/Unitary-Manifold-/Unitary-Manifold-/src/sixd/neutrino_full_geometry_6dplus.py in 175ms
[2026-10-05 03:48:43] [build-stdout] [INFO] [4] Extracted file /home/runner/work/Unitary-Manifold-/Unitary-Manifold-/src/biology/critical_hydration_kernels.py in 220ms
[2026-10-05 03:48:43] [build-stdout] [INFO] [2] Extracted file /home/runner/work/Unitary-Manifold-/Unitary-Manifold-/src/core/pillar244_tend_branch_completion_engine.py in 331ms
[2026-10-05 03:48:44] [build-stdout] [INFO] [1] Extracted file /home/runner/work/Unitary-Manifold-/Unitary-Manifold-/src/core/pillar230_cancer_solutions_engine.py in 922ms
[2026-10-05 03:48:44] [build-stdout] [INFO] [3] Extracted file /home/runner/work/Unitary-Manifold-/Unitary-Manifold-/src/climate/atmosphere.py in 238ms
[2026-10-05 03:48:44] [build-stdout] [INFO] [2] Extracted file /home/runner/work/Unitary-Manifold-/Unitary-Manifold-/src/core/pillar817_sprint_aw_regression_certificate.py in 133ms
[2026-10-05 03:48:44] [build-stdout] [INFO] [4] Extracted file /home/runner/work/Unitary-Manifold-/Unitary-Manifold-/src/core/pillar979_sprint_bj_regression_certificate.py in 335ms
[2026-10-05 03:48:44] [build-stdout] [INFO] [1] Extracted file /home/runner/work/Unitary-Manifold-/Unitary-Manifold-/src/data_feeds/swpc_geomagnetic.py in 118ms
[2026-10-05 03:48:44] [build-stdout] [INFO] [2] Extracted file /home/runner/work/Unitary-Manifold-/Unitary-Manifold-/src/core/pillar326_sgwb_kk_phase_transition.py in 162ms
[2026-10-05 03:48:44] [build-stdout] [INFO] [4] Extracted file /home/runner/work/Unitary-Manifold-/Unitary-Manifold-/src/core/pillar694_alpha_s_rge_kk_tower_nlo.py in 144ms
[2026-10-05 03:48:44] [build-stdout] [INFO] [1] Extracted file /home/runner/work/Unitary-Manifold-/Unitary-Manifold-/src/core/pillar946_observational_readiness_v3.py in 187ms
[2026-10-05 03:48:44] [build-stdout] [INFO] [3] Extracted file /home/runner/work/Unitary-Manifold-/Unitary-Manifold-/src/core/pillar548_wsv_kk_yukawa.py in 371ms
[2026-10-05 03:48:44] [build-stdout] [INFO] [1] Extracted file /home/runner/work/Unitary-Manifold-/Unitary-Manifold-/src/core/tensor_spectrum_nlo_kk.py in 138ms
[2026-10-05 03:48:44] [build-stdout] [INFO] [4] Extracted file /home/runner/work/Unitary-Manifold-/Unitary-Manifold-/src/atomic_structure/spectroscopy.py in 405ms
[2026-10-05 03:48:44] [build-stdout] [INFO] [1] Extracted file /home/runner/work/Unitary-Manifold-/Unitary-Manifold-/src/core/cc_gap_precision_audit.py in 225ms
[2026-10-05 03:48:44] [build-stdout] [INFO] [1] Extracted file /home/runner/work/Unitary-Manifold-/Unitary-Manifold-/src/core/brane_tension_stabilization.py in 79ms
[2026-10-05 03:48:44] [build-stdout] [INFO] [4] Extracted file /home/runner/work/Unitary-Manifold-/Unitary-Manifold-/src/tend/ws_vi_cy3_synthesis.py in 181ms
[2026-10-05 03:48:44] [build-stdout] [INFO] [3] Extracted file /home/runner/work/Unitary-Manifold-/Unitary-Manifold-/src/core/pillar250_quantum_materials_hardware_inverse_design_engine.py in 483ms
[2026-10-05 03:48:44] [build-stdout] [INFO] [3] Skipped built-in file /opt/hostedtoolcache/Python/3.12.14/x64/lib/python3.12/warnings.py
[2026-10-05 03:48:44] [build-stdout] [INFO] [1] Extracted file /home/runner/work/Unitary-Manifold-/Unitary-Manifold-/src/core/alpha_gw_pillar52_10d_bridge.py in 127ms
[2026-10-05 03:48:44] [build-stdout] [INFO] [2] Extracted file /home/runner/work/Unitary-Manifold-/Unitary-Manifold-/src/quantum/fermion_mapping.py in 660ms
[2026-10-05 03:48:44] [build-stdout] [INFO] [1] Extracted file /home/runner/work/Unitary-Manifold-/Unitary-Manifold-/src/core/alpha_s_direct_chain_reconciliation.py in 93ms
[2026-10-05 03:48:44] [build-stdout] [INFO] [3] Extracted file /home/runner/work/Unitary-Manifold-/Unitary-Manifold-/src/core/pillar911_sp2r_null_cone_radion.py in 108ms
[2026-10-05 03:48:45] [build-stdout] [INFO] [1] Extracted file /home/runner/work/Unitary-Manifold-/Unitary-Manifold-/src/core/pillar501_hllhc_window_sync.py in 34ms
[2026-10-05 03:48:45] [build-stdout] [INFO] [3] Extracted file /home/runner/work/Unitary-Manifold-/Unitary-Manifold-/src/core/pillar685_alpha_s_frg_two_loop_correction.py in 153ms
[2026-10-05 03:48:45] [build-stdout] [INFO] [2] Extracted file /home/runner/work/Unitary-Manifold-/Unitary-Manifold-/src/core/pillar321_electron_edm_kk_barr_zee.py in 268ms
[2026-10-05 03:48:45] [build-stdout] [INFO] [4] Extracted file /home/runner/work/Unitary-Manifold-/Unitary-Manifold-/src/core/pillar478_sixd_baryogenesis_phase2.py in 392ms
[2026-10-05 03:48:45] [build-stdout] [INFO] [2] Extracted file /home/runner/work/Unitary-Manifold-/Unitary-Manifold-/src/astronomy/planetary.py in 175ms
[2026-10-05 03:48:45] [build-stdout] [INFO] [2] Extracted file /home/runner/work/Unitary-Manifold-/Unitary-Manifold-/src/core/pillar981_sprint_bk_regression_certificate.py in 100ms
[2026-10-05 03:48:45] [build-stdout] [INFO] [4] Extracted file /home/runner/work/Unitary-Manifold-/Unitary-Manifold-/src/core/action_to_evolution_el_mismatch_certificate.py in 328ms
[2026-10-05 03:48:45] [build-stdout] [INFO] [2] Extracted file /home/runner/work/Unitary-Manifold-/Unitary-Manifold-/src/core/three_generations_5d_ceiling.py in 202ms
[2026-10-05 03:48:45] [build-stdout] [INFO] [4] Extracted file /home/runner/work/Unitary-Manifold-/Unitary-Manifold-/src/core/p6_higgs_vev_derived_cert.py in 125ms
[2026-10-05 03:48:45] [build-stdout] [INFO] [3] Extracted file /home/runner/work/Unitary-Manifold-/Unitary-Manifold-/src/core/pillar210_neutrino_mass_splittings.py in 593ms
[2026-10-05 03:48:45] [build-stdout] [INFO] [4] Extracted file /home/runner/work/Unitary-Manifold-/Unitary-Manifold-/src/core/pillar792_cosmological_constant_kk_vacuum.py in 158ms
[2026-10-05 03:48:45] [build-stdout] [INFO] [2] Extracted file /home/runner/work/Unitary-Manifold-/Unitary-Manifold-/src/core/pillar637_fermion_hierarchy_fn_complete.py in 226ms
[2026-10-05 03:48:45] [build-stdout] [INFO] [3] Extracted file /home/runner/work/Unitary-Manifold-/Unitary-Manifold-/src/core/lab_cp_execution_report.py in 254ms
[2026-10-05 03:48:46] [build-stdout] [INFO] [1] Extracted file /home/runner/work/Unitary-Manifold-/Unitary-Manifold-/src/core/anomaly_closure.py in 1063ms
[2026-10-05 03:48:46] [build-stdout] [INFO] [3] Extracted file /home/runner/work/Unitary-Manifold-/Unitary-Manifold-/src/core/pillar853_flux_landscape_phi0_stabilization.py in 110ms
[2026-10-05 03:48:46] [build-stdout] [INFO] [4] Extracted file /home/runner/work/Unitary-Manifold-/Unitary-Manifold-/src/core/pillar687_np_bc10_radion_scalar_loop_kernel.py in 242ms
[2026-10-05 03:48:46] [build-stdout] [INFO] [4] Extracted file /home/runner/work/Unitary-Manifold-/Unitary-Manifold-/src/visualization/__init__.py in 18ms
[2026-10-05 03:48:46] [build-stdout] [INFO] [2] Extracted file /home/runner/work/Unitary-Manifold-/Unitary-Manifold-/src/core/dune_dcp_monitor.py in 296ms
[2026-10-05 03:48:46] [build-stdout] [INFO] [3] Extracted file /home/runner/work/Unitary-Manifold-/Unitary-Manifold-/src/core/pillar842_sprint_ba_phase1_regression_certificate.py in 119ms
[2026-10-05 03:48:46] [build-stdout] [INFO] [1] Extracted file /home/runner/work/Unitary-Manifold-/Unitary-Manifold-/src/core/pillar686_gap_cluster_cy4_sp2r_t2_lqcd_cert.py in 150ms
[2026-10-05 03:48:46] [build-stdout] [INFO] [4] Extracted file /home/runner/work/Unitary-Manifold-/Unitary-Manifold-/src/core/pillar959_cl_sturm_liouville_spectrum.py in 313ms
[2026-10-05 03:48:46] [build-stdout] [INFO] [1] Extracted file /home/runner/work/Unitary-Manifold-/Unitary-Manifold-/src/core/particle_mass_spectrum.py in 375ms
[2026-10-05 03:48:46] [build-stdout] [INFO] [3] Extracted file /home/runner/work/Unitary-Manifold-/Unitary-Manifold-/src/core/neutrino_symmetry.py in 492ms
[2026-10-05 03:48:46] [build-stdout] [INFO] [4] Extracted file /home/runner/work/Unitary-Manifold-/Unitary-Manifold-/src/quantum/fh_braid_spectrum.py in 370ms
[2026-10-05 03:48:46] [build-stdout] [INFO] [1] Extracted file /home/runner/work/Unitary-Manifold-/Unitary-Manifold-/src/core/pillar286_kk_seesaw_texture_diagonalization.py in 222ms
[2026-10-05 03:48:46] [build-stdout] [INFO] [3] Extracted file /home/runner/work/Unitary-Manifold-/Unitary-Manifold-/src/genetics/genomics.py in 267ms
[2026-10-05 03:48:46] [build-stdout] [INFO] [2] Extracted file /home/runner/work/Unitary-Manifold-/Unitary-Manifold-/src/meta/mas_wave_engine.py in 801ms
[2026-10-05 03:48:46] [build-stdout] [INFO] [1] Extracted file /home/runner/work/Unitary-Manifold-/Unitary-Manifold-/src/core/pillar597_np_bc5_subgap_n_adm_momentum.py in 152ms
[2026-10-05 03:48:47] [build-stdout] [INFO] [4] Extracted file /home/runner/work/Unitary-Manifold-/Unitary-Manifold-/src/core/aps_eta_invariant.py in 333ms
[2026-10-05 03:48:47] [build-stdout] [INFO] [2] Extracted file /home/runner/work/Unitary-Manifold-/Unitary-Manifold-/src/core/adjacent_topology_prototypes.py in 157ms
[2026-10-05 03:48:47] [build-stdout] [INFO] [3] Extracted file /home/runner/work/Unitary-Manifold-/Unitary-Manifold-/src/core/pillar405_sobolev_ftum_extension.py in 363ms
[2026-10-05 03:48:47] [build-stdout] [INFO] [4] Extracted file /home/runner/work/Unitary-Manifold-/Unitary-Manifold-/src/core/pillar564_np_bc2_subgap_d_mixing_angle.py in 280ms
[2026-10-05 03:48:47] [build-stdout] [INFO] [1] Extracted file /home/runner/work/Unitary-Manifold-/Unitary-Manifold-/src/core/lean_python_bridge_ir.py in 500ms
[2026-10-05 03:48:47] [build-stdout] [INFO] [4] Extracted file /home/runner/work/Unitary-Manifold-/Unitary-Manifold-/src/data_feeds/snapshot.py in 80ms
[2026-10-05 03:48:47] [build-stdout] [INFO] [2] Extracted file /home/runner/work/Unitary-Manifold-/Unitary-Manifold-/src/core/ep_violation.py in 367ms
[2026-10-05 03:48:47] [build-stdout] [INFO] [1] Extracted file /home/runner/work/Unitary-Manifold-/Unitary-Manifold-/src/core/pillar1043_cmb_irreducibility_continuation.py in 85ms
[2026-10-05 03:48:47] [build-stdout] [INFO] [3] Extracted file /home/runner/work/Unitary-Manifold-/Unitary-Manifold-/src/core/gw_polarization_constraints.py in 273ms
[2026-10-05 03:48:47] [build-stdout] [INFO] [4] Extracted file /home/runner/work/Unitary-Manifold-/Unitary-Manifold-/src/core/action_to_evolution_symbolic_mapping.py in 162ms
[2026-10-05 03:48:47] [build-stdout] [INFO] [1] Extracted file /home/runner/work/Unitary-Manifold-/Unitary-Manifold-/src/core/dark_matter_kk.py in 94ms
[2026-10-05 03:48:47] [build-stdout] [INFO] [4] Extracted file /home/runner/work/Unitary-Manifold-/Unitary-Manifold-/src/core/pillar506_lhc_gluon_channel_formal_audit.py in 172ms
[2026-10-05 03:48:47] [build-stdout] [INFO] [1] Extracted file /home/runner/work/Unitary-Manifold-/Unitary-Manifold-/src/core/pillar466_admission_closure_certificate.py in 194ms
[2026-10-05 03:48:47] [build-stdout] [INFO] [1] Extracted folder /home/runner/work/Unitary-Manifold-/Unitary-Manifold-/src/ecology in 1ms
[2026-10-05 03:48:47] [build-stdout] [INFO] [4] Extracted file /home/runner/work/Unitary-Manifold-/Unitary-Manifold-/src/core/pillar687_sprint_x_regression_certificate.py in 150ms
[2026-10-05 03:48:47] [build-stdout] [INFO] [3] Extracted file /home/runner/work/Unitary-Manifold-/Unitary-Manifold-/src/genetics/expression.py in 364ms
[2026-10-05 03:48:47] [build-stdout] [INFO] [1] Extracted file /home/runner/work/Unitary-Manifold-/Unitary-Manifold-/src/core/pillar829_z2_instanton_nonperturbative_sector.py in 139ms
[2026-10-05 03:48:48] [build-stdout] [INFO] [1] Extracted file /home/runner/work/Unitary-Manifold-/Unitary-Manifold-/src/core/pillar704_desi_dark_energy_kk_routing.py in 57ms
[2026-10-05 03:48:48] [build-stdout] [INFO] [1] Extracted file /home/runner/work/Unitary-Manifold-/Unitary-Manifold-/src/core/p14_ckm_rhobar_derived_cert.py in 63ms
[2026-10-05 03:48:48] [build-stdout] [INFO] [4] Extracted file /home/runner/work/Unitary-Manifold-/Unitary-Manifold-/src/core/pillar325_bbn_neff_kk_consistency.py in 270ms
[2026-10-05 03:48:48] [build-stdout] [INFO] [2] Extracted file /home/runner/work/Unitary-Manifold-/Unitary-Manifold-/src/core/ckm_scaffold_analysis.py in 775ms
[2026-10-05 03:48:48] [build-stdout] [INFO] [4] Extracted file /home/runner/work/Unitary-Manifold-/Unitary-Manifold-/src/core/pillar758_sprint_af_regression_certificate.py in 48ms
[2026-10-05 03:48:48] [build-stdout] [INFO] [1] Extracted file /home/runner/work/Unitary-Manifold-/Unitary-Manifold-/src/core/gap_residual_fix_audit.py in 264ms
[2026-10-05 03:48:48] [build-stdout] [INFO] [2] Extracted file /home/runner/work/Unitary-Manifold-/Unitary-Manifold-/src/core/pillar951_fermion_ri_constraint_scaffold.py in 195ms
[2026-10-05 03:48:48] [build-stdout] [INFO] [1] Extracted file /home/runner/work/Unitary-Manifold-/Unitary-Manifold-/src/core/pillar885_lean4_theorem_audit.py in 109ms
[2026-10-05 03:48:48] [build-stdout] [INFO] [1] Extracted file /home/runner/work/Unitary-Manifold-/Unitary-Manifold-/claims/tensor_ratio_fix/README.md in 2ms
[2026-10-05 03:48:48] [build-stdout] [INFO] [3] Extracted file /home/runner/work/Unitary-Manifold-/Unitary-Manifold-/src/core/pillar329_thermal_universe_closure.py in 573ms
[2026-10-05 03:48:48] [build-stdout] [INFO] [2] Extracted file /home/runner/work/Unitary-Manifold-/Unitary-Manifold-/src/core/pillar659_v21_truth_surface_sync.py in 95ms
[2026-10-05 03:48:48] [build-stdout] [INFO] [4] Extracted file /home/runner/work/Unitary-Manifold-/Unitary-Manifold-/src/core/black_hole_transceiver.py in 289ms
[2026-10-05 03:48:48] [build-stdout] [INFO] [1] Extracted file /home/runner/work/Unitary-Manifold-/Unitary-Manifold-/src/core/pillar450_alpha_s_pdg2026_basin.py in 125ms
[2026-10-05 03:48:48] [build-stdout] [INFO] [4] Extracted file /home/runner/work/Unitary-Manifold-/Unitary-Manifold-/src/core/pillar748_sprint_ae_regression_certificate.py in 72ms
[2026-10-05 03:48:48] [build-stdout] [INFO] [1] Extracted file /home/runner/work/Unitary-Manifold-/Unitary-Manifold-/src/core/pillar605_ftheory_rung9_certificate.py in 44ms
[2026-10-05 03:48:48] [build-stdout] [INFO] [1] Extracted file /home/runner/work/Unitary-Manifold-/Unitary-Manifold-/src/core/pillar1072_hardgate_non_breakage_veto.py in 137ms
[2026-10-05 03:48:48] [build-stdout] [INFO] [1] Extracted folder /home/runner/work/Unitary-Manifold-/Unitary-Manifold-/src/infrastructure in 1ms
[2026-10-05 03:48:48] [build-stdout] [INFO] [2] Extracted file /home/runner/work/Unitary-Manifold-/Unitary-Manifold-/src/core/topological_hierarchy.py in 307ms
[2026-10-05 03:48:48] [build-stdout] [INFO] [4] Extracted file /home/runner/work/Unitary-Manifold-/Unitary-Manifold-/src/core/pillar1125_lane3_monorepo_health_audit.py in 300ms
[2026-10-05 03:48:49] [build-stdout] [INFO] [4] Extracted file /home/runner/work/Unitary-Manifold-/Unitary-Manifold-/src/core/pillar322_lepton_flavor_violation_kk.py in 323ms
[2026-10-05 03:48:49] [build-stdout] [INFO] [1] Extracted file /home/runner/work/Unitary-Manifold-/Unitary-Manifold-/src/core/pillar333_kk_baryogenesis.py in 504ms
[2026-10-05 03:48:49] [build-stdout] [INFO] [4] Extracted file /home/runner/work/Unitary-Manifold-/Unitary-Manifold-/src/core/pillar414_l2_wzw_coupling.py in 65ms
[2026-10-05 03:48:49] [build-stdout] [INFO] [1] Extracted file /home/runner/work/Unitary-Manifold-/Unitary-Manifold-/src/core/pq_axion_5d_geometry.py in 86ms
[2026-10-05 03:48:49] [build-stdout] [INFO] [4] Extracted file /home/runner/work/Unitary-Manifold-/Unitary-Manifold-/src/core/pillar663_ftheory_rung12_alpha_prime_np_corrections_adjacent.py in 140ms
[2026-10-05 03:48:49] [build-stdout] [INFO] [3] Extracted file /home/runner/work/Unitary-Manifold-/Unitary-Manifold-/src/core/pillar235_solar_physics_open_questions_engine.py in 1034ms
[2026-10-05 03:48:49] [build-stdout] [INFO] [3] Extracted file /home/runner/work/Unitary-Manifold-/Unitary-Manifold-/src/eleventd/__init__.py in 10ms
[2026-10-05 03:48:49] [build-stdout] [INFO] [1] Extracted file /home/runner/work/Unitary-Manifold-/Unitary-Manifold-/src/justice/reform.py in 397ms
[2026-10-05 03:48:49] [build-stdout] [INFO] [2] Extracted file /home/runner/work/Unitary-Manifold-/Unitary-Manifold-/src/core/pillar_geo_monitor.py in 941ms
[2026-10-05 03:48:49] [build-stdout] [INFO] [3] Extracted file /home/runner/work/Unitary-Manifold-/Unitary-Manifold-/src/core/pillar266_desi_wa_frozen_radion.py in 232ms
[2026-10-05 03:48:49] [build-stdout] [INFO] [4] Extracted file /home/runner/work/Unitary-Manifold-/Unitary-Manifold-/src/core/pillar360_boltzmann_zphi_integration.py in 438ms
[2026-10-05 03:48:49] [build-stdout] [INFO] [2] Extracted file /home/runner/work/Unitary-Manifold-/Unitary-Manifold-/src/core/p12_mp_me_derived_cert.py in 122ms
[2026-10-05 03:48:50] [build-stdout] [INFO] [4] Extracted file /home/runner/work/Unitary-Manifold-/Unitary-Manifold-/src/genetics/__init__.py in 110ms
[2026-10-05 03:48:50] [build-stdout] [INFO] [4] Extracted file /home/runner/work/Unitary-Manifold-/Unitary-Manifold-/claims/README.md in 2ms
[2026-10-05 03:48:50] [build-stdout] [INFO] [1] Extracted file /home/runner/work/Unitary-Manifold-/Unitary-Manifold-/src/core/pillar335_simons_observatory_protocol.py in 390ms
[2026-10-05 03:48:50] [build-stdout] [INFO] [1] Extracted file /home/runner/work/Unitary-Manifold-/Unitary-Manifold-/src/core/pillar662_ftheory_rung11_matter_curve_yukawa_weierstrass_adjacent.py in 100ms
[2026-10-05 03:48:50] [build-stdout] [INFO] [1] Extracted file /home/runner/work/Unitary-Manifold-/Unitary-Manifold-/src/nined/__init__.py in 4ms
[2026-10-05 03:48:50] [build-stdout] [INFO] [4] Extracted file /home/runner/work/Unitary-Manifold-/Unitary-Manifold-/src/core/geometric_collapse.py in 358ms
[2026-10-05 03:48:50] [build-stdout] [INFO] [4] Extracted file /home/runner/work/Unitary-Manifold-/Unitary-Manifold-/src/core/um_sos_backend.py in 10ms
[2026-10-05 03:48:50] [build-stdout] [INFO] [1] Extracted file /home/runner/work/Unitary-Manifold-/Unitary-Manifold-/src/core/pillar1071_extension_free_parameter_audit.py in 161ms
[2026-10-05 03:48:50] [build-stdout] [INFO] [4] Extracted file /home/runner/work/Unitary-Manifold-/Unitary-Manifold-/src/core/pillar697_np_bc12_higher_loop_wdw_kernel.py in 169ms
[2026-10-05 03:48:50] [build-stdout] [INFO] [4] Extracted file /home/runner/work/Unitary-Manifold-/Unitary-Manifold-/src/core/pillar742_ckm_rho_bar_lean4_final_closure.py in 87ms
[2026-10-05 03:48:50] [build-stdout] [INFO] [3] Extracted file /home/runner/work/Unitary-Manifold-/Unitary-Manifold-/src/core/observatory_routing_daemon.py in 887ms
[2026-10-05 03:48:50] [build-stdout] [INFO] [1] Extracted file /home/runner/work/Unitary-Manifold-/Unitary-Manifold-/src/core/pillar588_np_bc4_subgap_l_p8_functional.py in 261ms
[2026-10-05 03:48:50] [build-stdout] [INFO] [4] Extracted file /home/runner/work/Unitary-Manifold-/Unitary-Manifold-/src/core/pillar691_sprint_u_regression_certificate.py in 176ms
[2026-10-05 03:48:51] [build-stdout] [INFO] [4] Extracted file /home/runner/work/Unitary-Manifold-/Unitary-Manifold-/src/core/pillar693_ckm_jarlskog_invariant_full.py in 170ms
[2026-10-05 03:48:51] [build-stdout] [INFO] [1] Extracted file /home/runner/work/Unitary-Manifold-/Unitary-Manifold-/src/core/moduli_survival.py in 368ms
[2026-10-05 03:48:51] [build-stdout] [INFO] [1] Skipped built-in file /opt/hostedtoolcache/Python/3.12.14/x64/lib/python3.12/random.py
[2026-10-05 03:48:51] [build-stdout] [INFO] [2] Extracted file /home/runner/work/Unitary-Manifold-/Unitary-Manifold-/src/core/braided_winding.py in 1201ms
[2026-10-05 03:48:51] [build-stdout] [INFO] [4] Extracted file /home/runner/work/Unitary-Manifold-/Unitary-Manifold-/src/quantum/xdiag_bridge/parity.py in 172ms
[2026-10-05 03:48:51] [build-stdout] [INFO] [2] Extracted file /home/runner/work/Unitary-Manifold-/Unitary-Manifold-/src/core/pillar426_bmu_gluon_amplitude.py in 84ms
[2026-10-05 03:48:51] [build-stdout] [INFO] [1] Extracted file /home/runner/work/Unitary-Manifold-/Unitary-Manifold-/src/core/pillar694_delta_m31_juno_phase2_routing.py in 147ms
[2026-10-05 03:48:51] [build-stdout] [INFO] [1] Extracted file /home/runner/work/Unitary-Manifold-/Unitary-Manifold-/src/core/pillar603_ftheory_rung9_matter_curve_genus.py in 93ms
[2026-10-05 03:48:51] [build-stdout] [INFO] [3] Extracted file /home/runner/work/Unitary-Manifold-/Unitary-Manifold-/src/core/canonical_ledger_consistency.py in 611ms
[2026-10-05 03:48:51] [build-stdout] [INFO] [4] Extracted file /home/runner/work/Unitary-Manifold-/Unitary-Manifold-/src/core/p3_alpha_s_derived_cert.py in 150ms
[2026-10-05 03:48:51] [build-stdout] [INFO] [1] Extracted file /home/runner/work/Unitary-Manifold-/Unitary-Manifold-/src/core/pillar690_rho_bar_multi_layer_synthesis.py in 123ms
[2026-10-05 03:48:51] [build-stdout] [INFO] [2] Extracted file /home/runner/work/Unitary-Manifold-/Unitary-Manifold-/src/core/p16_solar_correction_analysis.py in 254ms
[2026-10-05 03:48:51] [build-stdout] [INFO] [4] Extracted file /home/runner/work/Unitary-Manifold-/Unitary-Manifold-/src/core/pillar542_ledger_sync_certificate.py in 204ms
[2026-10-05 03:48:51] [build-stdout] [INFO] [1] Extracted file /home/runner/work/Unitary-Manifold-/Unitary-Manifold-/src/core/pillar625_ftheory_rung10_matter_curve_genus_cy4.py in 133ms
[2026-10-05 03:48:51] [build-stdout] [INFO] [2] Extracted file /home/runner/work/Unitary-Manifold-/Unitary-Manifold-/src/core/pillar291_planetary_defense_taurid_risk.py in 105ms
[2026-10-05 03:48:51] [build-stdout] [INFO] [3] Extracted file /home/runner/work/Unitary-Manifold-/Unitary-Manifold-/src/core/pillar442_so_dr1_routing.py in 277ms
[2026-10-05 03:48:51] [build-stdout] [INFO] [2] Extracted file /home/runner/work/Unitary-Manifold-/Unitary-Manifold-/src/eleventd/uv_to_5d_boundary_map.py in 79ms
[2026-10-05 03:48:51] [build-stdout] [INFO] [4] Extracted file /home/runner/work/Unitary-Manifold-/Unitary-Manifold-/src/core/pillar269_fermion_kk_sector_closure.py in 123ms
[2026-10-05 03:48:51] [build-stdout] [INFO] [4] Extracted file /home/runner/work/Unitary-Manifold-/Unitary-Manifold-/src/holography/__init__.py in 17ms
[2026-10-05 03:48:51] [build-stdout] [INFO] [2] Extracted file /home/runner/work/Unitary-Manifold-/Unitary-Manifold-/src/core/pillar1041_flavor_priority_continuation.py in 104ms
[2026-10-05 03:48:51] [build-stdout] [INFO] [2] Extracted file /home/runner/work/Unitary-Manifold-/Unitary-Manifold-/src/twelved/__init__.py in 6ms
[2026-10-05 03:48:52] [build-stdout] [INFO] [3] Extracted file /home/runner/work/Unitary-Manifold-/Unitary-Manifold-/src/core/fiber_bundle.py in 441ms
[2026-10-05 03:48:52] [build-stdout] [INFO] [2] Extracted file /home/runner/work/Unitary-Manifold-/Unitary-Manifold-/src/core/pillar447_lean4_nw5_uniqueness.py in 335ms
[2026-10-05 03:48:52] [build-stdout] [INFO] [3] Extracted file /home/runner/work/Unitary-Manifold-/Unitary-Manifold-/src/core/lab_litebird_substitute.py in 252ms
[2026-10-05 03:48:52] [build-stdout] [INFO] [4] Extracted file /home/runner/work/Unitary-Manifold-/Unitary-Manifold-/src/core/non_gaussianity.py in 641ms
[2026-10-05 03:48:52] [build-stdout] [INFO] [3] Extracted file /home/runner/work/Unitary-Manifold-/Unitary-Manifold-/src/core/pillar372_cmb_quadrupole_topology.py in 261ms
[2026-10-05 03:48:52] [build-stdout] [INFO] [3] Extracted file /home/runner/work/Unitary-Manifold-/Unitary-Manifold-/src/astronomy/__init__.py in 18ms
[2026-10-05 03:48:52] [build-stdout] [INFO] [4] Extracted file /home/runner/work/Unitary-Manifold-/Unitary-Manifold-/src/core/pillar260_falsifier_decision_algebra.py in 335ms
[2026-10-05 03:48:52] [build-stdout] [INFO] [2] Extracted file /home/runner/work/Unitary-Manifold-/Unitary-Manifold-/src/core/full_gp_stress_test.py in 599ms
[2026-10-05 03:48:52] [build-stdout] [INFO] [3] Extracted file /home/runner/work/Unitary-Manifold-/Unitary-Manifold-/src/core/higgs_vev_exact.py in 189ms
[2026-10-05 03:48:52] [build-stdout] [INFO] [1] Extracted file /home/runner/work/Unitary-Manifold-/Unitary-Manifold-/src/core/pillar354_millennium_prize_problems.py in 1214ms
[2026-10-05 03:48:52] [build-stdout] [INFO] [4] Extracted file /home/runner/work/Unitary-Manifold-/Unitary-Manifold-/src/core/pillar1064_higgs_mass_ceiling_theorem.py in 171ms
[2026-10-05 03:48:52] [build-stdout] [INFO] [2] Extracted file /home/runner/work/Unitary-Manifold-/Unitary-Manifold-/src/core/neutrino_absolute_scale_closure_attempt.py in 148ms
[2026-10-05 03:48:52] [build-stdout] [INFO] [3] Extracted file /home/runner/work/Unitary-Manifold-/Unitary-Manifold-/src/core/pillar652_v209_final_regression.py in 145ms
[2026-10-05 03:48:52] [build-stdout] [INFO] [1] Extracted file /home/runner/work/Unitary-Manifold-/Unitary-Manifold-/src/core/pillar665_ftheory_dbp_rungs_1_12_combined_certificate_adjacent.py in 128ms
[2026-10-05 03:48:53] [build-stdout] [INFO] [4] Extracted file /home/runner/work/Unitary-Manifold-/Unitary-Manifold-/src/sixd/higgs_mass_6d_cw.py in 279ms
[2026-10-05 03:48:53] [build-stdout] [INFO] [1] Extracted file /home/runner/work/Unitary-Manifold-/Unitary-Manifold-/src/core/litebird_boundary.py in 300ms
[2026-10-05 03:48:53] [build-stdout] [INFO] [2] Extracted file /home/runner/work/Unitary-Manifold-/Unitary-Manifold-/src/core/pillar334_juno_prediction_package.py in 389ms
[2026-10-05 03:48:53] [build-stdout] [INFO] [3] Extracted file /home/runner/work/Unitary-Manifold-/Unitary-Manifold-/src/core/information_paradox.py in 420ms
[2026-10-05 03:48:53] [build-stdout] [INFO] [4] Extracted file /home/runner/work/Unitary-Manifold-/Unitary-Manifold-/src/core/pillar463_alpha_gw_sc2_final.py in 264ms
[2026-10-05 03:48:53] [build-stdout] [INFO] [3] Extracted file /home/runner/work/Unitary-Manifold-/Unitary-Manifold-/src/sevend/ckm_rhobar_7d_integration.py in 131ms
[2026-10-05 03:48:53] [build-stdout] [INFO] [1] Extracted file /home/runner/work/Unitary-Manifold-/Unitary-Manifold-/src/medicine/treatment.py in 275ms
[2026-10-05 03:48:53] [build-stdout] [INFO] [2] Extracted file /home/runner/work/Unitary-Manifold-/Unitary-Manifold-/src/core/pillar319_seesaw_texture_diagonalization.py in 274ms
[2026-10-05 03:48:53] [build-stdout] [INFO] [4] Extracted file /home/runner/work/Unitary-Manifold-/Unitary-Manifold-/src/core/pillar838_6d_hosotani_higgs_mass.py in 139ms
[2026-10-05 03:48:53] [build-stdout] [INFO] [1] Extracted file /home/runner/work/Unitary-Manifold-/Unitary-Manifold-/src/core/pillar743_lean4_600_milestone_theorems.py in 76ms
[2026-10-05 03:48:53] [build-stdout] [INFO] [1] Extracted file /home/runner/work/Unitary-Manifold-/Unitary-Manifold-/src/medicine/README.md in 3ms
[2026-10-05 03:48:53] [build-stdout] [INFO] [2] Extracted file /home/runner/work/Unitary-Manifold-/Unitary-Manifold-/src/core/pillar559_dm31_closure_certificate.py in 262ms
[2026-10-05 03:48:53] [build-stdout] [INFO] [2] Extracted file /home/runner/work/Unitary-Manifold-/Unitary-Manifold-/src/core/pillar495_cmb_amplitude_ir_window.py in 43ms
[2026-10-05 03:48:53] [build-stdout] [INFO] [1] Extracted file /home/runner/work/Unitary-Manifold-/Unitary-Manifold-/src/sevend/pillar862_ckm_7d_mixing_angles.py in 255ms
[2026-10-05 03:48:53] [build-stdout] [INFO] [1] Extracted file /home/runner/work/Unitary-Manifold-/Unitary-Manifold-/src/core/pillar702_cmb_peak_ratio_kk_prediction.py in 103ms
[2026-10-05 03:48:54] [build-stdout] [INFO] [1] Extracted file /home/runner/work/Unitary-Manifold-/Unitary-Manifold-/src/core/pillar1025_flavor_root_closure_attempt.py in 137ms
[2026-10-05 03:48:54] [build-stdout] [INFO] [1] Extracted file /home/runner/work/Unitary-Manifold-/Unitary-Manifold-/src/chemistry/AXIOMZERO_NOTICE.md in 1ms
[2026-10-05 03:48:54] [build-stdout] [INFO] [2] Extracted file /home/runner/work/Unitary-Manifold-/Unitary-Manifold-/src/core/pillar370_affleck_dine_kk_baryogenesis.py in 275ms
[2026-10-05 03:48:54] [build-stdout] [INFO] [4] Extracted file /home/runner/work/Unitary-Manifold-/Unitary-Manifold-/src/core/pillar348_braid_euclidean_saddle.py in 629ms
[2026-10-05 03:48:54] [build-stdout] [INFO] [2] Extracted file /home/runner/work/Unitary-Manifold-/Unitary-Manifold-/src/core/simons_obs_readiness.py in 63ms
[2026-10-05 03:48:54] [build-stdout] [INFO] [1] Extracted file /home/runner/work/Unitary-Manifold-/Unitary-Manifold-/src/sixd/pillar868_ngen_e8_adjoint_restriction.py in 132ms
[2026-10-05 03:48:54] [build-stdout] [INFO] [3] Extracted file /home/runner/work/Unitary-Manifold-/Unitary-Manifold-/src/core/qcd_geometry_primary.py in 842ms
[2026-10-05 03:48:54] [build-stdout] [INFO] [2] Extracted file /home/runner/work/Unitary-Manifold-/Unitary-Manifold-/src/core/lab_cp_experimental_design.py in 253ms
[2026-10-05 03:48:54] [build-stdout] [INFO] [1] Extracted file /home/runner/work/Unitary-Manifold-/Unitary-Manifold-/src/core/pillar1013_tend_status_coherence_certificate.py in 329ms
[2026-10-05 03:48:54] [build-stdout] [INFO] [4] Extracted file /home/runner/work/Unitary-Manifold-/Unitary-Manifold-/src/core/torsion_remnant.py in 473ms
[2026-10-05 03:48:54] [build-stdout] [INFO] [3] Extracted file /home/runner/work/Unitary-Manifold-/Unitary-Manifold-/src/eightd/wilson_line_gauge.py in 352ms
[2026-10-05 03:48:54] [build-stdout] [INFO] [4] Extracted file /home/runner/work/Unitary-Manifold-/Unitary-Manifold-/src/core/pillar648_v209_sprint_p_regression.py in 104ms
[2026-10-05 03:48:54] [build-stdout] [INFO] [4] Extracted file /home/runner/work/Unitary-Manifold-/Unitary-Manifold-/claims/amplitude_normalization/README.md in 1ms
[2026-10-05 03:48:54] [build-stdout] [INFO] [4] Extracted file /home/runner/work/Unitary-Manifold-/Unitary-Manifold-/src/core/pillar756_lean4_700_milestone_expansion.py in 81ms
[2026-10-05 03:48:54] [build-stdout] [INFO] [1] Extracted file /home/runner/work/Unitary-Manifold-/Unitary-Manifold-/src/core/pillar561_np_bc1_subgap_b_np_saddle.py in 389ms
[2026-10-05 03:48:55] [build-stdout] [INFO] [4] Extracted file /home/runner/work/Unitary-Manifold-/Unitary-Manifold-/src/core/kk_geodesic_reduction.py in 242ms
[2026-10-05 03:48:55] [build-stdout] [INFO] [4] Extracted file /home/runner/work/Unitary-Manifold-/Unitary-Manifold-/src/core/pillar707_cmb_spectral_distortion_kk.py in 112ms
[2026-10-05 03:48:55] [build-stdout] [INFO] [1] Extracted file /home/runner/work/Unitary-Manifold-/Unitary-Manifold-/src/atomic_structure/orbitals.py in 354ms
[2026-10-05 03:48:55] [build-stdout] [INFO] [2] Extracted file /home/runner/work/Unitary-Manifold-/Unitary-Manifold-/src/core/pillar308_2027_readiness_mock_drill.py in 876ms
[2026-10-05 03:48:55] [build-stdout] [INFO] [3] Extracted file /home/runner/work/Unitary-Manifold-/Unitary-Manifold-/src/core/pillar251_translational_oncology_adaptive_routing_trial_engine.py in 687ms
[2026-10-05 03:48:55] [build-stdout] [INFO] [2] Extracted file /home/runner/work/Unitary-Manifold-/Unitary-Manifold-/src/core/pillar1093_validation_resilience_scoped_security.py in 166ms
[2026-10-05 03:48:55] [build-stdout] [INFO] [1] Extracted file /home/runner/work/Unitary-Manifold-/Unitary-Manifold-/src/core/pillar1005_sprint_bo_shared_5_bifurcation_certificate.py in 197ms
[2026-10-05 03:48:55] [build-stdout] [INFO] [4] Extracted file /home/runner/work/Unitary-Manifold-/Unitary-Manifold-/src/core/pillar834_swampland_consistency_audit.py in 384ms
[2026-10-05 03:48:55] [build-stdout] [INFO] [3] Extracted file /home/runner/work/Unitary-Manifold-/Unitary-Manifold-/src/governance/democracy.py in 335ms
[2026-10-05 03:48:55] [build-stdout] [INFO] [4] Extracted file /home/runner/work/Unitary-Manifold-/Unitary-Manifold-/src/core/flux_landscape_extended_scan.py in 220ms
[2026-10-05 03:48:55] [build-stdout] [INFO] [3] Extracted file /home/runner/work/Unitary-Manifold-/Unitary-Manifold-/src/core/pillar721_np_bc17_gravitino_compensator.py in 122ms
[2026-10-05 03:48:55] [build-stdout] [INFO] [3] Extracted file /home/runner/work/Unitary-Manifold-/Unitary-Manifold-/src/meta/__init__.py in 14ms
[2026-10-05 03:48:55] [build-stdout] [INFO] [2] Extracted file /home/runner/work/Unitary-Manifold-/Unitary-Manifold-/src/core/pillar790_dark_matter_kk_tower.py in 404ms
[2026-10-05 03:48:55] [build-stdout] [INFO] [1] Extracted file /home/runner/work/Unitary-Manifold-/Unitary-Manifold-/src/core/pillar827_adm_bssn_nonlinear_closure.py in 421ms
[2026-10-05 03:48:56] [build-stdout] [INFO] [1] Extracted file /home/runner/work/Unitary-Manifold-/Unitary-Manifold-/src/core/pillar626_ftheory_rung10_g4_flux_full.py in 226ms
[2026-10-05 03:48:56] [build-stdout] [INFO] [1] Extracted file /home/runner/work/Unitary-Manifold-/Unitary-Manifold-/src/materials/condensed.py in 216ms
[2026-10-05 03:48:56] [build-stdout] [INFO] [3] Extracted file /home/runner/work/Unitary-Manifold-/Unitary-Manifold-/src/core/pillar397_unique_discriminant_register.py in 671ms
[2026-10-05 03:48:56] [build-stdout] [INFO] [3] Extracted folder /home/runner/work/Unitary-Manifold-/Unitary-Manifold-/src/sevend in 1ms
[2026-10-05 03:48:56] [build-stdout] [INFO] [2] Extracted file /home/runner/work/Unitary-Manifold-/Unitary-Manifold-/src/core/wolfenstein_geometry.py in 758ms
[2026-10-05 03:48:56] [build-stdout] [INFO] [3] Extracted file /home/runner/work/Unitary-Manifold-/Unitary-Manifold-/src/core/yukawa_tier4_purity_sprint.py in 145ms
[2026-10-05 03:48:56] [build-stdout] [INFO] [4] Extracted file /home/runner/work/Unitary-Manifold-/Unitary-Manifold-/src/core/pillar682_thirteen_dimensional_itheory_engine.py in 861ms
[2026-10-05 03:48:56] [build-stdout] [INFO] [4] Extracted file /home/runner/work/Unitary-Manifold-/Unitary-Manifold-/src/core/pillar247_unified_observation_ingest_verdict_router.py in 87ms
[2026-10-05 03:48:56] [build-stdout] [INFO] [4] Extracted folder /opt/hostedtoolcache/Python/3.12.14/x64/lib/python3.12/json in 1ms
[2026-10-05 03:48:56] [build-stdout] [INFO] [3] Extracted file /home/runner/work/Unitary-Manifold-/Unitary-Manifold-/src/core/pillar1054_sprint_cb_documentation_traceability_packet.py in 171ms
[2026-10-05 03:48:56] [build-stdout] [INFO] [1] Extracted file /home/runner/work/Unitary-Manifold-/Unitary-Manifold-/src/core/su5_uniqueness_weyl_audit.py in 513ms
[2026-10-05 03:48:56] [build-stdout] [INFO] [4] Extracted file /home/runner/work/Unitary-Manifold-/Unitary-Manifold-/src/core/pillar692_np_bc11_fermion_gauge_loop_kernel.py in 148ms
[2026-10-05 03:48:56] [build-stdout] [INFO] [3] Extracted file /home/runner/work/Unitary-Manifold-/Unitary-Manifold-/src/core/pillar1002_sixd_projection_branch_rule.py in 88ms
[2026-10-05 03:48:57] [build-stdout] [INFO] [2] Extracted file /home/runner/work/Unitary-Manifold-/Unitary-Manifold-/src/core/pillar507_frontier_proof_lane_certificate.py in 368ms
[2026-10-05 03:48:57] [build-stdout] [INFO] [1] Extracted file /home/runner/work/Unitary-Manifold-/Unitary-Manifold-/src/sixd/t2_z3_modular_geometry.py in 205ms
[2026-10-05 03:48:57] [build-stdout] [INFO] [3] Extracted file /home/runner/work/Unitary-Manifold-/Unitary-Manifold-/src/biology/evolution.py in 202ms
[2026-10-05 03:48:57] [build-stdout] [INFO] [4] Extracted file /home/runner/work/Unitary-Manifold-/Unitary-Manifold-/src/core/braid_cp_lab_prediction.py in 217ms
[2026-10-05 03:48:57] [build-stdout] [INFO] [2] Extracted file /home/runner/work/Unitary-Manifold-/Unitary-Manifold-/src/core/pillar1029_sprint_bv_closure_program_certificate.py in 156ms
[2026-10-05 03:48:57] [build-stdout] [INFO] [4] Extracted file /home/runner/work/Unitary-Manifold-/Unitary-Manifold-/src/core/baryogenesis.py in 87ms
[2026-10-05 03:48:57] [build-stdout] [INFO] [3] Extracted file /home/runner/work/Unitary-Manifold-/Unitary-Manifold-/src/core/pillar711_desi_yr2_interim_drill.py in 183ms
[2026-10-05 03:48:57] [build-stdout] [INFO] [2] Extracted file /home/runner/work/Unitary-Manifold-/Unitary-Manifold-/src/sevend/pillar887_fn_charge_assignment.py in 211ms
[2026-10-05 03:48:57] [build-stdout] [INFO] [3] Extracted file /home/runner/work/Unitary-Manifold-/Unitary-Manifold-/src/core/pillar711_np_bc15_chern_simons_wdw_kernel.py in 104ms
[2026-10-05 03:48:57] [build-stdout] [INFO] [4] Extracted file /home/runner/work/Unitary-Manifold-/Unitary-Manifold-/src/core/pillar1046_sprint_by_parallel_continuation_certificate.py in 239ms
[2026-10-05 03:48:57] [build-stdout] [INFO] [1] Extracted file /home/runner/work/Unitary-Manifold-/Unitary-Manifold-/src/core/pillar207_dam_lattice_audit.py in 517ms
[2026-10-05 03:48:57] [build-stdout] [INFO] [2] Extracted file /home/runner/work/Unitary-Manifold-/Unitary-Manifold-/src/core/wetterinck_braid_frg.py in 397ms
[2026-10-05 03:48:57] [build-stdout] [INFO] [1] Extracted file /home/runner/work/Unitary-Manifold-/Unitary-Manifold-/src/core/gw_stabilizer.py in 246ms
[2026-10-05 03:48:57] [build-stdout] [INFO] [3] Extracted file /home/runner/work/Unitary-Manifold-/Unitary-Manifold-/src/core/pillar401_ftum_basin_geometric_bound.py in 453ms
[2026-10-05 03:48:57] [build-stdout] [INFO] [2] Extracted file /home/runner/work/Unitary-Manifold-/Unitary-Manifold-/src/core/pillar599_np_bc5_certificate.py in 151ms
[2026-10-05 03:48:58] [build-stdout] [INFO] [1] Extracted file /home/runner/work/Unitary-Manifold-/Unitary-Manifold-/src/core/pillar974_eta_bar_spinstructure_lean4.py in 156ms
[2026-10-05 03:48:58] [build-stdout] [INFO] [2] Extracted file /home/runner/work/Unitary-Manifold-/Unitary-Manifold-/src/core/pillar967_efolds_gw_slowroll.py in 253ms
[2026-10-05 03:48:58] [build-stdout] [INFO] [2] Extracted file /home/runner/work/Unitary-Manifold-/Unitary-Manifold-/src/psychology/README.md in 1ms
[2026-10-05 03:48:58] [build-stdout] [INFO] [4] Extracted file /home/runner/work/Unitary-Manifold-/Unitary-Manifold-/src/core/pillar257_repository_shakedown_reassembly_engine.py in 892ms
[2026-10-05 03:48:58] [build-stdout] [INFO] [2] Extracted file /home/runner/work/Unitary-Manifold-/Unitary-Manifold-/src/core/pillar921_ngen_13d_aps_second_cy4.py in 189ms
[2026-10-05 03:48:58] [build-stdout] [INFO] [2] Extracted file /home/runner/work/Unitary-Manifold-/Unitary-Manifold-/src/sixd/__init__.py in 9ms
[2026-10-05 03:48:58] [build-stdout] [INFO] [2] Extracted file /home/runner/work/Unitary-Manifold-/Unitary-Manifold-/src/atomic_structure/__init__.py in 16ms
[2026-10-05 03:48:58] [build-stdout] [INFO] [3] Extracted file /home/runner/work/Unitary-Manifold-/Unitary-Manifold-/src/core/kk_de_wa_cpl.py in 775ms
[2026-10-05 03:48:58] [build-stdout] [INFO] [4] Extracted file /home/runner/work/Unitary-Manifold-/Unitary-Manifold-/src/core/alpha_s_geometric_estimate_cert.py in 311ms
[2026-10-05 03:48:58] [build-stdout] [INFO] [3] Extracted file /home/runner/work/Unitary-Manifold-/Unitary-Manifold-/src/core/pillar1012_tend_branch_canonicality_lift.py in 250ms
[2026-10-05 03:48:58] [build-stdout] [INFO] [2] Extracted file /home/runner/work/Unitary-Manifold-/Unitary-Manifold-/src/core/pillar475_juno_nlo_full_closure.py in 507ms
[2026-10-05 03:48:58] [build-stdout] [INFO] [1] Extracted file /home/runner/work/Unitary-Manifold-/Unitary-Manifold-/src/core/finish_line_observation_engine.py in 952ms
[2026-10-05 03:48:58] [build-stdout] [INFO] [4] Extracted file /home/runner/work/Unitary-Manifold-/Unitary-Manifold-/src/core/pillar_desi_tension_monitor.py in 354ms
[2026-10-05 03:48:59] [build-stdout] [INFO] [1] Extracted file /home/runner/work/Unitary-Manifold-/Unitary-Manifold-/src/core/pillar226_cmbs4_acoustic_peak_hardening_brief.py in 48ms
[2026-10-05 03:48:59] [build-stdout] [INFO] [2] Extracted file /home/runner/work/Unitary-Manifold-/Unitary-Manifold-/src/core/juno_dr1_preregistration_package.py in 265ms
[2026-10-05 03:48:59] [build-stdout] [INFO] [3] Extracted file /home/runner/work/Unitary-Manifold-/Unitary-Manifold-/src/core/pillar479_lattice_braid_phase2.py in 439ms
[2026-10-05 03:48:59] [build-stdout] [INFO] [4] Extracted file /home/runner/work/Unitary-Manifold-/Unitary-Manifold-/src/materials/semiconductors.py in 390ms
[2026-10-05 03:48:59] [build-stdout] [INFO] [1] Extracted file /home/runner/work/Unitary-Manifold-/Unitary-Manifold-/src/core/pillar212_adm_decomposition.py in 404ms
[2026-10-05 03:48:59] [build-stdout] [INFO] [1] Extracted file /home/runner/work/Unitary-Manifold-/Unitary-Manifold-/src/consciousness/research_boundaries.py in 40ms
[2026-10-05 03:48:59] [build-stdout] [INFO] [1] Extracted file /home/runner/work/Unitary-Manifold-/Unitary-Manifold-/src/core/dimension_uniqueness.py in 50ms
[2026-10-05 03:48:59] [build-stdout] [INFO] [2] Extracted file /home/runner/work/Unitary-Manifold-/Unitary-Manifold-/src/core/delta_cp_hardgate_cert.py in 356ms
[2026-10-05 03:48:59] [build-stdout] [INFO] [2] Extracted file /home/runner/work/Unitary-Manifold-/Unitary-Manifold-/src/core/pillar997_sprint_bm_parent_shadow_master_certificate.py in 189ms
[2026-10-05 03:48:59] [build-stdout] [INFO] [4] Extracted file /home/runner/work/Unitary-Manifold-/Unitary-Manifold-/src/ecology/biodiversity.py in 362ms
[2026-10-05 03:48:59] [build-stdout] [INFO] [1] Extracted file /home/runner/work/Unitary-Manifold-/Unitary-Manifold-/src/core/pillar318_ftum_convergence_general.py in 362ms
[2026-10-05 03:48:59] [build-stdout] [INFO] [3] Extracted file /home/runner/work/Unitary-Manifold-/Unitary-Manifold-/src/core/pillar227_ai_robotics_bottleneck_engine.py in 633ms
[2026-10-05 03:48:59] [build-stdout] [INFO] [4] Extracted file /home/runner/work/Unitary-Manifold-/Unitary-Manifold-/src/core/pillar764_cmb_s4_simons_decision_readiness.py in 199ms
[2026-10-05 03:48:59] [build-stdout] [INFO] [2] Extracted file /home/runner/work/Unitary-Manifold-/Unitary-Manifold-/src/core/pillar635_p19_lightest_nu_cl_bound.py in 245ms
[2026-10-05 03:49:00] [build-stdout] [INFO] [4] Extracted file /home/runner/work/Unitary-Manifold-/Unitary-Manifold-/src/core/pillar658_multi_experiment_decision_dashboard.py in 183ms
[2026-10-05 03:49:00] [build-stdout] [INFO] [1] Extracted file /home/runner/work/Unitary-Manifold-/Unitary-Manifold-/src/core/pillar958_cmb_kk_transfer_analytic.py in 490ms
[2026-10-05 03:49:00] [build-stdout] [INFO] [3] Extracted file /home/runner/work/Unitary-Manifold-/Unitary-Manifold-/src/core/litebird_gap_hardening.py in 416ms
[2026-10-05 03:49:00] [build-stdout] [INFO] [3] Extracted file /home/runner/work/Unitary-Manifold-/Unitary-Manifold-/src/core/pillar786_neutrino_mass_ordering_forward_model.py in 247ms
[2026-10-05 03:49:00] [build-stdout] [INFO] [4] Extracted file /home/runner/work/Unitary-Manifold-/Unitary-Manifold-/src/core/pillar359_de_canonical_unification.py in 469ms
[2026-10-05 03:49:00] [build-stdout] [INFO] [1] Extracted file /home/runner/work/Unitary-Manifold-/Unitary-Manifold-/src/core/pillar721_sprints_y_through_dd_regression_cert.py in 268ms
[2026-10-05 03:49:00] [build-stdout] [INFO] [2] Extracted file /home/runner/work/Unitary-Manifold-/Unitary-Manifold-/src/core/pillar242_planetary_coherence_cascade_resilience_engine.py in 692ms
[2026-10-05 03:49:00] [build-stdout] [INFO] [1] Extracted file /home/runner/work/Unitary-Manifold-/Unitary-Manifold-/src/core/pillar633_v209_sprint_m_regression.py in 98ms
[2026-10-05 03:49:00] [build-stdout] [INFO] [1] Extracted file /home/runner/work/Unitary-Manifold-/Unitary-Manifold-/src/core/pillar664_ftheory_rung12_flux_backreaction_tadpole_adjacent.py in 107ms
[2026-10-05 03:49:00] [build-stdout] [INFO] [3] Extracted file /home/runner/work/Unitary-Manifold-/Unitary-Manifold-/src/core/pillar771_desi_dr3_falsification_protocol.py in 235ms
[2026-10-05 03:49:00] [build-stdout] [INFO] [4] Extracted file /home/runner/work/Unitary-Manifold-/Unitary-Manifold-/src/core/pillar976_alpha_s_route_c_audit.py in 270ms
[2026-10-05 03:49:01] [build-stdout] [INFO] [1] Extracted file /home/runner/work/Unitary-Manifold-/Unitary-Manifold-/src/sixd/higgs_radion_mixing_6d.py in 218ms
[2026-10-05 03:49:01] [build-stdout] [INFO] [4] Extracted file /home/runner/work/Unitary-Manifold-/Unitary-Manifold-/src/core/pillar830_ngen_6d_kawamura_bridge.py in 252ms
[2026-10-05 03:49:01] [build-stdout] [INFO] [3] Extracted file /home/runner/work/Unitary-Manifold-/Unitary-Manifold-/src/twelved/ftheory_scaffold.py in 368ms
[2026-10-05 03:49:01] [build-stdout] [INFO] [4] Extracted file /home/runner/work/Unitary-Manifold-/Unitary-Manifold-/src/core/pillar763_jarlskog_layer3_subleading_fn.py in 174ms
[2026-10-05 03:49:01] [build-stdout] [INFO] [3] Extracted file /home/runner/work/Unitary-Manifold-/Unitary-Manifold-/src/core/canonical_falsifier_evidence_feed.py in 136ms
[2026-10-05 03:49:01] [build-stdout] [INFO] [2] Extracted file /home/runner/work/Unitary-Manifold-/Unitary-Manifold-/src/core/pillar273_autonomous_github_community_steward.py in 688ms
[2026-10-05 03:49:01] [build-stdout] [INFO] [4] Extracted file /home/runner/work/Unitary-Manifold-/Unitary-Manifold-/src/core/pillar757_truth_layer_v220_final_sync.py in 79ms
[2026-10-05 03:49:01] [build-stdout] [INFO] [1] Extracted file /home/runner/work/Unitary-Manifold-/Unitary-Manifold-/src/core/pillar484_pmns_pr_two_loop_yukawa.py in 437ms
[2026-10-05 03:49:01] [build-stdout] [INFO] [3] Extracted file /home/runner/work/Unitary-Manifold-/Unitary-Manifold-/src/core/pillar693_alpha_s_13d_moduli_pathway.py in 141ms
[2026-10-05 03:49:01] [build-stdout] [INFO] [3] Extracted file /home/runner/work/Unitary-Manifold-/Unitary-Manifold-/src/core/pillar515_nonlinear_metric_evolution.py in 56ms
[2026-10-05 03:49:01] [build-stdout] [INFO] [1] Extracted file /home/runner/work/Unitary-Manifold-/Unitary-Manifold-/src/core/pillar492_free_parameter_census_v15.py in 115ms
[2026-10-05 03:49:01] [build-stdout] [INFO] [2] Extracted file /home/runner/work/Unitary-Manifold-/Unitary-Manifold-/src/core/pillar590_lean4_274_milestone.py in 236ms
[2026-10-05 03:49:01] [build-stdout] [INFO] [3] Extracted file /home/runner/work/Unitary-Manifold-/Unitary-Manifold-/src/sevend/pillar846_sprint_ba_phase2_regression_certificate.py in 188ms
[2026-10-05 03:49:01] [build-stdout] [INFO] [1] Extracted file /home/runner/work/Unitary-Manifold-/Unitary-Manifold-/src/core/pillar707_higgs_mass_gap_decomposition.py in 252ms
[2026-10-05 03:49:02] [build-stdout] [INFO] [2] Extracted file /home/runner/work/Unitary-Manifold-/Unitary-Manifold-/src/core/pillar698_cmb_phase2_boltzmann_solver.py in 573ms
[2026-10-05 03:49:02] [build-stdout] [INFO] [2] Extracted file /home/runner/work/Unitary-Manifold-/Unitary-Manifold-/claims/anomaly_inflow/__init__.py in 6ms
[2026-10-05 03:49:02] [build-stdout] [INFO] [3] Extracted file /home/runner/work/Unitary-Manifold-/Unitary-Manifold-/src/core/pillar306_jarlskog_nw_flavor_hardening.py in 494ms
[2026-10-05 03:49:02] [build-stdout] [INFO] [1] Extracted file /home/runner/work/Unitary-Manifold-/Unitary-Manifold-/src/eleventd/moduli_stabilization_nlo.py in 484ms
[2026-10-05 03:49:02] [build-stdout] [INFO] [4] Extracted file /home/runner/work/Unitary-Manifold-/Unitary-Manifold-/src/core/pillar258_trusted_open_resource_registry.py in 977ms
[2026-10-05 03:49:02] [build-stdout] [INFO] [2] Extracted file /home/runner/work/Unitary-Manifold-/Unitary-Manifold-/src/twelved/ftheory_rung8_d3_tadpole.py in 196ms
[2026-10-05 03:49:02] [build-stdout] [INFO] [3] Extracted file /home/runner/work/Unitary-Manifold-/Unitary-Manifold-/src/core/neural_symbolic_drift_check.py in 240ms
[2026-10-05 03:49:02] [build-stdout] [INFO] [3] Extracted file /home/runner/work/Unitary-Manifold-/Unitary-Manifold-/src/medicine/__init__.py in 13ms
[2026-10-05 03:49:02] [build-stdout] [INFO] [4] Extracted file /home/runner/work/Unitary-Manifold-/Unitary-Manifold-/src/quantum/observables.py in 128ms
[2026-10-05 03:49:02] [build-stdout] [INFO] [1] Extracted file /home/runner/work/Unitary-Manifold-/Unitary-Manifold-/src/core/action_to_evolution_derived_flow_certificate.py in 218ms
[2026-10-05 03:49:02] [build-stdout] [INFO] [2] Extracted file /home/runner/work/Unitary-Manifold-/Unitary-Manifold-/src/sevend/pillar844_7d_alphas_discrete_torsion.py in 260ms
[2026-10-05 03:49:02] [build-stdout] [INFO] [2] Extracted file /home/runner/work/Unitary-Manifold-/Unitary-Manifold-/src/governance/README.md in 1ms
[2026-10-05 03:49:02] [build-stdout] [INFO] [3] Extracted file /home/runner/work/Unitary-Manifold-/Unitary-Manifold-/src/core/pillar937_alpha_s_13d_window_tighten.py in 199ms
[2026-10-05 03:49:02] [build-stdout] [INFO] [1] Extracted file /home/runner/work/Unitary-Manifold-/Unitary-Manifold-/src/core/kk_stochastic_gw.py in 131ms
[2026-10-05 03:49:02] [build-stdout] [INFO] [2] Extracted file /home/runner/work/Unitary-Manifold-/Unitary-Manifold-/src/core/pillar419_completeness_certificate.py in 306ms
[2026-10-05 03:49:03] [build-stdout] [INFO] [3] Extracted file /home/runner/work/Unitary-Manifold-/Unitary-Manifold-/src/core/higgs_mass_extension_memo.py in 352ms
[2026-10-05 03:49:03] [build-stdout] [INFO] [4] Extracted file /home/runner/work/Unitary-Manifold-/Unitary-Manifold-/src/core/phi_radion_quantization.py in 536ms
[2026-10-05 03:49:03] [build-stdout] [INFO] [1] Extracted file /home/runner/work/Unitary-Manifold-/Unitary-Manifold-/src/eleventd/precision_correction_pipeline.py in 428ms
[2026-10-05 03:49:03] [build-stdout] [INFO] [4] Extracted file /home/runner/work/Unitary-Manifold-/Unitary-Manifold-/src/twelved/ftheory_rung8_certificate.py in 156ms
[2026-10-05 03:49:03] [build-stdout] [INFO] [3] Extracted file /home/runner/work/Unitary-Manifold-/Unitary-Manifold-/src/core/pillar936_nu_mass_splitting_nlo.py in 159ms
[2026-10-05 03:49:03] [build-stdout] [INFO] [3] Extracted file /home/runner/work/Unitary-Manifold-/Unitary-Manifold-/src/sixd/pillar881_baryogenesis_dn_update.py in 134ms
[2026-10-05 03:49:03] [build-stdout] [INFO] [4] Extracted file /home/runner/work/Unitary-Manifold-/Unitary-Manifold-/src/core/pillar858_cross_dimensional_chain_closure.py in 155ms
[2026-10-05 03:49:03] [build-stdout] [INFO] [1] Extracted file /home/runner/work/Unitary-Manifold-/Unitary-Manifold-/src/core/action_to_evolution_residual_table.py in 235ms
[2026-10-05 03:49:03] [build-stdout] [INFO] [2] Extracted file /home/runner/work/Unitary-Manifold-/Unitary-Manifold-/src/core/fn_charge_geometry_audit.py in 550ms
[2026-10-05 03:49:03] [build-stdout] [INFO] [1] Extracted file /home/runner/work/Unitary-Manifold-/Unitary-Manifold-/src/core/p16_solar_splitting_derived_cert.py in 132ms
[2026-10-05 03:49:03] [build-stdout] [INFO] [3] Extracted file /home/runner/work/Unitary-Manifold-/Unitary-Manifold-/src/core/pillar328_ckm_cabibbo_anomaly.py in 319ms
[2026-10-05 03:49:03] [build-stdout] [INFO] [1] Extracted file /home/runner/work/Unitary-Manifold-/Unitary-Manifold-/src/core/pillar996_fermion_magnitude_radii_closure_binary.py in 204ms
[2026-10-05 03:49:03] [build-stdout] [INFO] [3] Extracted file /home/runner/work/Unitary-Manifold-/Unitary-Manifold-/claims/anomaly_inflow/verify.py in 68ms
[2026-10-05 03:49:03] [build-stdout] [INFO] [2] Extracted file /home/runner/work/Unitary-Manifold-/Unitary-Manifold-/src/twelved/yukawa_spectral_cover.py in 255ms
[2026-10-05 03:49:03] [build-stdout] [INFO] [2] Extracted folder /home/runner/work/Unitary-Manifold-/Unitary-Manifold-/claims/amplitude_normalization in 1ms
[2026-10-05 03:49:03] [build-stdout] [INFO] [1] Extracted file /home/runner/work/Unitary-Manifold-/Unitary-Manifold-/src/core/radion_wdw_minisuperspace.py in 117ms
[2026-10-05 03:49:03] [build-stdout] [INFO] [1] Extracted file /home/runner/work/Unitary-Manifold-/Unitary-Manifold-/src/core/pillar935_cmb_peak_brane_backreaction.py in 137ms
[2026-10-05 03:49:04] [build-stdout] [INFO] [2] Extracted file /home/runner/work/Unitary-Manifold-/Unitary-Manifold-/src/core/open_parameters_p26_p27_certification.py in 294ms
[2026-10-05 03:49:04] [build-stdout] [INFO] [3] Extracted file /home/runner/work/Unitary-Manifold-/Unitary-Manifold-/src/core/pillar508_no_and_earned_yes_claim_audit.py in 415ms
[2026-10-05 03:49:04] [build-stdout] [INFO] [2] Extracted file /home/runner/work/Unitary-Manifold-/Unitary-Manifold-/src/core/pillar948_sprint_bg_regression_certificate.py in 188ms
[2026-10-05 03:49:04] [build-stdout] [INFO] [3] Extracted file /home/runner/work/Unitary-Manifold-/Unitary-Manifold-/src/quantum/pillar719_quantum_lane_phase3_synthesis.py in 153ms
[2026-10-05 03:49:04] [build-stdout] [INFO] [1] Extracted file /home/runner/work/Unitary-Manifold-/Unitary-Manifold-/src/core/pillar448_p2_ansatz_upgrade_audit.py in 422ms
[2026-10-05 03:49:04] [build-stdout] [INFO] [2] Extracted file /home/runner/work/Unitary-Manifold-/Unitary-Manifold-/src/core/pillar1036_merlin_self_hosted_replacement_milestone.py in 165ms
[2026-10-05 03:49:04] [build-stdout] [INFO] [4] Extracted file /home/runner/work/Unitary-Manifold-/Unitary-Manifold-/src/core/pillar1084_sprint_cj_parallel_orchestration.py in 1085ms
[2026-10-05 03:49:04] [build-stdout] [INFO] [4] Skipped built-in file /opt/hostedtoolcache/Python/3.12.14/x64/lib/python3.12/collections/__init__.py
[2026-10-05 03:49:04] [build-stdout] [INFO] [2] Extracted file /home/runner/work/Unitary-Manifold-/Unitary-Manifold-/src/core/pillar1101_sprint_cp_status_coherence_certificate.py in 81ms
[2026-10-05 03:49:04] [build-stdout] [INFO] [1] Extracted file /home/runner/work/Unitary-Manifold-/Unitary-Manifold-/src/core/pillar755_gravitino_kk_spectrum_full_audit.py in 95ms
[2026-10-05 03:49:04] [build-stdout] [INFO] [1] Extracted file /home/runner/work/Unitary-Manifold-/Unitary-Manifold-/src/core/pillar718_fine_structure_running_kk_correction.py in 51ms
[2026-10-05 03:49:04] [build-stdout] [INFO] [4] Extracted file /home/runner/work/Unitary-Manifold-/Unitary-Manifold-/src/core/pillar549_lean4_np_bc1.py in 223ms
[2026-10-05 03:49:04] [build-stdout] [INFO] [2] Extracted file /home/runner/work/Unitary-Manifold-/Unitary-Manifold-/src/core/pillar1113_lane3_python_lean_truth_equivalence.py in 233ms
[2026-10-05 03:49:04] [build-stdout] [INFO] [4] Extracted file /home/runner/work/Unitary-Manifold-/Unitary-Manifold-/src/core/pillar993_parent_shadow_dictionary_13d.py in 77ms
[2026-10-05 03:49:04] [build-stdout] [INFO] [4] Extracted folder /home/runner/work/Unitary-Manifold-/Unitary-Manifold-/src/nined in 2ms
[2026-10-05 03:49:04] [build-stdout] [INFO] [1] Extracted file /home/runner/work/Unitary-Manifold-/Unitary-Manifold-/src/core/pillar1016_eleventd_conditional_closure_integrity_audit.py in 212ms
[2026-10-05 03:49:04] [build-stdout] [INFO] [3] Extracted file /home/runner/work/Unitary-Manifold-/Unitary-Manifold-/src/multiverse/observational_frontiers.py in 516ms
[2026-10-05 03:49:04] [build-stdout] [INFO] [3] Extracted file /home/runner/work/Unitary-Manifold-/Unitary-Manifold-/src/sevend/pillar900_neutrino_mass_ordering.py in 111ms
[2026-10-05 03:49:05] [build-stdout] [INFO] [3] Extracted file /home/runner/work/Unitary-Manifold-/Unitary-Manifold-/src/core/pillar684_sp2r_anomaly_cancellation_13d.py in 304ms
[2026-10-05 03:49:05] [build-stdout] [INFO] [4] Extracted file /home/runner/work/Unitary-Manifold-/Unitary-Manifold-/src/core/chiral_fermion_orbifold.py in 544ms
[2026-10-05 03:49:05] [build-stdout] [INFO] [2] Extracted file /home/runner/work/Unitary-Manifold-/Unitary-Manifold-/src/core/pmns_solar_rge_correction.py in 577ms
[2026-10-05 03:49:05] [build-stdout] [INFO] [3] Extracted file /home/runner/work/Unitary-Manifold-/Unitary-Manifold-/src/core/p13_alpha_derived_cert.py in 76ms
[2026-10-05 03:49:05] [build-stdout] [INFO] [4] Extracted file /home/runner/work/Unitary-Manifold-/Unitary-Manifold-/src/core/goldberger_wise.py in 176ms
[2026-10-05 03:49:05] [build-stdout] [INFO] [4] Extracted folder /opt/hostedtoolcache/Python/3.12.14/x64/lib/python3.12/importlib in 1ms
[2026-10-05 03:49:05] [build-stdout] [INFO] [4] Skipped built-in file /opt/hostedtoolcache/Python/3.12.14/x64/lib/python3.12/functools.py
[2026-10-05 03:49:05] [build-stdout] [INFO] [1] Extracted file /home/runner/work/Unitary-Manifold-/Unitary-Manifold-/src/core/cmb_boltzmann_full.py in 732ms
[2026-10-05 03:49:05] [build-stdout] [INFO] [1] Extracted file /home/runner/work/Unitary-Manifold-/Unitary-Manifold-/src/core/pillar498_so_dr1_decision_window.py in 18ms
[2026-10-05 03:49:05] [build-stdout] [INFO] [3] Extracted file /home/runner/work/Unitary-Manifold-/Unitary-Manifold-/src/core/cmbs4_monitor.py in 273ms
[2026-10-05 03:49:05] [build-stdout] [INFO] [4] Extracted file /home/runner/work/Unitary-Manifold-/Unitary-Manifold-/src/core/pillar583_dm21_ws_v_solar_step1.py in 111ms
[2026-10-05 03:49:05] [build-stdout] [INFO] [1] Extracted file /home/runner/work/Unitary-Manifold-/Unitary-Manifold-/src/core/manifold_curvature_fluctuations.py in 125ms
[2026-10-05 03:49:05] [build-stdout] [INFO] [1] Extracted file /home/runner/work/Unitary-Manifold-/Unitary-Manifold-/src/core/pillar938_desi_dr3_preregistration_update.py in 83ms
[2026-10-05 03:49:05] [build-stdout] [INFO] [3] Extracted file /home/runner/work/Unitary-Manifold-/Unitary-Manifold-/src/core/pillar912_alpha_s_13d_gauge_kinetic.py in 142ms
[2026-10-05 03:49:05] [build-stdout] [INFO] [2] Extracted file /home/runner/work/Unitary-Manifold-/Unitary-Manifold-/src/core/triton_kernels.py in 497ms
[2026-10-05 03:49:05] [build-stdout] [INFO] [4] Extracted file /home/runner/work/Unitary-Manifold-/Unitary-Manifold-/src/core/pillar332_neutrino_mass_ordering.py in 211ms
[2026-10-05 03:49:05] [build-stdout] [INFO] [2] Extracted file /home/runner/work/Unitary-Manifold-/Unitary-Manifold-/src/core/pillar511_braid_winding_observable.py in 47ms
[2026-10-05 03:49:05] [build-stdout] [INFO] [4] Extracted file /home/runner/work/Unitary-Manifold-/Unitary-Manifold-/src/core/pillar925_ftheory_rung10_certificate.py in 132ms
[2026-10-05 03:49:05] [build-stdout] [INFO] [4] Extracted file /home/runner/work/Unitary-Manifold-/Unitary-Manifold-/src/genetics/README.md in 1ms
[2026-10-05 03:49:05] [build-stdout] [INFO] [4] Extracted file /home/runner/work/Unitary-Manifold-/Unitary-Manifold-/claims/integer_derivation/__init__.py in 5ms
[2026-10-05 03:49:05] [build-stdout] [INFO] [2] Extracted file /home/runner/work/Unitary-Manifold-/Unitary-Manifold-/src/core/unified_metric_tensor.py in 148ms
[2026-10-05 03:49:06] [build-stdout] [INFO] [3] Extracted file /home/runner/work/Unitary-Manifold-/Unitary-Manifold-/src/core/pillar220_energy_manifold.py in 370ms
[2026-10-05 03:49:06] [build-stdout] [INFO] [3] Extracted file /home/runner/work/Unitary-Manifold-/Unitary-Manifold-/src/core/pillar734_lean4_ckm_full_unitarity_matrix.py in 84ms
[2026-10-05 03:49:06] [build-stdout] [INFO] [3] Extracted file /home/runner/work/Unitary-Manifold-/Unitary-Manifold-/src/core/pillar594_book28_arxiv_v201_sync.py in 42ms
[2026-10-05 03:49:06] [build-stdout] [INFO] [2] Extracted file /home/runner/work/Unitary-Manifold-/Unitary-Manifold-/src/core/alpha_gw_uv_brane_derivation.py in 251ms
[2026-10-05 03:49:06] [build-stdout] [INFO] [2] Extracted file /home/runner/work/Unitary-Manifold-/Unitary-Manifold-/src/core/pillar793_graviton_mass_bound_kk.py in 118ms
[2026-10-05 03:49:06] [build-stdout] [INFO] [3] Extracted file /home/runner/work/Unitary-Manifold-/Unitary-Manifold-/src/core/pillar684_np_bc9_graviton_loop_kernel.py in 174ms
[2026-10-05 03:49:06] [build-stdout] [INFO] [4] Extracted file /home/runner/work/Unitary-Manifold-/Unitary-Manifold-/src/core/desi_dr3_full_analysis.py in 497ms
[2026-10-05 03:49:06] [build-stdout] [INFO] [3] Extracted file /home/runner/work/Unitary-Manifold-/Unitary-Manifold-/src/core/p19_theta23_derived_cert.py in 76ms
[2026-10-05 03:49:06] [build-stdout] [INFO] [2] Extracted file /home/runner/work/Unitary-Manifold-/Unitary-Manifold-/src/core/pillar1081_sprint_ch_critique_resolution_certificate.py in 118ms
[2026-10-05 03:49:06] [build-stdout] [INFO] [4] Extracted file /home/runner/work/Unitary-Manifold-/Unitary-Manifold-/src/core/pillar491_p8_ccr_formal_status_v15.py in 82ms
[2026-10-05 03:49:06] [build-stdout] [INFO] [2] Extracted file /home/runner/work/Unitary-Manifold-/Unitary-Manifold-/src/core/p28_lambda_derived_cert.py in 142ms
[2026-10-05 03:49:06] [build-stdout] [INFO] [2] Extracted file /home/runner/work/Unitary-Manifold-/Unitary-Manifold-/src/core/pillar1033_uv_parallel_compactification_campaign.py in 122ms
[2026-10-05 03:49:06] [build-stdout] [INFO] [1] Extracted file /home/runner/work/Unitary-Manifold-/Unitary-Manifold-/src/core/evolution.py in 1061ms
[2026-10-05 03:49:06] [build-stdout] [INFO] [1] Extracted file /home/runner/work/Unitary-Manifold-/Unitary-Manifold-/src/core/pillar1052_targeted_closure_deterministic_rigor.py in 138ms
[2026-10-05 03:49:07] [build-stdout] [INFO] [4] Extracted file /home/runner/work/Unitary-Manifold-/Unitary-Manifold-/src/core/pillar1061_proof_first_internal_closure_sprint.py in 501ms
[2026-10-05 03:49:07] [build-stdout] [INFO] [3] Extracted file /home/runner/work/Unitary-Manifold-/Unitary-Manifold-/src/core/nw5_pure_theorem.py in 598ms
[2026-10-05 03:49:07] [build-stdout] [INFO] [3] Skipped built-in file /opt/hostedtoolcache/Python/3.12.14/x64/lib/python3.12/urllib/__init__.py
[2026-10-05 03:49:07] [build-stdout] [INFO] [2] Extracted file /home/runner/work/Unitary-Manifold-/Unitary-Manifold-/src/core/pillar539_dm31_wsv_architecture_limit.py in 505ms
[2026-10-05 03:49:07] [build-stdout] [INFO] [4] Extracted file /home/runner/work/Unitary-Manifold-/Unitary-Manifold-/src/core/vacuum_geometric_proof.py in 249ms
[2026-10-05 03:49:07] [build-stdout] [INFO] [2] Extracted file /home/runner/work/Unitary-Manifold-/Unitary-Manifold-/src/core/merlin_package_bootstrap.py in 86ms
[2026-10-05 03:49:07] [build-stdout] [INFO] [1] Extracted file /home/runner/work/Unitary-Manifold-/Unitary-Manifold-/src/core/ckm_matrix_full.py in 539ms
[2026-10-05 03:49:07] [build-stdout] [INFO] [2] Extracted file /home/runner/work/Unitary-Manifold-/Unitary-Manifold-/src/core/pillar713_juno_phase2_2027_drill.py in 134ms
[2026-10-05 03:49:07] [build-stdout] [INFO] [4] Extracted file /home/runner/work/Unitary-Manifold-/Unitary-Manifold-/src/core/pillar261_foundational_boundary_hardening.py in 252ms
[2026-10-05 03:49:07] [build-stdout] [INFO] [3] Extracted file /home/runner/work/Unitary-Manifold-/Unitary-Manifold-/src/core/desi_y3_joint_routing.py in 502ms
[2026-10-05 03:49:07] [build-stdout] [INFO] [4] Extracted file /home/runner/work/Unitary-Manifold-/Unitary-Manifold-/src/core/pillar961_theta_qcd_kk_axion.py in 291ms
[2026-10-05 03:49:07] [build-stdout] [INFO] [1] Extracted file /home/runner/work/Unitary-Manifold-/Unitary-Manifold-/src/core/pillar485_cmb_peak_positions_boltzmann_audit.py in 378ms
[2026-10-05 03:49:07] [build-stdout] [INFO] [1] Extracted file /home/runner/work/Unitary-Manifold-/Unitary-Manifold-/claims/anomaly_inflow/README.md in 3ms
[2026-10-05 03:49:07] [build-stdout] [INFO] [2] Extracted file /home/runner/work/Unitary-Manifold-/Unitary-Manifold-/src/core/merlin_proof_first_kawamura_packet.py in 406ms
[2026-10-05 03:49:07] [build-stdout] [INFO] [3] Extracted file /home/runner/work/Unitary-Manifold-/Unitary-Manifold-/src/sixd/neutrino_overlap_integrals_nlo.py in 311ms
[2026-10-05 03:49:07] [build-stdout] [INFO] [2] Extracted file /home/runner/work/Unitary-Manifold-/Unitary-Manifold-/src/core/pillar715_sprint_cc_regression_cert.py in 115ms
[2026-10-05 03:49:08] [build-stdout] [INFO] [3] Extracted file /home/runner/work/Unitary-Manifold-/Unitary-Manifold-/src/core/pillar683_pmns_theta13_kk_overlap.py in 150ms
[2026-10-05 03:49:08] [build-stdout] [INFO] [4] Extracted file /home/runner/work/Unitary-Manifold-/Unitary-Manifold-/src/core/pillar349_act_dr6_r_routing.py in 293ms
[2026-10-05 03:49:08] [build-stdout] [INFO] [1] Extracted file /home/runner/work/Unitary-Manifold-/Unitary-Manifold-/src/core/pillar396_act_r_tension_architecture_limit.py in 336ms
[2026-10-05 03:49:08] [build-stdout] [INFO] [1] Extracted file /home/runner/work/Unitary-Manifold-/Unitary-Manifold-/src/core/pillar1019_sprint_bs_status_coherence_certificate.py in 172ms
[2026-10-05 03:49:08] [build-stdout] [INFO] [1] Extracted file /home/runner/work/Unitary-Manifold-/Unitary-Manifold-/src/core/pillar566_np_bc2_subgap_f_uv_ir.py in 154ms
[2026-10-05 03:49:08] [build-stdout] [INFO] [2] Extracted file /home/runner/work/Unitary-Manifold-/Unitary-Manifold-/src/core/yukawa_geometric_closure.py in 537ms
[2026-10-05 03:49:08] [build-stdout] [INFO] [2] Extracted folder /home/runner/work/Unitary-Manifold-/Unitary-Manifold-/src/visualization in 0ms
[2026-10-05 03:49:08] [build-stdout] [INFO] [4] Extracted file /home/runner/work/Unitary-Manifold-/Unitary-Manifold-/src/core/pillar919_ckm_13d_yukawa_texture_audit.py in 517ms
[2026-10-05 03:49:08] [build-stdout] [INFO] [1] Extracted file /home/runner/work/Unitary-Manifold-/Unitary-Manifold-/src/core/pillar591_dm21_ratio_fn_correction.py in 145ms
[2026-10-05 03:49:08] [build-stdout] [INFO] [3] Extracted file /home/runner/work/Unitary-Manifold-/Unitary-Manifold-/src/core/precision_audit.py in 687ms
[2026-10-05 03:49:08] [build-stdout] [INFO] [4] Extracted file /home/runner/work/Unitary-Manifold-/Unitary-Manifold-/src/core/pmns_seesaw_5d.py in 113ms
[2026-10-05 03:49:08] [build-stdout] [INFO] [1] Extracted file /home/runner/work/Unitary-Manifold-/Unitary-Manifold-/src/core/pillar926_desi_dr3_live_monitor_update.py in 113ms
[2026-10-05 03:49:08] [build-stdout] [INFO] [2] Extracted file /home/runner/work/Unitary-Manifold-/Unitary-Manifold-/src/core/pillar963_sprint_bi_regression_certificate.py in 213ms
[2026-10-05 03:49:08] [build-stdout] [INFO] [1] Extracted file /home/runner/work/Unitary-Manifold-/Unitary-Manifold-/src/core/pillar785_g4_criterion2_higgs_correlation.py in 161ms
[2026-10-05 03:49:08] [build-stdout] [INFO] [4] Extracted file /home/runner/work/Unitary-Manifold-/Unitary-Manifold-/src/core/pillar432_sixd_baryogenesis_scope.py in 197ms
[2026-10-05 03:49:08] [build-stdout] [INFO] [4] Extracted file /home/runner/work/Unitary-Manifold-/Unitary-Manifold-/src/core/pillar553_az_os_decision_engine.py in 43ms
[2026-10-05 03:49:08] [build-stdout] [INFO] [3] Extracted file /home/runner/work/Unitary-Manifold-/Unitary-Manifold-/src/core/pillar350_ftum_basin_theorem.py in 273ms
[2026-10-05 03:49:09] [build-stdout] [INFO] [2] Extracted file /home/runner/work/Unitary-Manifold-/Unitary-Manifold-/src/core/pillar441_desi_dr3_final_routing.py in 319ms
[2026-10-05 03:49:09] [build-stdout] [INFO] [4] Extracted file /home/runner/work/Unitary-Manifold-/Unitary-Manifold-/src/core/pillar1117_sprint_cr_status_coherence_certificate.py in 163ms
[2026-10-05 03:49:09] [build-stdout] [INFO] [4] Extracted file /home/runner/work/Unitary-Manifold-/Unitary-Manifold-/src/core/architecture_frontier_tier5.py in 39ms
[2026-10-05 03:49:09] [build-stdout] [INFO] [1] Extracted file /home/runner/work/Unitary-Manifold-/Unitary-Manifold-/src/core/pillar1011_tend_flux_selection_measure_audit.py in 264ms
[2026-10-05 03:49:09] [build-stdout] [INFO] [1] Extracted file /home/runner/work/Unitary-Manifold-/Unitary-Manifold-/src/core/pillar1009_cmb_nonperturbative_normalization_candidate.py in 170ms
[2026-10-05 03:49:09] [build-stdout] [INFO] [2] Extracted file /home/runner/work/Unitary-Manifold-/Unitary-Manifold-/src/multiverse/layering.py in 327ms
[2026-10-05 03:49:09] [build-stdout] [INFO] [4] Extracted file /home/runner/work/Unitary-Manifold-/Unitary-Manifold-/src/core/pillar373_nonperturbative_braid_resummation.py in 292ms
[2026-10-05 03:49:09] [build-stdout] [INFO] [4] Extracted file /home/runner/work/Unitary-Manifold-/Unitary-Manifold-/src/core/pillar624_ftheory_rung10_spectral_cover_global.py in 78ms
[2026-10-05 03:49:09] [build-stdout] [INFO] [1] Extracted file /home/runner/work/Unitary-Manifold-/Unitary-Manifold-/src/core/pillar327_neutron_edm_strong_cp.py in 359ms
[2026-10-05 03:49:09] [build-stdout] [INFO] [4] Extracted file /home/runner/work/Unitary-Manifold-/Unitary-Manifold-/src/core/emergent_spacetime_entanglement.py in 225ms
[2026-10-05 03:49:09] [build-stdout] [INFO] [2] Extracted file /home/runner/work/Unitary-Manifold-/Unitary-Manifold-/src/core/pillar346_ne_kk_thermalization.py in 521ms
[2026-10-05 03:49:09] [build-stdout] [INFO] [1] Extracted file /home/runner/work/Unitary-Manifold-/Unitary-Manifold-/src/core/pillar1045_merlin_sovereign_batch_gating.py in 210ms
[2026-10-05 03:49:09] [build-stdout] [INFO] [3] Extracted file /home/runner/work/Unitary-Manifold-/Unitary-Manifold-/src/core/zero_point_vacuum.py in 961ms
[2026-10-05 03:49:10] [build-stdout] [INFO] [2] Extracted file /home/runner/work/Unitary-Manifold-/Unitary-Manifold-/src/core/pillar617_v206_regression_certificate.py in 114ms
[2026-10-05 03:49:10] [build-stdout] [INFO] [4] Extracted file /home/runner/work/Unitary-Manifold-/Unitary-Manifold-/src/quantum/fh_lattice_routing.py in 360ms
[2026-10-05 03:49:10] [build-stdout] [INFO] [2] Extracted file /home/runner/work/Unitary-Manifold-/Unitary-Manifold-/src/core/pillar681_mh_architecture_limit_certificate.py in 271ms
[2026-10-05 03:49:10] [build-stdout] [INFO] [4] Extracted file /home/runner/work/Unitary-Manifold-/Unitary-Manifold-/src/core/next_five_tiers_programme.py in 203ms
[2026-10-05 03:49:10] [build-stdout] [INFO] [1] Extracted file /home/runner/work/Unitary-Manifold-/Unitary-Manifold-/src/core/pillar256_empirical_hardening_falsification.py in 425ms
[2026-10-05 03:49:10] [build-stdout] [INFO] [3] Extracted file /home/runner/work/Unitary-Manifold-/Unitary-Manifold-/src/core/pillar438_lattice_braid_phase1.py in 421ms
[2026-10-05 03:49:10] [build-stdout] [INFO] [4] Extracted file /home/runner/work/Unitary-Manifold-/Unitary-Manifold-/src/core/pillar702_np_bc13_instanton_wdw_kernel.py in 92ms
[2026-10-05 03:49:10] [build-stdout] [INFO] [2] Extracted file /home/runner/work/Unitary-Manifold-/Unitary-Manifold-/src/core/pillar1014_eightd_wilson_robustness_branch_audit.py in 206ms
[2026-10-05 03:49:10] [build-stdout] [INFO] [4] Extracted file /home/runner/work/Unitary-Manifold-/Unitary-Manifold-/src/core/pillar897_sprint_bc_phase2_certificate.py in 105ms
[2026-10-05 03:49:10] [build-stdout] [INFO] [1] Extracted file /home/runner/work/Unitary-Manifold-/Unitary-Manifold-/src/psychology/behavior.py in 234ms
[2026-10-05 03:49:10] [build-stdout] [INFO] [2] Extracted file /home/runner/work/Unitary-Manifold-/Unitary-Manifold-/src/core/pillar1107_sprint_cq_status_coherence_certificate.py in 150ms
[2026-10-05 03:49:10] [build-stdout] [INFO] [1] Extracted file /home/runner/work/Unitary-Manifold-/Unitary-Manifold-/src/core/anisotropic_birefringence.py in 86ms
[2026-10-05 03:49:10] [build-stdout] [INFO] [3] Extracted file /home/runner/work/Unitary-Manifold-/Unitary-Manifold-/src/core/pillar468_litebird_discrimination_protocol.py in 305ms
[2026-10-05 03:49:10] [build-stdout] [INFO] [3] Extracted file /home/runner/work/Unitary-Manifold-/Unitary-Manifold-/src/core/pillar365_baryogenesis_honest_reckoning.py in 198ms
[2026-10-05 03:49:11] [build-stdout] [INFO] [1] Extracted file /home/runner/work/Unitary-Manifold-/Unitary-Manifold-/src/twelved/ftheory_flux_landscape.py in 382ms
[2026-10-05 03:49:11] [build-stdout] [INFO] [1] Extracted file /home/runner/work/Unitary-Manifold-/Unitary-Manifold-/src/core/pillar753_ccr_conditional_kernel_lean4.py in 80ms
[2026-10-05 03:49:11] [build-stdout] [INFO] [1] Extracted file /home/runner/work/Unitary-Manifold-/Unitary-Manifold-/src/core/pillar698_majorana_delta_cp_phase_refinement.py in 106ms
[2026-10-05 03:49:11] [build-stdout] [INFO] [2] Extracted file /home/runner/work/Unitary-Manifold-/Unitary-Manifold-/src/core/pillar404_lambda_gw_derivation.py in 660ms
[2026-10-05 03:49:11] [build-stdout] [INFO] [1] Extracted file /home/runner/work/Unitary-Manifold-/Unitary-Manifold-/src/core/pillar289_icecube_km3net_neutrino_preregistration.py in 159ms
[2026-10-05 03:49:11] [build-stdout] [INFO] [3] Extracted file /home/runner/work/Unitary-Manifold-/Unitary-Manifold-/src/quantum/kk_vqe.py in 549ms
[2026-10-05 03:49:11] [build-stdout] [INFO] [2] Extracted file /home/runner/work/Unitary-Manifold-/Unitary-Manifold-/src/core/pillar855_swampland_cross_dimensional_audit.py in 224ms
[2026-10-05 03:49:11] [build-stdout] [INFO] [3] Extracted file /home/runner/work/Unitary-Manifold-/Unitary-Manifold-/src/core/pillar933_ftheory_matter_curve_genus_bound.py in 140ms
[2026-10-05 03:49:11] [build-stdout] [INFO] [4] Extracted file /home/runner/work/Unitary-Manifold-/Unitary-Manifold-/src/core/pillar256_reproducibility.py in 1044ms
[2026-10-05 03:49:11] [build-stdout] [INFO] [1] Extracted file /home/runner/work/Unitary-Manifold-/Unitary-Manifold-/src/core/pillar931_ckm_wilson_line_angle_audit.py in 202ms
[2026-10-05 03:49:11] [build-stdout] [INFO] [3] Extracted file /home/runner/work/Unitary-Manifold-/Unitary-Manifold-/src/chemistry/__init__.py in 17ms
[2026-10-05 03:49:11] [build-stdout] [INFO] [4] Extracted file /home/runner/work/Unitary-Manifold-/Unitary-Manifold-/src/core/pillar660_v21_regression_certificate_sprint_r_part1.py in 100ms
[2026-10-05 03:49:11] [build-stdout] [INFO] [1] Extracted file /home/runner/work/Unitary-Manifold-/Unitary-Manifold-/src/core/pillar413_talagrand_convexity.py in 166ms
[2026-10-05 03:49:11] [build-stdout] [INFO] [3] Extracted file /home/runner/work/Unitary-Manifold-/Unitary-Manifold-/src/core/pillar765_litebird_v2_falsification_audit.py in 209ms
[2026-10-05 03:49:11] [build-stdout] [INFO] [4] Extracted file /home/runner/work/Unitary-Manifold-/Unitary-Manifold-/src/core/pillar456_quantum_theorem_formal_status.py in 130ms
[2026-10-05 03:49:11] [build-stdout] [INFO] [2] Extracted file /home/runner/work/Unitary-Manifold-/Unitary-Manifold-/src/core/litebird_synthetic_rehearsal.py in 405ms
[2026-10-05 03:49:12] [build-stdout] [INFO] [4] Extracted file /home/runner/work/Unitary-Manifold-/Unitary-Manifold-/src/core/pillar364_two_radius_goldberger_wise.py in 203ms
[2026-10-05 03:49:12] [build-stdout] [INFO] [3] Extracted file /home/runner/work/Unitary-Manifold-/Unitary-Manifold-/src/core/kk_vqe.py in 303ms
[2026-10-05 03:49:12] [build-stdout] [INFO] [2] Extracted file /home/runner/work/Unitary-Manifold-/Unitary-Manifold-/src/core/pillar1126_sprint_cv_documentation_evidence_packet.py in 181ms
[2026-10-05 03:49:12] [build-stdout] [INFO] [1] Extracted file /home/runner/work/Unitary-Manifold-/Unitary-Manifold-/src/infrastructure/execution_spine.py in 519ms
[2026-10-05 03:49:12] [build-stdout] [INFO] [3] Extracted file /home/runner/work/Unitary-Manifold-/Unitary-Manifold-/src/core/pillar1027_cmb_mechanism_closure_attempt.py in 180ms
[2026-10-05 03:49:12] [build-stdout] [INFO] [2] Extracted file /home/runner/work/Unitary-Manifold-/Unitary-Manifold-/src/core/sm_parameter_ledger.py in 178ms
[2026-10-05 03:49:12] [build-stdout] [INFO] [4] Extracted file /home/runner/work/Unitary-Manifold-/Unitary-Manifold-/src/core/pillar218_quantum_control.py in 300ms
[2026-10-05 03:49:12] [build-stdout] [INFO] [3] Extracted file /home/runner/work/Unitary-Manifold-/Unitary-Manifold-/src/marine/ocean_dynamics.py in 242ms
[2026-10-05 03:49:12] [build-stdout] [INFO] [4] Extracted file /home/runner/work/Unitary-Manifold-/Unitary-Manifold-/src/earth/meteorology.py in 231ms
[2026-10-05 03:49:12] [build-stdout] [INFO] [1] Extracted file /home/runner/work/Unitary-Manifold-/Unitary-Manifold-/src/core/pillar378_two_radius_gw_r_min.py in 326ms
[2026-10-05 03:49:12] [build-stdout] [INFO] [1] Extracted file /home/runner/work/Unitary-Manifold-/Unitary-Manifold-/src/core/p26_neutrino_mass_derived_cert.py in 103ms
[2026-10-05 03:49:12] [build-stdout] [INFO] [2] Extracted file /home/runner/work/Unitary-Manifold-/Unitary-Manifold-/src/eleventd/g4_flux_quantization.py in 468ms
[2026-10-05 03:49:12] [build-stdout] [INFO] [3] Extracted file /home/runner/work/Unitary-Manifold-/Unitary-Manifold-/src/core/particle_geometry.py in 263ms
[2026-10-05 03:49:12] [build-stdout] [INFO] [3] Extracted file /home/runner/work/Unitary-Manifold-/Unitary-Manifold-/src/core/pillar1003_sevend_torsion_shear_branch_rule.py in 111ms
[2026-10-05 03:49:12] [build-stdout] [INFO] [3] Skipped built-in file /opt/hostedtoolcache/Python/3.12.14/x64/lib/python3.12/decimal.py
[2026-10-05 03:49:13] [build-stdout] [INFO] [1] Extracted file /home/runner/work/Unitary-Manifold-/Unitary-Manifold-/src/core/pillar766_fallibility_v223_full_resync.py in 304ms
[2026-10-05 03:49:13] [build-stdout] [INFO] [1] Extracted file /home/runner/work/Unitary-Manifold-/Unitary-Manifold-/src/core/pillar1028_su3_residual_contraction_lean4.py in 141ms
[2026-10-05 03:49:13] [build-stdout] [INFO] [4] Extracted file /home/runner/work/Unitary-Manifold-/Unitary-Manifold-/src/core/pillar296_p17_seesaw_diagonalization_upgrade_attempt.py in 681ms
[2026-10-05 03:49:13] [build-stdout] [INFO] [2] Extracted file /home/runner/work/Unitary-Manifold-/Unitary-Manifold-/src/core/ew_boson_hardgate_cert.py in 499ms
[2026-10-05 03:49:13] [build-stdout] [INFO] [3] Extracted file /home/runner/work/Unitary-Manifold-/Unitary-Manifold-/src/core/pillar1106_lane3_psicat_receipt_completion.py in 379ms
[2026-10-05 03:49:13] [build-stdout] [INFO] [2] Extracted file /home/runner/work/Unitary-Manifold-/Unitary-Manifold-/src/core/pillar1055_sprint_cb_verification_release_discipline.py in 151ms
[2026-10-05 03:49:13] [build-stdout] [INFO] [3] Extracted file /home/runner/work/Unitary-Manifold-/Unitary-Manifold-/src/core/pillar920_alpha_s_13d_nonperturbative_bound.py in 171ms
[2026-10-05 03:49:13] [build-stdout] [INFO] [1] Extracted file /home/runner/work/Unitary-Manifold-/Unitary-Manifold-/src/core/universe_uniqueness_theorem.py in 400ms
[2026-10-05 03:49:13] [build-stdout] [INFO] [4] Extracted file /home/runner/work/Unitary-Manifold-/Unitary-Manifold-/src/core/cp_violation_braid_correction.py in 332ms
[2026-10-05 03:49:13] [build-stdout] [INFO] [1] Extracted file /home/runner/work/Unitary-Manifold-/Unitary-Manifold-/src/core/pillar751_xdiag_bridge_parity_formal_proof.py in 102ms
[2026-10-05 03:49:13] [build-stdout] [INFO] [2] Extracted file /home/runner/work/Unitary-Manifold-/Unitary-Manifold-/src/core/desi_dr3_publication_day_runbook.py in 346ms
[2026-10-05 03:49:13] [build-stdout] [INFO] [1] Extracted file /home/runner/work/Unitary-Manifold-/Unitary-Manifold-/src/core/pillar288_act_dr6_cmb_verdict_routing.py in 163ms
[2026-10-05 03:49:13] [build-stdout] [INFO] [2] Extracted file /home/runner/work/Unitary-Manifold-/Unitary-Manifold-/src/core/p21_mw_derived_cert.py in 99ms
[2026-10-05 03:49:13] [build-stdout] [INFO] [4] Extracted file /home/runner/work/Unitary-Manifold-/Unitary-Manifold-/src/core/pillar1112_lane2_lean4_deterministic_proof.py in 363ms
[2026-10-05 03:49:14] [build-stdout] [INFO] [1] Extracted file /home/runner/work/Unitary-Manifold-/Unitary-Manifold-/src/core/yukawa_tier4_refinement.py in 251ms
[2026-10-05 03:49:14] [build-stdout] [INFO] [1] Extracted folder /home/runner/work/Unitary-Manifold-/Unitary-Manifold-/src/governance in 1ms
[2026-10-05 03:49:14] [build-stdout] [INFO] [4] Extracted file /home/runner/work/Unitary-Manifold-/Unitary-Manifold-/src/core/pillar567_np_bc3_subgap_g_path_integral.py in 223ms
[2026-10-05 03:49:14] [build-stdout] [INFO] [3] Extracted file /home/runner/work/Unitary-Manifold-/Unitary-Manifold-/src/core/pillar784_type_ab_gap_classification.py in 941ms
[2026-10-05 03:49:14] [build-stdout] [INFO] [1] Extracted file /home/runner/work/Unitary-Manifold-/Unitary-Manifold-/src/sixd/field_equations_6d.py in 473ms
[2026-10-05 03:49:14] [build-stdout] [INFO] [1] Extracted file /home/runner/work/Unitary-Manifold-/Unitary-Manifold-/src/core/pillar670_baryogenesis_6d_phase4_bubble_nucleation_adjacent.py in 72ms
[2026-10-05 03:49:14] [build-stdout] [INFO] [1] Extracted file /home/runner/work/Unitary-Manifold-/Unitary-Manifold-/src/core/pillar601_v203_regression_certificate.py in 100ms
[2026-10-05 03:49:14] [build-stdout] [INFO] [4] Extracted file /home/runner/work/Unitary-Manifold-/Unitary-Manifold-/src/core/pillar248_translational_oncology_synthesis_command_layer.py in 795ms
[2026-10-05 03:49:14] [build-stdout] [INFO] [4] Extracted file /home/runner/work/Unitary-Manifold-/Unitary-Manifold-/src/justice/__init__.py in 11ms
[2026-10-05 03:49:15] [build-stdout] [INFO] [2] Extracted file /home/runner/work/Unitary-Manifold-/Unitary-Manifold-/src/core/sm_free_parameters.py in 1144ms
[2026-10-05 03:49:15] [build-stdout] [INFO] [1] Extracted file /home/runner/work/Unitary-Manifold-/Unitary-Manifold-/src/core/five_tier_execution_framework.py in 308ms
[2026-10-05 03:49:15] [build-stdout] [INFO] [1] Extracted file /home/runner/work/Unitary-Manifold-/Unitary-Manifold-/src/core/pillar712_simons_obs_dr1_drill.py in 127ms
[2026-10-05 03:49:15] [build-stdout] [INFO] [2] Extracted file /home/runner/work/Unitary-Manifold-/Unitary-Manifold-/src/core/pillar457_metric_ansatz_completeness.py in 165ms
[2026-10-05 03:49:15] [build-stdout] [INFO] [4] Extracted file /home/runner/work/Unitary-Manifold-/Unitary-Manifold-/src/core/pillar562_np_bc1_subgap_c_curved_orbifold.py in 254ms
[2026-10-05 03:49:15] [build-stdout] [INFO] [1] Extracted file /home/runner/work/Unitary-Manifold-/Unitary-Manifold-/src/core/pillar726_lean4_pmns_rational_bounds.py in 83ms
[2026-10-05 03:49:15] [build-stdout] [INFO] [3] Extracted file /home/runner/work/Unitary-Manifold-/Unitary-Manifold-/src/core/pillar1087_sprint_cm_full_physics_parallel_execution.py in 901ms
[2026-10-05 03:49:15] [build-stdout] [INFO] [3] Extracted file /home/runner/work/Unitary-Manifold-/Unitary-Manifold-/src/atomic_structure/README.md in 1ms
[2026-10-05 03:49:15] [build-stdout] [INFO] [4] Extracted file /home/runner/work/Unitary-Manifold-/Unitary-Manifold-/src/core/z2_odd_power_suppression.py in 118ms
[2026-10-05 03:49:15] [build-stdout] [INFO] [4] Extracted module itertools in 23ms
[2026-10-05 03:49:15] [build-stdout] [INFO] [3] Extracted file /home/runner/work/Unitary-Manifold-/Unitary-Manifold-/src/core/pillar461_pmns_pr_derived.py in 156ms
[2026-10-05 03:49:15] [build-stdout] [INFO] [1] Extracted file /home/runner/work/Unitary-Manifold-/Unitary-Manifold-/src/core/pillar443_juno_2027_v138.py in 307ms
[2026-10-05 03:49:15] [build-stdout] [INFO] [2] Extracted file /home/runner/work/Unitary-Manifold-/Unitary-Manifold-/src/core/cmb_amplitude.py in 390ms
[2026-10-05 03:49:15] [build-stdout] [INFO] [1] Extracted file /home/runner/work/Unitary-Manifold-/Unitary-Manifold-/src/sevend/pillar898_quark_mass_ratios_fn.py in 144ms
[2026-10-05 03:49:15] [build-stdout] [INFO] [3] Extracted file /home/runner/work/Unitary-Manifold-/Unitary-Manifold-/src/core/pillar460_fermion_hierarchy_derived.py in 385ms
[2026-10-05 03:49:15] [build-stdout] [INFO] [3] Extracted file /home/runner/work/Unitary-Manifold-/Unitary-Manifold-/src/core/m_theory_embedding.py in 67ms
[2026-10-05 03:49:15] [build-stdout] [INFO] [1] Extracted file /home/runner/work/Unitary-Manifold-/Unitary-Manifold-/src/core/pillar990_moduli_locked_fermion_radii_bridge.py in 201ms
[2026-10-05 03:49:15] [build-stdout] [INFO] [1] Skipped built-in file /opt/hostedtoolcache/Python/3.12.14/x64/lib/python3.12/subprocess.py
[2026-10-05 03:49:15] [build-stdout] [INFO] [4] Extracted file /home/runner/work/Unitary-Manifold-/Unitary-Manifold-/src/core/kk_magic.py in 554ms
[2026-10-05 03:49:16] [build-stdout] [INFO] [2] Extracted file /home/runner/work/Unitary-Manifold-/Unitary-Manifold-/src/sixd/yukawa_scale_6d.py in 438ms
[2026-10-05 03:49:16] [build-stdout] [INFO] [1] Extracted file /home/runner/work/Unitary-Manifold-/Unitary-Manifold-/src/core/pillar636_su3_orbifold_equivalence.py in 222ms
[2026-10-05 03:49:16] [build-stdout] [INFO] [2] Extracted file /home/runner/work/Unitary-Manifold-/Unitary-Manifold-/src/core/pillar421_l2_gamma_budget_certificate.py in 167ms
[2026-10-05 03:49:16] [build-stdout] [INFO] [1] Extracted file /home/runner/work/Unitary-Manifold-/Unitary-Manifold-/src/core/pillar1034_parallel_cmb_closure_campaign.py in 175ms
[2026-10-05 03:49:16] [build-stdout] [INFO] [3] Extracted file /home/runner/work/Unitary-Manifold-/Unitary-Manifold-/src/core/pillar339_swampland_compatibility.py in 492ms
[2026-10-05 03:49:16] [build-stdout] [INFO] [2] Extracted file /home/runner/work/Unitary-Manifold-/Unitary-Manifold-/src/core/um_sos_api.py in 332ms
[2026-10-05 03:49:16] [build-stdout] [INFO] [4] Extracted file /home/runner/work/Unitary-Manifold-/Unitary-Manifold-/src/core/pillar252_planetary_digital_twin_synthesis_engine.py in 596ms
[2026-10-05 03:49:16] [build-stdout] [INFO] [1] Extracted file /home/runner/work/Unitary-Manifold-/Unitary-Manifold-/src/core/action_to_evolution_contract.py in 215ms
[2026-10-05 03:49:16] [build-stdout] [INFO] [2] Extracted file /home/runner/work/Unitary-Manifold-/Unitary-Manifold-/src/core/pillar710_sprint_y_regression_certificate.py in 97ms
[2026-10-05 03:49:16] [build-stdout] [INFO] [4] Extracted file /home/runner/work/Unitary-Manifold-/Unitary-Manifold-/src/core/p18_theta12_derived_cert.py in 108ms
[2026-10-05 03:49:16] [build-stdout] [INFO] [3] Extracted file /home/runner/work/Unitary-Manifold-/Unitary-Manifold-/src/sixd/neutrino_dm31_2nlo.py in 245ms
[2026-10-05 03:49:16] [build-stdout] [INFO] [3] Extracted file /home/runner/work/Unitary-Manifold-/Unitary-Manifold-/src/core/pillar737_sprint_ad_regression_certificate.py in 113ms
[2026-10-05 03:49:16] [build-stdout] [INFO] [4] Extracted file /home/runner/work/Unitary-Manifold-/Unitary-Manifold-/src/core/pillar759_p8_full_functional_lean4_proof.py in 159ms
[2026-10-05 03:49:16] [build-stdout] [INFO] [2] Extracted file /home/runner/work/Unitary-Manifold-/Unitary-Manifold-/src/core/pillar503_pmns_pr_full_chain.py in 288ms
[2026-10-05 03:49:16] [build-stdout] [INFO] [1] Extracted file /home/runner/work/Unitary-Manifold-/Unitary-Manifold-/src/core/im_action.py in 386ms
[2026-10-05 03:49:16] [build-stdout] [INFO] [3] Extracted file /home/runner/work/Unitary-Manifold-/Unitary-Manifold-/src/core/pillar821_z2_ngap_nlo_correction.py in 153ms
[2026-10-05 03:49:17] [build-stdout] [INFO] [3] Extracted file /home/runner/work/Unitary-Manifold-/Unitary-Manifold-/src/core/pillar895_tcc_efold_nlo.py in 111ms
[2026-10-05 03:49:17] [build-stdout] [INFO] [2] Extracted file /home/runner/work/Unitary-Manifold-/Unitary-Manifold-/src/core/pillar217_gn_derivation.py in 146ms
[2026-10-05 03:49:17] [build-stdout] [INFO] [2] Extracted folder /home/runner/work/Unitary-Manifold-/Unitary-Manifold-/src/atomic_structure in 1ms
[2026-10-05 03:49:17] [build-stdout] [INFO] [3] Extracted file /home/runner/work/Unitary-Manifold-/Unitary-Manifold-/src/core/alpha_gw_casimir_closure.py in 76ms
[2026-10-05 03:49:17] [build-stdout] [INFO] [3] Extracted file /home/runner/work/Unitary-Manifold-/Unitary-Manifold-/src/core/pillar592_dm21_nlo_wsvv_correction.py in 119ms
[2026-10-05 03:49:17] [build-stdout] [INFO] [4] Extracted file /home/runner/work/Unitary-Manifold-/Unitary-Manifold-/src/core/inflation_as_5d.py in 448ms
[2026-10-05 03:49:17] [build-stdout] [INFO] [4] Extracted file /home/runner/work/Unitary-Manifold-/Unitary-Manifold-/src/core/pillar183_cl_spectrum_subleading.py in 150ms
[2026-10-05 03:49:17] [build-stdout] [INFO] [1] Extracted file /home/runner/work/Unitary-Manifold-/Unitary-Manifold-/src/core/wdw_full_5d.py in 698ms
[2026-10-05 03:49:17] [build-stdout] [INFO] [4] Extracted file /home/runner/work/Unitary-Manifold-/Unitary-Manifold-/src/core/pillar774_np_bc1_ac_tightening.py in 238ms
[2026-10-05 03:49:17] [build-stdout] [INFO] [3] Extracted file /home/runner/work/Unitary-Manifold-/Unitary-Manifold-/src/visualization/geometry_viz.py in 409ms
[2026-10-05 03:49:17] [build-stdout] [INFO] [2] Extracted file /home/runner/work/Unitary-Manifold-/Unitary-Manifold-/src/core/decision_readiness_package_v128.py in 679ms
[2026-10-05 03:49:17] [build-stdout] [INFO] [4] Extracted file /home/runner/work/Unitary-Manifold-/Unitary-Manifold-/src/core/higgs_naturalness_5d_fixedpoint.py in 130ms
[2026-10-05 03:49:17] [build-stdout] [INFO] [4] Extracted file /home/runner/work/Unitary-Manifold-/Unitary-Manifold-/src/data/__init__.py in 2ms
[2026-10-05 03:49:17] [build-stdout] [INFO] [3] Extracted file /home/runner/work/Unitary-Manifold-/Unitary-Manifold-/src/core/pillar916_rung8_master_certificate.py in 175ms
[2026-10-05 03:49:17] [build-stdout] [INFO] [4] Extracted file /home/runner/work/Unitary-Manifold-/Unitary-Manifold-/src/core/pillar593_dm21_v202_cascade_certificate.py in 142ms
[2026-10-05 03:49:17] [build-stdout] [INFO] [1] Extracted file /home/runner/work/Unitary-Manifold-/Unitary-Manifold-/src/core/pillar551_desi_dr3_tension_evolution.py in 307ms
[2026-10-05 03:49:17] [build-stdout] [INFO] [3] Extracted file /home/runner/work/Unitary-Manifold-/Unitary-Manifold-/src/sevend/pillar889_jarlskog_fn.py in 165ms
[2026-10-05 03:49:18] [build-stdout] [INFO] [1] Extracted file /home/runner/work/Unitary-Manifold-/Unitary-Manifold-/src/core/pillar604_ftheory_rung9_g4_flux_quantization.py in 74ms
[2026-10-05 03:49:18] [build-stdout] [INFO] [1] Extracted file /home/runner/work/Unitary-Manifold-/Unitary-Manifold-/src/governance/__init__.py in 12ms
[2026-10-05 03:49:18] [build-stdout] [INFO] [4] Extracted file /home/runner/work/Unitary-Manifold-/Unitary-Manifold-/src/core/pillar730_ckm_vub_nlo_kk_tower.py in 129ms
[2026-10-05 03:49:18] [build-stdout] [INFO] [4] Extracted file /home/runner/work/Unitary-Manifold-/Unitary-Manifold-/src/core/gw_birefringence.py in 202ms
[2026-10-05 03:49:18] [build-stdout] [INFO] [1] Extracted file /home/runner/work/Unitary-Manifold-/Unitary-Manifold-/src/core/pillar352_swampland_nw_bound.py in 258ms
[2026-10-05 03:49:18] [build-stdout] [INFO] [4] Extracted file /home/runner/work/Unitary-Manifold-/Unitary-Manifold-/src/core/pillar270_orbifold_kawamura_equivalence.py in 130ms
[2026-10-05 03:49:18] [build-stdout] [INFO] [4] Extracted file /home/runner/work/Unitary-Manifold-/Unitary-Manifold-/claims/integer_derivation/README.md in 1ms
[2026-10-05 03:49:18] [build-stdout] [INFO] [1] Extracted file /home/runner/work/Unitary-Manifold-/Unitary-Manifold-/src/core/pillar739_desi_wa_analytic_no_go_theorem.py in 115ms
[2026-10-05 03:49:18] [build-stdout] [INFO] [2] Extracted file /home/runner/work/Unitary-Manifold-/Unitary-Manifold-/src/quantum/fh_lattice.py in 709ms
[2026-10-05 03:49:18] [build-stdout] [INFO] [4] Extracted file /home/runner/work/Unitary-Manifold-/Unitary-Manifold-/src/core/pillar882_lean4_ckm_pmns_unified.py in 79ms
[2026-10-05 03:49:18] [build-stdout] [INFO] [1] Extracted file /home/runner/work/Unitary-Manifold-/Unitary-Manifold-/src/core/cl_geometric_spectrum.py in 197ms
[2026-10-05 03:49:18] [build-stdout] [INFO] [3] Extracted file /home/runner/work/Unitary-Manifold-/Unitary-Manifold-/src/core/fermion_mass_absolute.py in 704ms
[2026-10-05 03:49:18] [build-stdout] [INFO] [4] Extracted file /home/runner/work/Unitary-Manifold-/Unitary-Manifold-/src/core/pillar259_residual_geometry_operator.py in 386ms
[2026-10-05 03:49:18] [build-stdout] [INFO] [2] Extracted file /home/runner/work/Unitary-Manifold-/Unitary-Manifold-/src/core/pillar383_pmns_pr_geometric_bound.py in 409ms
[2026-10-05 03:49:18] [build-stdout] [INFO] [4] Extracted file /home/runner/work/Unitary-Manifold-/Unitary-Manifold-/src/core/pillar653_desi_dr3_live_routing_protocol.py in 135ms
[2026-10-05 03:49:19] [build-stdout] [INFO] [3] Extracted file /home/runner/work/Unitary-Manifold-/Unitary-Manifold-/src/core/pillar374_full_zphi_cmb_power_spectrum.py in 323ms
[2026-10-05 03:49:19] [build-stdout] [INFO] [1] Extracted file /home/runner/work/Unitary-Manifold-/Unitary-Manifold-/src/core/pillar1059_sprint_cc_status_coherence_certificate.py in 527ms
[2026-10-05 03:49:19] [build-stdout] [INFO] [3] Extracted file /home/runner/work/Unitary-Manifold-/Unitary-Manifold-/src/core/pillar470_kk_graviton_unitarity_bound.py in 170ms
[2026-10-05 03:49:19] [build-stdout] [INFO] [4] Extracted file /home/runner/work/Unitary-Manifold-/Unitary-Manifold-/src/core/pillar688_pmns_theta23_atmospheric_kk_overlap.py in 219ms
[2026-10-05 03:49:19] [build-stdout] [INFO] [1] Extracted file /home/runner/work/Unitary-Manifold-/Unitary-Manifold-/src/core/pillar952_observational_readiness_v4.py in 206ms
[2026-10-05 03:49:19] [build-stdout] [INFO] [2] Extracted file /home/runner/work/Unitary-Manifold-/Unitary-Manifold-/src/core/formal_bridge_schema.py in 503ms
[2026-10-05 03:49:19] [build-stdout] [INFO] [4] Extracted file /home/runner/work/Unitary-Manifold-/Unitary-Manifold-/src/core/pillar1031_sprint_bw_three_lane_execution_certificate.py in 198ms
[2026-10-05 03:49:19] [build-stdout] [INFO] [1] Extracted file /home/runner/work/Unitary-Manifold-/Unitary-Manifold-/src/core/pillar804_su3_internal_derivation.py in 134ms
[2026-10-05 03:49:19] [build-stdout] [INFO] [3] Extracted file /home/runner/work/Unitary-Manifold-/Unitary-Manifold-/src/core/um_sos_registry.py in 276ms
[2026-10-05 03:49:19] [build-stdout] [INFO] [3] Extracted file /home/runner/work/Unitary-Manifold-/Unitary-Manifold-/src/biology/AXIOMZERO_NOTICE.md in 1ms
[2026-10-05 03:49:19] [build-stdout] [INFO] [3] Extracted file /home/runner/work/Unitary-Manifold-/Unitary-Manifold-/claims/tensor_ratio_fix/__init__.py in 3ms
[2026-10-05 03:49:19] [build-stdout] [INFO] [1] Extracted file /home/runner/work/Unitary-Manifold-/Unitary-Manifold-/src/core/pillar989_flavor_closure_geometric_layer.py in 116ms
[2026-10-05 03:49:19] [build-stdout] [INFO] [3] Extracted file /home/runner/work/Unitary-Manifold-/Unitary-Manifold-/src/core/pillar810_sprint_au_regression_certificate.py in 138ms
[2026-10-05 03:49:19] [build-stdout] [INFO] [2] Extracted file /home/runner/work/Unitary-Manifold-/Unitary-Manifold-/src/core/anomaly_inflow_3sector.py in 251ms
[2026-10-05 03:49:19] [build-stdout] [INFO] [3] Extracted file /home/runner/work/Unitary-Manifold-/Unitary-Manifold-/src/core/pillar1022_su3_orbifold_lean4_kernel.py in 103ms
[2026-10-05 03:49:19] [build-stdout] [INFO] [4] Extracted file /home/runner/work/Unitary-Manifold-/Unitary-Manifold-/src/core/matter_power_spectrum.py in 445ms
[2026-10-05 03:49:20] [build-stdout] [INFO] [1] Extracted file /home/runner/work/Unitary-Manifold-/Unitary-Manifold-/src/core/pillar406_ghy_boundary_c5_closure.py in 447ms
[2026-10-05 03:49:20] [build-stdout] [INFO] [3] Extracted file /home/runner/work/Unitary-Manifold-/Unitary-Manifold-/src/core/cmb_acoustic_peak_audit.py in 384ms
[2026-10-05 03:49:20] [build-stdout] [INFO] [2] Extracted file /home/runner/work/Unitary-Manifold-/Unitary-Manifold-/src/core/neutrino_rge_bridge.py in 487ms
[2026-10-05 03:49:20] [build-stdout] [INFO] [4] Extracted file /home/runner/work/Unitary-Manifold-/Unitary-Manifold-/src/core/pillar240_precision_agriculture_food_security_command.py in 362ms
[2026-10-05 03:49:20] [build-stdout] [INFO] [4] Extracted file /home/runner/work/Unitary-Manifold-/Unitary-Manifold-/src/core/pillar458_lean4_compilation_status.py in 125ms
[2026-10-05 03:49:20] [build-stdout] [INFO] [1] Extracted file /home/runner/work/Unitary-Manifold-/Unitary-Manifold-/src/core/pillar545_lean4_proof_advancement.py in 314ms
[2026-10-05 03:49:20] [build-stdout] [INFO] [2] Extracted file /home/runner/work/Unitary-Manifold-/Unitary-Manifold-/src/core/alpha_gw_5d_operator_audit.py in 313ms
[2026-10-05 03:49:20] [build-stdout] [INFO] [1] Extracted file /home/runner/work/Unitary-Manifold-/Unitary-Manifold-/src/core/pillar595_v202_regression_certificate.py in 93ms
[2026-10-05 03:49:20] [build-stdout] [INFO] [1] Skipped built-in file /opt/hostedtoolcache/Python/3.12.14/x64/lib/python3.12/shlex.py
[2026-10-05 03:49:20] [build-stdout] [INFO] [3] Extracted file /home/runner/work/Unitary-Manifold-/Unitary-Manifold-/src/eleventd/p_r_unconditional.py in 324ms
[2026-10-05 03:49:20] [build-stdout] [INFO] [4] Extracted file /home/runner/work/Unitary-Manifold-/Unitary-Manifold-/src/core/pillar725_lean4_braid_uniqueness_algebraic.py in 89ms
[2026-10-05 03:49:20] [build-stdout] [INFO] [1] Extracted file /home/runner/work/Unitary-Manifold-/Unitary-Manifold-/src/core/pillar1111_lane1_action_to_evolution_closure_attempt.py in 312ms
[2026-10-05 03:49:20] [build-stdout] [INFO] [2] Extracted file /home/runner/work/Unitary-Manifold-/Unitary-Manifold-/src/core/pillar407_braid_step_uniqueness.py in 398ms
[2026-10-05 03:49:20] [build-stdout] [INFO] [4] Extracted file /home/runner/work/Unitary-Manifold-/Unitary-Manifold-/src/sevend/discrete_torsion_cp.py in 390ms
[2026-10-05 03:49:20] [build-stdout] [INFO] [1] Extracted file /home/runner/work/Unitary-Manifold-/Unitary-Manifold-/src/core/pillar1077_sprint_cf_regression_certificate.py in 172ms
[2026-10-05 03:49:20] [build-stdout] [INFO] [2] Extracted file /home/runner/work/Unitary-Manifold-/Unitary-Manifold-/src/core/pillar947_lean4_sprint_bg_bridge.py in 151ms
[2026-10-05 03:49:20] [build-stdout] [INFO] [1] Extracted file /home/runner/work/Unitary-Manifold-/Unitary-Manifold-/src/core/gu_dimension_cascade.py in 65ms
[2026-10-05 03:49:21] [build-stdout] [INFO] [1] Extracted file /home/runner/work/Unitary-Manifold-/Unitary-Manifold-/src/core/pillar724_lean4_warpfactor_uniqueness.py in 48ms
[2026-10-05 03:49:21] [build-stdout] [INFO] [4] Extracted file /home/runner/work/Unitary-Manifold-/Unitary-Manifold-/src/core/pillar860_sprint_ba_regression_certificate.py in 213ms
[2026-10-05 03:49:21] [build-stdout] [INFO] [4] Extracted file /home/runner/work/Unitary-Manifold-/Unitary-Manifold-/src/core/pillar944_fermion_mass_ratio_13d_warp_audit.py in 222ms
[2026-10-05 03:49:21] [build-stdout] [INFO] [2] Extracted file /home/runner/work/Unitary-Manifold-/Unitary-Manifold-/src/core/maxwell_kk_reduction.py in 295ms
[2026-10-05 03:49:21] [build-stdout] [INFO] [2] Skipped built-in file /opt/hostedtoolcache/Python/3.12.14/x64/lib/python3.12/typing.py
[2026-10-05 03:49:21] [build-stdout] [INFO] [4] Extracted file /home/runner/work/Unitary-Manifold-/Unitary-Manifold-/src/core/pillar791_sprint_v231_regression_certificate.py in 74ms
[2026-10-05 03:49:21] [build-stdout] [INFO] [1] Extracted file /home/runner/work/Unitary-Manifold-/Unitary-Manifold-/src/core/pillar444_cmbs4_prediction_package.py in 468ms
[2026-10-05 03:49:21] [build-stdout] [INFO] [3] Extracted file /home/runner/work/Unitary-Manifold-/Unitary-Manifold-/src/core/pillar356_spectral_envelope_zphi_k.py in 1096ms
[2026-10-05 03:49:21] [build-stdout] [INFO] [4] Extracted file /home/runner/work/Unitary-Manifold-/Unitary-Manifold-/src/core/pillar801_desy5_falsification_audit.py in 251ms
[2026-10-05 03:49:21] [build-stdout] [INFO] [4] Extracted module cmath in 19ms
[2026-10-05 03:49:21] [build-stdout] [INFO] [2] Extracted file /home/runner/work/Unitary-Manifold-/Unitary-Manifold-/src/core/adm_ricci_flow.py in 400ms
[2026-10-05 03:49:21] [build-stdout] [INFO] [1] Extracted file /home/runner/work/Unitary-Manifold-/Unitary-Manifold-/src/core/pillar436_proton_decay_hyperK.py in 197ms
[2026-10-05 03:49:21] [build-stdout] [INFO] [4] Extracted file /home/runner/work/Unitary-Manifold-/Unitary-Manifold-/src/core/p20_theta13_derived_cert.py in 113ms
[2026-10-05 03:49:21] [build-stdout] [INFO] [2] Extracted file /home/runner/work/Unitary-Manifold-/Unitary-Manifold-/src/core/cdt_hausdorff_correspondence.py in 120ms
[2026-10-05 03:49:21] [build-stdout] [INFO] [3] Extracted file /home/runner/work/Unitary-Manifold-/Unitary-Manifold-/src/core/pillar865_alphas_7d_kahler_constraint.py in 278ms
[2026-10-05 03:49:21] [build-stdout] [INFO] [3] Extracted file /home/runner/work/Unitary-Manifold-/Unitary-Manifold-/src/core/pillar915_cmb_amp_13d_radion.py in 80ms
[2026-10-05 03:49:21] [build-stdout] [INFO] [1] Extracted file /home/runner/work/Unitary-Manifold-/Unitary-Manifold-/src/core/pillar552_arxiv_ledger_sync.py in 193ms
[2026-10-05 03:49:21] [build-stdout] [INFO] [2] Extracted file /home/runner/work/Unitary-Manifold-/Unitary-Manifold-/src/core/p15_delta_cp_derived_cert.py in 115ms
[2026-10-05 03:49:21] [build-stdout] [INFO] [4] Extracted file /home/runner/work/Unitary-Manifold-/Unitary-Manifold-/src/core/aps_geometric_proof.py in 236ms
[2026-10-05 03:49:22] [build-stdout] [INFO] [1] Extracted file /home/runner/work/Unitary-Manifold-/Unitary-Manifold-/src/chemistry/periodic.py in 120ms
[2026-10-05 03:49:22] [build-stdout] [INFO] [3] Extracted file /home/runner/work/Unitary-Manifold-/Unitary-Manifold-/src/core/pillar880_birefringence_litebird_prep.py in 145ms
[2026-10-05 03:49:22] [build-stdout] [INFO] [2] Extracted file /home/runner/work/Unitary-Manifold-/Unitary-Manifold-/src/core/pillar883_lean4_architecture_limits_registry.py in 193ms
[2026-10-05 03:49:22] [build-stdout] [INFO] [1] Extracted file /home/runner/work/Unitary-Manifold-/Unitary-Manifold-/src/quantum/um_kk_fh_bridge.py in 80ms
[2026-10-05 03:49:22] [build-stdout] [INFO] [4] Extracted file /home/runner/work/Unitary-Manifold-/Unitary-Manifold-/src/core/pillar363_lambda5_derivation.py in 159ms
[2026-10-05 03:49:22] [build-stdout] [INFO] [3] Extracted file /home/runner/work/Unitary-Manifold-/Unitary-Manifold-/src/core/pillar446_l2_gamma_np_phase2.py in 174ms
[2026-10-05 03:49:22] [build-stdout] [INFO] [4] Extracted file /home/runner/work/Unitary-Manifold-/Unitary-Manifold-/src/core/pillar1128_sprint_cv_master_integration_certificate.py in 116ms
[2026-10-05 03:49:22] [build-stdout] [INFO] [1] Extracted file /home/runner/work/Unitary-Manifold-/Unitary-Manifold-/src/core/pillar1051_merge_gate_baseline_lock.py in 200ms
[2026-10-05 03:49:22] [build-stdout] [INFO] [2] Extracted file /home/runner/work/Unitary-Manifold-/Unitary-Manifold-/src/governance/stability.py in 236ms
[2026-10-05 03:49:22] [build-stdout] [INFO] [1] Extracted file /home/runner/work/Unitary-Manifold-/Unitary-Manifold-/src/sixd/pillar183_cl_spectrum_6d.py in 132ms
[2026-10-05 03:49:22] [build-stdout] [INFO] [2] Extracted file /home/runner/work/Unitary-Manifold-/Unitary-Manifold-/src/core/pillar705_higgs_6d_radiative_corrections.py in 184ms
[2026-10-05 03:49:22] [build-stdout] [INFO] [3] Extracted file /home/runner/work/Unitary-Manifold-/Unitary-Manifold-/src/core/sprint_completion_gate.py in 392ms
